turn_id,part,speaker,dialogue,method,source_text
KANKAL_01_0043,1,Unknown,", 'बहुत ही जल्द। तुम्हारे लिए अच्छा-अच्छी गुड़िया लेकर आऊँगा।'",attribution,"उसने कहा, 'बहुत ही जल्द। तुम्हारे लिए अच्छा-अच्छी गुड़िया लेकर आऊँगा।'"
KANKAL_01_0061,1,Unknown,", 'उठो, तुम यहाँ क्यों आयीं?'",attribution,"रमणी चुपचाप समीप चली आयी। साष्टांग प्रणाम किया। तपस्वी चुप था, वह क्रोध से भरा हुआ था; परन्तु न जाने क्यों उसे तिरस्कार करने का साहस न हुआ। उसने कहा, 'उठो, तुम यहाँ क्यों आयीं?'"
KANKAL_01_0073,1,Unknown,", 'तुम घबराओ मत, मैं यहाँ कुछ दिन रहूँगी। मुझे एक ब्राह्मणी चाहिए ही, तुम मेरे पास रहो। मैं तुम्हें बहन के समान रखूँगी।'",attribution,"किशोरी ने उसके एक-एक अक्षर का विश्वास किया; क्योंकि वह देखती है कि परदेश में उसके पति ने उसे छोड़ दिया और स्वयं चला गया। उसने कहा, 'तुम घबराओ मत, मैं यहाँ कुछ दिन रहूँगी। मुझे एक ब्राह्मणी चाहिए ही, तुम मेरे पास रहो। मैं तुम्हें बहन के समान रखूँगी।'"
KANKAL_02_0067,2,Unknown,", 'मंगल, तुम्हारा इसमें कोई गूढ़ उद्देश्य होगा। मुझे तुम्हारे ऊपर इतना विश्वास है कि मैं कभी स्वप्न में भी नहीं सोच सकता कि तुम्हारा पद-स्खलन होगा; परन्तु फिर भी मैं कम्पित हो रहा हूँ।'",attribution,"'वीरेन्द्र जैसे आश्चर्यचकित हो गया। उसने कहा, 'मंगल, तुम्हारा इसमें कोई गूढ़ उद्देश्य होगा। मुझे तुम्हारे ऊपर इतना विश्वास है कि मैं कभी स्वप्न में भी नहीं सोच सकता कि तुम्हारा पद-स्खलन होगा; परन्तु फिर भी मैं कम्पित हो रहा हूँ।'"
KANKAL_02_0074,2,Unknown,"ँ, 'हाँ-हाँ, कुछ काम में फँस गया था, आज मैं अवश्य आता; पर क्या करूँ मेरे एक मित्र साथ में हैं। वह मेरा आना-जाना नहीं जानते। यदि वे चले गये, तो आज ही आऊँगा, नहीं तो फिर किसी दिन।'",attribution,"मंगल दुविधा में पड़ गया। उसकी इच्छा हुई कि कुछ उत्तर न दे। फिर सोचा-अरे मंगल, तू तो इसीलिए यहाँ रह गया है! उसने कहाँ, 'हाँ-हाँ, कुछ काम में फँस गया था, आज मैं अवश्य आता; पर क्या करूँ मेरे एक मित्र साथ में हैं। वह मेरा आना-जाना नहीं जानते। यदि वे चले गये, तो आज ही आऊँगा, नहीं तो फिर किसी दिन।'"
KANKAL_02_0077,2,Unknown,", 'अच्छी बात है।'",attribution,"'कर्तव्यनिष्ठ मंगल ने विचार किया-ठीक तो है। उसने कहा, 'अच्छी बात है।'"
KANKAL_03_0087,3,एक,", 'सच बताना रामू यहाँ आया है पड़ोस के लड़के थे, तारा ने हँस दिया, रामू पकड़ गया। तारा ने तीनों को एक-एक मिठाई दी। खूब हँसी होती रही।",attribution,"तारा एक दिन बैठी कसीदा काढ़ रही थी। धम-धम का शब्द हुआ। दोपहर था, आँख उठाकर देखा... एक बालक दौड़ा हुआ आकर दालान में छिप गया। उपवन के किवाड़ तो खुले ही थे, और भी दो लड़के पीछे-पीछे आये। पहला बालक सिमटकर सबकी आँखों की ओट हो जाना चाहता था। तारा कुतूहल से देखने लगी। उसने संकेत से मना किया कि बतावे न। तारा हँसने लगी। दोनों के खोजने वाले लड़के ताड़ गये। एक ने पूछा, 'सच बताना रामू यहाँ आया है पड़ोस के लड़के थे, तारा ने हँस दिया, रामू पकड़ गया। तारा ने तीनों को एक-एक मिठाई दी। खूब हँसी होती रही।"
KANKAL_03_0093,3,वह,", 'क्या मंगलदेव ब्याह करने पर प्रस्तुत नहीं होते?'",attribution,"सुभद्रा रुक गयी। तारा के कपोल लाल हो गये। उसकी ओर कनखियों से देख रही थी। वह बोली, 'क्या मंगलदेव ब्याह करने पर प्रस्तुत नहीं होते?'"
KANKAL_03_0096,3,Unknown,", 'न देखे समाज भले ही, मैं किसी से कुछ चाहती तो नहीं; पर मैं अपने ब्याह का प्रस्ताव किसी से नहीं कर सकती।'",attribution,"तारा को जैसे किसी ने चुटकी काट ली। उसने कहा, 'न देखे समाज भले ही, मैं किसी से कुछ चाहती तो नहीं; पर मैं अपने ब्याह का प्रस्ताव किसी से नहीं कर सकती।'"
KANKAL_03_0133,3,वह,", 'चाची!'",attribution,"मंगल को क्रोध और लज्जा के साथ घृणा भी हुई। चाची ने अपना आँचल सँभालते हुए तीखे कटाक्षों से मंगल की ओर देखा। मंगल मर्माहत होकर रह गया। वह बोला, 'चाची!'"
KANKAL_05_0049,5,Unknown,", 'आपके यहाँ आने में कोई बाधा तो नहीं।'",attribution,"विजय उसके स्वच्छन्द व्यवहार और स्वतन्त्र आचरण को चकित होकर देख रहा था। उसके मन में इस युवक के प्रति अकारण श्रद्धा उत्पन्न हुई। उसकी मित्रता के लिए वह चंचल हो उठा। उसने पूछा, 'आपके यहाँ आने में कोई बाधा तो नहीं।'"
KANKAL_05_0054,5,वह,"कि-मन एकाग्र करने के लिए हिन्दुओं के यहाँ यह एक अच्छी चाल है। विजय तीव्र से विरोध करता हुआ कह उठा-इसमें अनेक दोष हैं, केवल एक अच्छे फल के लिए बहुत से दोष करते रहना अन्याय है। मंगल ने कहा-अच्छा फिर किसी दिन समझाऊँगा।",attribution,"विजय ने एक बार आकर देखा, दर्शन किया, प्रसाद लेकर जाना चाहता था कि समाने बैठी हुई सुन्दरियों के झुण्ड पर सहसा दृष्टि पड़ गयी। वह रुक गया। उसकी इच्छा हुई कि बैठ जाये; परन्तु माता के सामने बैठने का साहस न हुआ। जाकर अपने कमरे में लेटा रहा। अकस्मात् उसके मन में मंगलदेव का स्मरण हो गया। वह रहस्यपूर्ण युवक के चारों ओर उसके विचार लिपट गये; परन्तु वह मंगल के सम्बन्ध में कुछ निश्चित नहीं कर सका, केवल एक बात उसके मन में जग रही थी-मंगल की मित्रता उसे वांछित है। वह सो गया। स्कूल में पढ़ने वाला विजय इस अपने उत्सवों की प्रामाणिकता की जाँच स्वप्न में करने लगा। मंगल से इसके सम्बन्ध में विवाद चलता रहा। वह कहता कि-मन एकाग्र करने के लिए हिन्दुओं के यहाँ यह एक अच्छी चाल है। विजय तीव्र से विरोध करता हुआ कह उठा-इसमें अनेक दोष हैं, केवल एक अच्छे फल के लिए बहुत से दोष करते रहना अन्याय है। मंगल ने कहा-अच्छा फिर किसी दिन समझाऊँगा।"
KANKAL_05_0067,5,Unknown,", 'मेरे सिर की सौगन्ध, कोई बीमारी नहीं है, तुम उठो, आज मैं तुम्हें निमंत्रण देने आया हूँ, मेरे यहाँ चलना होगा।'",attribution,"विजय को विश्वास न हुआ। उसने कहा, 'मेरे सिर की सौगन्ध, कोई बीमारी नहीं है, तुम उठो, आज मैं तुम्हें निमंत्रण देने आया हूँ, मेरे यहाँ चलना होगा।'"
KANKAL_06_0062,6,वह,", 'मंगल ने ठीक कहा है। विजय, तुमने अच्छा काम नहीं किया। सब लोगों का उत्साह ठण्डा पड़ गया। पूजा का आयोजन अस्त-व्यस्त हो गया।' किशोरी की आँखें भर आयी थीं, उसे बड़ा क्षोभ था; पर दुलार के कारण विजय को वह कुछ कहना नहीं चाहती थी।",attribution,"अब किशोरी भीतर चली गयी, जो बाहर खड़ी हुई दोनों की बातें सुन रही थी। वह बोली, 'मंगल ने ठीक कहा है। विजय, तुमने अच्छा काम नहीं किया। सब लोगों का उत्साह ठण्डा पड़ गया। पूजा का आयोजन अस्त-व्यस्त हो गया।' किशोरी की आँखें भर आयी थीं, उसे बड़ा क्षोभ था; पर दुलार के कारण विजय को वह कुछ कहना नहीं चाहती थी।"
KANKAL_06_0064,6,Unknown,", 'तुम तो अच्छे लड़के हो। देख तो विजय! मंगल की-सी बुद्धि सीख!'",attribution,"किशोरी प्रसन्न हो गयी। उसने कहा, 'तुम तो अच्छे लड़के हो। देख तो विजय! मंगल की-सी बुद्धि सीख!'"
KANKAL_07_0029,7,Unknown,", 'यमुना, तुमने तो समझा होगा कि बिना बादलों की बरसात कैसी ?'",attribution,"टप...टप...टप...टप...! यमुना चकित होकर खड़ी हो गयी। खिल-खिलाकर हँसने का शब्द हुआ। यमुना ने देखा-विजय खड़ा है! उसने कहा, 'यमुना, तुमने तो समझा होगा कि बिना बादलों की बरसात कैसी ?'"
KANKAL_07_0033,7,Unknown,", 'नहीं यमुना, तुम्हारे बिना तो मेरा, कहते-कहते रुककर कहा, 'प्रबन्ध ही न हो सकेगा-जलपान, पान स्नान सब अपूर्ण रहेगा।'",attribution,"इस बेबसी के उत्तर पर विजय के मन मे बड़ी सहानुभूति उत्पन्न हुई। उसने कहा, 'नहीं यमुना, तुम्हारे बिना तो मेरा, कहते-कहते रुककर कहा, 'प्रबन्ध ही न हो सकेगा-जलपान, पान स्नान सब अपूर्ण रहेगा।'"
KANKAL_07_0058,7,Unknown,", 'मुझे दोनों समय देखने का अवकाश नहीं, और आवश्यकता भी नहीं। यदि आप लोगों से स्वयं इतना भी नहीं हो सकता, तो डॉक्टर की दवा करनी व्यर्थ है।'",attribution,"डॉक्टर बहुत ही स्पष्टवादी और चिड़चिड़े स्वभाव का था और नगर में अपने काम में एक ही था। उसने कहा, 'मुझे दोनों समय देखने का अवकाश नहीं, और आवश्यकता भी नहीं। यदि आप लोगों से स्वयं इतना भी नहीं हो सकता, तो डॉक्टर की दवा करनी व्यर्थ है।'"
KANKAL_08_0038,8,Unknown,", 'विजय इसी से तुम्हारे हाथ का भी खाने लगा है, यमुना।'",attribution,"किशोरी चुपचाप इन लोगों की बात सुन रही थी। वह एक स्वार्थ से भरी चतुर स्त्री थी। स्वतन्त्रता से रहना चाहती थी, इसलिए लड़के को भी स्वतन्त्र होने में सहायता देती थी। कभी-कभी यमुना की धार्मिकता उसे असह्य हो जाती है; परन्तु अपना गौरव बनाये रखने के लिए वह उसका खण्डन न करती, क्योंकि बाह्य धर्माचरण दिखलाना ही उसके दुर्बल चरित्र का आवरण था। वह बराबर चाहती थी कि यमुना और विजय में गाढ़ा परिचय बढ़े और उसके लिए वह अवसर भी देती। उसने कहा, 'विजय इसी से तुम्हारे हाथ का भी खाने लगा है, यमुना।'"
KANKAL_08_0072,8,Unknown,", 'मंगल ही नहीं, सब पुरुष राक्षस हैं; देवता कदापि नहीं हो सकते।' वह दूसरी ओर उठकर चली गयी।",attribution,"यमुना भीतर पीलीभीत के चावल बीन रही थी-खीर बनाने के लिए। उसके रोएँ खड़े हो गये। मंगल क्या देवता है! उसी समय उसे तिरस्कृत हृदय-पिण्ड का ध्यान आ गया। उसने मन में सोचा-पुरुष को उसकी क्या चिंता हो सकती है, वह तो अपना सुख विसर्जित कर देता है; जिसे अपने रक्त से उस सुख को खींचना पड़ता है, वही तो उसकी व्यथा जानेगा! उसने कहा, 'मंगल ही नहीं, सब पुरुष राक्षस हैं; देवता कदापि नहीं हो सकते।' वह दूसरी ओर उठकर चली गयी।"
KANKAL_09_0028,9,Unknown,", 'बाबूजी आप तो बड़ा अच्छा हारमोनियम बजाते है।' पास ही बैठ गयी।",attribution,"अँधेरा हो गया था, वह कदम्ब के नीचे बैठा हारमोनियम बजा रहा था। चंचल घण्टी चली आयी। उसने कहा, 'बाबूजी आप तो बड़ा अच्छा हारमोनियम बजाते है।' पास ही बैठ गयी।"
KANKAL_09_0083,9,Unknown,", 'कहाँ विजय बाबू?'",attribution,"घण्टी ताँगे के पास चली आयी। उसने पूछा, 'कहाँ विजय बाबू?'"
KANKAL_10_0039,10,Unknown,", 'तुमने ठीक नहीं समझा। पापों का पश्चात्ताप द्वारा प्रायश्चित्त होने पर शीघ्र ही उन कर्मों को यीशु क्षमा करता है, और इसके लिए उसने अपना अग्रिम रक्त जमा कर दिया है।'",attribution,"पादरी चौंक उठा। उसने कहा, 'तुमने ठीक नहीं समझा। पापों का पश्चात्ताप द्वारा प्रायश्चित्त होने पर शीघ्र ही उन कर्मों को यीशु क्षमा करता है, और इसके लिए उसने अपना अग्रिम रक्त जमा कर दिया है।'"
KANKAL_10_0041,10,Unknown,", 'अभी नहीं सरला! कभी तुम इस सत्य को समझोगी। तुम मनुष्य के पश्चात्ताप के एक दीर्घ निःश्वास का मूल्य नहीं जानती हो, प्रार्थना से झुकी हुई आँखों के आँसू की एक बूँद का रहस्य तुम नहीं समझती।'",attribution,"एक क्षण के लिए पादरी चुप रहा। उसका मुँह तमतमा उठा। उसने कहा, 'अभी नहीं सरला! कभी तुम इस सत्य को समझोगी। तुम मनुष्य के पश्चात्ताप के एक दीर्घ निःश्वास का मूल्य नहीं जानती हो, प्रार्थना से झुकी हुई आँखों के आँसू की एक बूँद का रहस्य तुम नहीं समझती।'"
KANKAL_11_0029,11,Unknown,", 'क्या आप के भी कोई पुत्र था?'",attribution,"विजय को आश्चर्य हुआ। उसने कहा, 'क्या आप के भी कोई पुत्र था?'"
KANKAL_11_0033,11,Unknown,", 'भाई, मुझे अपनी राम कहानी तो सुनाओ।'",attribution,"विजय विस्मय देख रहा था कि अंधे की फूटी आँखों से आँसू बह रहे हैं। उसने कहा, 'भाई, मुझे अपनी राम कहानी तो सुनाओ।'"
KANKAL_11_0035,11,Unknown,"तुम किसी से कहना मत, एक महीने बाद मकर-संक्रांति के योग में यह किया जा सकता है। वहीं पर गंगा समुद्र हो जाती है, फिर लड़की से लड़का क्यों नहीं होगा, उसके मन में यह बात बैठ गयी। हम लोग ठीक समय पर गंगा सागर पहुँचे। मैंने अपना लक्ष्य ढूँढ़ना आरम्भ किया। उसे मन ही मन में ठीक कर लिया। उस विधवा से लड़की लेकर मैं सिद्धि के लिए एकांत में गया-वन में किनारे पर जा पहुँच गया। पुलिस उधर लोगों को जाने नहीं देती। उसकी आँखों से बचकर मै जंगल की हरियाली में चला गया। थोड़ी देर में दौड़ता हुआ मेले की ओर आया और उस समय में बराबर चिल्ला रहा था, 'बाघ! बाघ! लोग भयभीत होकर भागने लगे। मैंने देखा कि मेरा निश्चित बालक वहीं पड़ा है। उसकी माँ अपने साथियों को उसे दिखाकर किसी आवश्यक काम से दो चार मिनट के लिए हट गयी थी। उसी क्षण भगदड़ का प्रारम्भ हुआ था। मैंने झट उस लडकी को वहीं रखकर लड़के को उठा लिया और फिर कहने लगा-देखो, यह किसकी लड़की है। पर उस भीड़ में कौन किसकी सुनता था। मैं एक ही साँस में अपनी झोंपड़ी की ओर आया-और हँसते-हँसते विधवा की गोद में लड़की के बदले लड़का देकर अपने को सिद्ध प्रमाण्ति कर सका। यहाँ पर कहने की आवश्यकता नहीं कि वह स्त्री किस प्रकार उस लड़के को ले आयी। बच्चा भी छोटा था, ढँककर किसी प्रकार हम लोग निर्विघ्न लौट आये। विधवा को मैंने समझा दिया था कि तीन दिन तक कोई इसका मुँह न देख सके, नहीं तो फिर लड़की बन जाने की संभावना है। मैं बराबर उस मेले मे घूमता रहा और अब उस लड़की की खोज मे लग गया। पुलिस ने भी खोज की; पर उसका कोई लेने वाला नहीं मिला। मैंने देखा कि एक निस्संतान चौबे की विधवा ने उस लड़की को पुलिस वालों से पालने के लिए माँग लिया। और अब मैं इसके साथ चला, उसे दूसरे स्टीमर में बिठाकर ही मैंने साँस ली। सन्तान-प्राप्ति में मैं उसका सहायक था। मैंने देखा कि यही सरला, जो आज मुझे भिक्षा दे रही है, लड़के के लिए बराबर रोती रही; पर मेरा हृदय पत्थर था, न पिघला। लोगों ने बहुत कहा कि तू उस लड़की को पाल-पोस, पर उसे तो गोविन्दी चौबाइन की गोद में रहना था।",attribution,"उसने कहना तो आरम्भ किया-'हमारा घराना एक प्रतिष्ठित धर्मगुरुओं का था। बीसों गाँव के लोग हमारे यहाँ आते-जाते थे। हमारे पूर्वजों की तपस्या और त्याग से, यह मर्यादा मुझे उत्तराधिकार में मिली थी। वंशानुक्रम से हम लोग मंत्रोपदेष्टा होते आये थे। हमारे शिष्य सम्प्रदाय में यह विश्वास था कि सांसारिक आपदाएँ निवारण करने की हम लोगों की बहुत बड़ी रहस्यपूर्ण शक्ति है। रही होगी मेरे पूर्वजों में, परन्तु मैं उन सब गुणों से रहित था। मैं परले सिरे का धूर्त था। मुझे मंत्रों पर विश्वास न था, जितना अपने चुटकुलों पर। मैं चालाकी से भूत उतार देता, रोग अच्छे कर देता। वन्ध्या को संतान देता, ग्रहों की आकाश गति में परिवर्तन कर देता, व्यवसाय में लक्ष्मी की वर्षा कर देता। चाहे सफलता एक-दो को ही मिलती रही हो, परन्तु धाक में कमी नहीं थी। मैं कैसे क्या-क्या करता, उन सब घृणित बातों को न कहकर, केवल सरला के पुत्र की बात सुनाता हूँ-पाली गाँव में मेरा एक शिष्य था। उसने एक महीने की लड़की और अपनी युवती विधवा को छोड़कर अकाल में ही स्वर्ग यात्रा की। वह विधवा धनी थी, उसे पुत्र की बड़ी लालसा थी; परन्तु पति थे नहीं, पुनर्विवाह असम्भव था। उसके मन में किसी तरह यह बात बैठ गयी कि बाबाजी चाहे तो यही पुत्री पुत्र बन जायेगी। अपने इस प्रस्ताव को लेकर बड़े प्रलोभन के साथ वह मेरे पास आयी। मैंने देखा कि सुयोग है। उसने कहा-तुम किसी से कहना मत, एक महीने बाद मकर-संक्रांति के योग में यह किया जा सकता है। वहीं पर गंगा समुद्र हो जाती है, फिर लड़की से लड़का क्यों नहीं होगा, उसके मन में यह बात बैठ गयी। हम लोग ठीक समय पर गंगा सागर पहुँचे। मैंने अपना लक्ष्य ढूँढ़ना आरम्भ किया। उसे मन ही मन में ठीक कर लिया। उस विधवा से लड़की लेकर मैं सिद्धि के लिए एकांत में गया-वन में किनारे पर जा पहुँच गया। पुलिस उधर लोगों को जाने नहीं देती। उसकी आँखों से बचकर मै जंगल की हरियाली में चला गया। थोड़ी देर में दौड़ता हुआ मेले की ओर आया और उस समय में बराबर चिल्ला रहा था, 'बाघ! बाघ! लोग भयभीत होकर भागने लगे। मैंने देखा कि मेरा निश्चित बालक वहीं पड़ा है। उसकी माँ अपने साथियों को उसे दिखाकर किसी आवश्यक काम से दो चार मिनट के लिए हट गयी थी। उसी क्षण भगदड़ का प्रारम्भ हुआ था। मैंने झट उस लडकी को वहीं रखकर लड़के को उठा लिया और फिर कहने लगा-देखो, यह किसकी लड़की है। पर उस भीड़ में कौन किसकी सुनता था। मैं एक ही साँस में अपनी झोंपड़ी की ओर आया-और हँसते-हँसते विधवा की गोद में लड़की के बदले लड़का देकर अपने को सिद्ध प्रमाण्ति कर सका। यहाँ पर कहने की आवश्यकता नहीं कि वह स्त्री किस प्रकार उस लड़के को ले आयी। बच्चा भी छोटा था, ढँककर किसी प्रकार हम लोग निर्विघ्न लौट आये। विधवा को मैंने समझा दिया था कि तीन दिन तक कोई इसका मुँह न देख सके, नहीं तो फिर लड़की बन जाने की संभावना है। मैं बराबर उस मेले मे घूमता रहा और अब उस लड़की की खोज मे लग गया। पुलिस ने भी खोज की; पर उसका कोई लेने वाला नहीं मिला। मैंने देखा कि एक निस्संतान चौबे की विधवा ने उस लड़की को पुलिस वालों से पालने के लिए माँग लिया। और अब मैं इसके साथ चला, उसे दूसरे स्टीमर में बिठाकर ही मैंने साँस ली। सन्तान-प्राप्ति में मैं उसका सहायक था। मैंने देखा कि यही सरला, जो आज मुझे भिक्षा दे रही है, लड़के के लिए बराबर रोती रही; पर मेरा हृदय पत्थर था, न पिघला। लोगों ने बहुत कहा कि तू उस लड़की को पाल-पोस, पर उसे तो गोविन्दी चौबाइन की गोद में रहना था।"
KANKAL_14_0046,14,Unknown,", 'लतिका! मुझे तुमसे कुछ पूछना है।'",attribution,"उसी समय बाथम ने आकर दोनों को चकित कर दिया। उसने कहा, 'लतिका! मुझे तुमसे कुछ पूछना है।'"
KANKAL_14_0060,14,Unknown,", 'लौट जाओ बेटी! विजय, चलो! सब लोग चलें।'",attribution,"बुड्ढ़ा पादरी हँसने लगा। उसने कहा, 'लौट जाओ बेटी! विजय, चलो! सब लोग चलें।'"
KANKAL_15_0055,15,Unknown,", 'ऐसा कदापि नहीं होगा। अभी मेरे पास एक लाख रुपया है। मैं कम सूद पर तुम्हारी सब सम्पत्ति अपने यहाँ रख लूँगी। बोलो, फिर तो तुमको किसी दूसरे की बात न सुननी होगी।'",attribution,"चन्दा एक बार घूमकर खड़ी हो गयी। उसने कहा, 'ऐसा कदापि नहीं होगा। अभी मेरे पास एक लाख रुपया है। मैं कम सूद पर तुम्हारी सब सम्पत्ति अपने यहाँ रख लूँगी। बोलो, फिर तो तुमको किसी दूसरे की बात न सुननी होगी।'"
KANKAL_16_0042,16,Unknown,", 'किशोरी! रोने की तो कोई आवश्यकता नहीं।'",attribution,"श्रीचन्द्र साहस सँवलित करके उठ बैठा। डरते-डरते किशोरी ने उसके पैर पकड़ लिये। एकांत था। वह भी जी खोलकर रोई; पर श्रीचन्द्र को उस रोने से क्रोध ही हुआ, करुणा की झलक न आयी। उसने कहा, 'किशोरी! रोने की तो कोई आवश्यकता नहीं।'"
KANKAL_16_0047,16,Unknown,", 'आये होंगे किसी को घुमाने-फिराने, सुख बहार लेने!'",attribution,"अब स्त्री-सुलभ ईर्ष्या किशोरी के हृदय में जगी। उसने कहा, 'आये होंगे किसी को घुमाने-फिराने, सुख बहार लेने!'"
KANKAL_17_0038,17,Unknown,", 'अब तो प्रभात होने में विलंब नहीं; चलो कहीं किनारे उतरें और हाथ-मुँह धो लें।'",attribution,"विजय का सिर घूमने लगा। वह चाहता था कि घण्टी अपनी वक्तृता जहाँ तक सम्भव हो, शीघ्र बन्द कर दे। उसने कहा, 'अब तो प्रभात होने में विलंब नहीं; चलो कहीं किनारे उतरें और हाथ-मुँह धो लें।'"
KANKAL_17_0043,17,Unknown,", 'विजय, अब क्या होगा?'",attribution,"निरंजन दूर से यह कांड देख रहा था। अब अलग रहना उचित न समझकर वह भी पास आ गया। उसने कहा, 'विजय, अब क्या होगा?'"
KANKAL_17_0056,17,Unknown,"इन्स्पेक्टर ने कहा, 'यह स्वीकार करती है। इसे हिरासत में ले लो।'",named_dash,"सब-इन्स्पेक्टर ने कहा, 'यह स्वीकार करती है। इसे हिरासत में ले लो।'"
KANKAL_19_0039,19,Unknown,", 'सब घोडों को मलवाकर चारे-पानी का प्रबन्ध कर दो।'",attribution,"युवक समीप आ गया। बुड्ढे ने एक बार नीचे से ऊपर तक देखा। युवक के ऊपर सन्देह का कारण न मिला। उसने कहा, 'सब घोडों को मलवाकर चारे-पानी का प्रबन्ध कर दो।'"
KANKAL_20_0038,20,Unknown,", 'शबनम! देखो, यहाँ कोई अमीर टिका हुआ मालूम पड़ता है। ठंडी हो चुकी हो, तो चलो बेटी! कुछ मिल जाये तो अचरज नहीं।'",attribution,"ताल के किनारे, पत्थर की शिला पर, महुए की छाया में एक किशोरी और एक खसखसी दाढ़ीवाला मनुष्य, लम्बी सारंगी लिये, विश्राम कर रहे थे। बालिका की वयस चौदह से ऊपर नहीं; पुरुष पचास के समीप। वह देखने में मुसलमान जान पड़ता था। देहाती दृढ़ता उसके अंग-अंग से झलकती थी। घुटनों तक हाथ-पैर धो, मुँह पोंछकर एक बार अपने में आकर उसने आँखें फाड़कर देखा। उसने कहा, 'शबनम! देखो, यहाँ कोई अमीर टिका हुआ मालूम पड़ता है। ठंडी हो चुकी हो, तो चलो बेटी! कुछ मिल जाये तो अचरज नहीं।'"
KANKAL_20_0107,20,Unknown,", 'बेटी यह सब क्या?'",attribution,"सब आभूषण और मूल्यवान वस्तु सामने एकत्र कर मलका बैठी है। रहमत ने सहसा आकर देखा, उसकी आँखें चमक उठीं। उसने कहा, 'बेटी यह सब क्या?'"
KANKAL_21_0032,21,Unknown,", 'हाँ, आज सनीचर है न! हम लोग बाजार करने आये हैं।'",attribution,"उसने कहा, 'हाँ, आज सनीचर है न! हम लोग बाजार करने आये हैं।'"
KANKAL_22_0054,22,Unknown,", 'भीख दो बाबा! इस जन्म में कितने अपराध किये हैं-हे भगवान! अभी मौत नहीं आती।' चाची चमक उठीं। एक बार उसे ध्यान से देखने लगीं। सहसा पगली ने कहा, 'अरे, तुम मथुरा से यहाँ भी आ पहुँचे।'",attribution,"पगली और चाची जिस घाट पर बैठी थीं; वहाँ एक अन्धा भिखारी लठिया टेकता हुआ, उन लोगों के समीप आया। उसने कहा, 'भीख दो बाबा! इस जन्म में कितने अपराध किये हैं-हे भगवान! अभी मौत नहीं आती।' चाची चमक उठीं। एक बार उसे ध्यान से देखने लगीं। सहसा पगली ने कहा, 'अरे, तुम मथुरा से यहाँ भी आ पहुँचे।'"
KANKAL_22_0073,22,Unknown,", 'मुँह सम्भालकर बात करो बहू। मैं किसी से दबने वाली नहीं। मेरे सामने किसका साहस है, जो मेरी बेटी, मेरी घण्टी को आँख दिखलावे! आँख निकाल लूँ!'",attribution,"नन्दो तो पहले एक बार किशोरी की डाँट पर स्तब्ध रही; पर वह कब सहने वाली! उसने कहा, 'मुँह सम्भालकर बात करो बहू। मैं किसी से दबने वाली नहीं। मेरे सामने किसका साहस है, जो मेरी बेटी, मेरी घण्टी को आँख दिखलावे! आँख निकाल लूँ!'"
KANKAL_23_0036,23,Unknown,", 'तुम स्त्री-मनोवृत्ति को अच्छी तरह समझ सकती हो; परन्तु सम्भव है यहाँ भूल कर रही हो। सब स्त्रियाँ एक ही धातु की नहीं। देखो, मैं जहाँ तक उसके सम्बन्ध में जानता हूँ, तुम्हें सुनाता हूँ, वह एक निश्छल प्रेम पर विश्वास रखती थी और प्राकृतिक नियम से आवश्यक था कि एक युवती किसी भी युवक पर विश्वास करे; परन्तु वह अभागा युवक उस विश्वास का पात्र नहीं था। उसकी अत्यन्त आवश्यक और कठोर घड़ियों में युवक विचलित हो उठा। कहना न होगा कि उसे युवक ने उसके विश्वास को बुरी तरह ठुकराया। एकाकिनी उस आपत्ति की कटुता झेलने के लिए छोड़ दी गयी। बेचारी को एक सहारा भी मिला; परन्तु यह दूसरा युवक भी उसके साथ वही करने के लिए प्रस्तुत था, जो पहले युवक ने किया। वह फिर अपना आश्रय छोड़ने के लिये बाध्य हुई। उसने संघ की छाया में दिन बिताना निश्चित किया। एक दिन उसने देखा कि यही दूसरा युवक एक हत्या करके फाँसी पाने की आशा में हठ कर रहा है। उसने हटा लिया, आप शव के पास बैठी रही। पकड़ी गयी, तो हत्या का भार अपने सिर ले लिया। यद्यपि उसने स्पष्ट स्वीकार नहीं किया; परन्तु शासन को तो एक हत्या के बदले दूसरी हत्या करनी ही है। न्याय की यही समीप मिली, उसी पर अभियोग चल रहा है। मैं तो समझता हूँ कि वह हताश होकर जीवन दे रही है। उसका कारण प्रेम नहीं है, जैसा तुम समझ रही हो।'",attribution,"मंगल ने देखा कि अपने कथन में गाला एक सत्य का अनुभव कर रही है। उसने कहा, 'तुम स्त्री-मनोवृत्ति को अच्छी तरह समझ सकती हो; परन्तु सम्भव है यहाँ भूल कर रही हो। सब स्त्रियाँ एक ही धातु की नहीं। देखो, मैं जहाँ तक उसके सम्बन्ध में जानता हूँ, तुम्हें सुनाता हूँ, वह एक निश्छल प्रेम पर विश्वास रखती थी और प्राकृतिक नियम से आवश्यक था कि एक युवती किसी भी युवक पर विश्वास करे; परन्तु वह अभागा युवक उस विश्वास का पात्र नहीं था। उसकी अत्यन्त आवश्यक और कठोर घड़ियों में युवक विचलित हो उठा। कहना न होगा कि उसे युवक ने उसके विश्वास को बुरी तरह ठुकराया। एकाकिनी उस आपत्ति की कटुता झेलने के लिए छोड़ दी गयी। बेचारी को एक सहारा भी मिला; परन्तु यह दूसरा युवक भी उसके साथ वही करने के लिए प्रस्तुत था, जो पहले युवक ने किया। वह फिर अपना आश्रय छोड़ने के लिये बाध्य हुई। उसने संघ की छाया में दिन बिताना निश्चित किया। एक दिन उसने देखा कि यही दूसरा युवक एक हत्या करके फाँसी पाने की आशा में हठ कर रहा है। उसने हटा लिया, आप शव के पास बैठी रही। पकड़ी गयी, तो हत्या का भार अपने सिर ले लिया। यद्यपि उसने स्पष्ट स्वीकार नहीं किया; परन्तु शासन को तो एक हत्या के बदले दूसरी हत्या करनी ही है। न्याय की यही समीप मिली, उसी पर अभियोग चल रहा है। मैं तो समझता हूँ कि वह हताश होकर जीवन दे रही है। उसका कारण प्रेम नहीं है, जैसा तुम समझ रही हो।'"
KANKAL_23_0037,23,Unknown,", 'नारी जाति का निर्माण विधाता की एक झुँझलाहट है। मंगल! संसार-भर के पुरुष उससे कुछ लेना चाहते हैं, एक माता ही सहानुभूति रखती है; इसका कारण है उसका स्त्री होना। हाँ, तो उसने न्यायालय में अपना क्या वक्तव्य दिया?'",attribution,"गाला ने एक दीर्घ श्वास लिया। उसने कहा, 'नारी जाति का निर्माण विधाता की एक झुँझलाहट है। मंगल! संसार-भर के पुरुष उससे कुछ लेना चाहते हैं, एक माता ही सहानुभूति रखती है; इसका कारण है उसका स्त्री होना। हाँ, तो उसने न्यायालय में अपना क्या वक्तव्य दिया?'"
KANKAL_23_0038,23,Unknown,"पुरुष स्त्रियों पर सदैव अत्याचार करते हैं, कहीं नहीं सुना गया कि अमुक स्त्री ने अमुक पुरुष के प्रति ऐसा ही अन्याय किया; परन्तु पुरुषों का यह साधारण व्यवसाय है, स्त्रियों पर आक्रमण करना! जो अत्याचारी है, वह मारा गया। कहा जाता है कि न्याय के लिए न्यायालय सदैव प्रस्तुत रहता है; परन्तु अपराध हो जाने पर ही विचार करना उसका काम है। उस न्याय का अर्थ है किसी को दण्ड देना! किन्तु उसके नियम उस आपत्ति से नहीं बच सकते। सरकारी वकील कहते हैं-न्याय को अपने हाथ में लेकर तुम दूसरा अन्याय नहीं कर सकते; परन्तु उस क्षण की कल्पना कीजिये कि उसका सर्वस्व लुटा चाहता है और न्याय के रक्षक अपने आराम में हैं। वहाँ एक पत्थर का टुकड़ा ही आपत्तिग्रस्त की रक्षा कर सकता है। तब वह क्या करे, उसका भी उपयोग न करे! यदि आपके सुव्यवस्थित शासन में कुछ दूसरा नियम है, तो आप प्रसन्नता से मुझे फाँसी दे सकते हैं। मुझे और कुछ नहीं कहना।'-वह निर्भीक युवती इतना कहकर चुप हो गयी। न्यायाधीश दाँतों-तले ओठ दबाये चुप थे। साक्षी बुलाये गये। पुलिस ने दूसरे दिन उन्हें ले आने की प्रतिज्ञा की है। गाला! मैं तुमसे भी कहता हूँ कि 'चलो, इस विचित्र अभियोग को देखो; परन्तु यहाँ पाठशाला भी तो देखनी है। अबकी बार मुझे कई दिन लगेंगे!'",attribution,"उसने कहा-'पुरुष स्त्रियों पर सदैव अत्याचार करते हैं, कहीं नहीं सुना गया कि अमुक स्त्री ने अमुक पुरुष के प्रति ऐसा ही अन्याय किया; परन्तु पुरुषों का यह साधारण व्यवसाय है, स्त्रियों पर आक्रमण करना! जो अत्याचारी है, वह मारा गया। कहा जाता है कि न्याय के लिए न्यायालय सदैव प्रस्तुत रहता है; परन्तु अपराध हो जाने पर ही विचार करना उसका काम है। उस न्याय का अर्थ है किसी को दण्ड देना! किन्तु उसके नियम उस आपत्ति से नहीं बच सकते। सरकारी वकील कहते हैं-न्याय को अपने हाथ में लेकर तुम दूसरा अन्याय नहीं कर सकते; परन्तु उस क्षण की कल्पना कीजिये कि उसका सर्वस्व लुटा चाहता है और न्याय के रक्षक अपने आराम में हैं। वहाँ एक पत्थर का टुकड़ा ही आपत्तिग्रस्त की रक्षा कर सकता है। तब वह क्या करे, उसका भी उपयोग न करे! यदि आपके सुव्यवस्थित शासन में कुछ दूसरा नियम है, तो आप प्रसन्नता से मुझे फाँसी दे सकते हैं। मुझे और कुछ नहीं कहना।'-वह निर्भीक युवती इतना कहकर चुप हो गयी। न्यायाधीश दाँतों-तले ओठ दबाये चुप थे। साक्षी बुलाये गये। पुलिस ने दूसरे दिन उन्हें ले आने की प्रतिज्ञा की है। गाला! मैं तुमसे भी कहता हूँ कि 'चलो, इस विचित्र अभियोग को देखो; परन्तु यहाँ पाठशाला भी तो देखनी है। अबकी बार मुझे कई दिन लगेंगे!'"
KANKAL_24_0032,24,Unknown,", 'घण्टी! चलो हम तुमको खोजकर लाचार हो गये-आह डार्लिंग!'",attribution,"घण्टी के हृदय में सनसनी दौड़ गयी। उसने नन्दो का कन्धा पकड़ लिया। धर्म का व्याख्याता ईसाई, पशु के फंदे में अपना गला फाँसकर उछलने लगा। उसने कहा, 'घण्टी! चलो हम तुमको खोजकर लाचार हो गये-आह डार्लिंग!'"
KANKAL_26_0048,26,Unknown,", 'तो नये! यही तुम्हारी सम्पत्ति है न?'",attribution,"गाला ने देखा, नये के मन में एक तीव्र विराग और वाणी में व्यंग्य है। वह चुपचाप दिन भर खारी के तट पर बैठी हुई सोचती रही। सहसा उसने घूमकर देखा, नये अपने कुत्ते के साथ कम्बल पर बैठा है। उसने पूछा, 'तो नये! यही तुम्हारी सम्पत्ति है न?'"
KANKAL_27_0049,27,Unknown,", 'महाराज! मंगल का ज्वर भयानक हो गया है। वह गाला का नाम लेकर चौंक उठता है।'",attribution,"लतिका पास बैठी थी। उसने समझ लिया कि ज्वर की भीषणता में मंगल प्रलाप कर रहा है। वह घबरा उठी। सरला इतने में स्नान करके आ चुकी थी। लतिका ने प्रलाप की सूचना दी। सरला उसे वहीं रहने के लिए कहकर गोस्वामीजी के पास गयी। उसने कहा, 'महाराज! मंगल का ज्वर भयानक हो गया है। वह गाला का नाम लेकर चौंक उठता है।'"
KANKAL_27_0062,27,Unknown,", 'बड़ी दया महाराज! तो इसे ले जाकर बाँध दूँगी न",attribution,"उस व्यक्ति ने टटोलकर कोई वस्तु निकालकर सरला की ओर फेंक दी। सरला ने देखा, वह एक यंत्र है। उसने कहा, 'बड़ी दया महाराज! तो इसे ले जाकर बाँध दूँगी न"
KANKAL_27_0072,27,Unknown,", 'अभी माँ जी नहीं आयीं, उन्हें बुला लाऊँ!' कहकर सरला को खोजने के लिए वह चली।",attribution,"गाला लज्जित हुई। इतने सम्भ्रान्त मनुष्य और स्त्रियों के बीच आकर कानन-वासिनी ने लज्जा सीख ली थी। वह अपने स्त्रीत्व का अनुभव कर रही थी। उसके मुख पर विजय की मुस्कराहट थी। उसने कहा, 'अभी माँ जी नहीं आयीं, उन्हें बुला लाऊँ!' कहकर सरला को खोजने के लिए वह चली।"
KANKAL_30_0036,30,Unknown,", 'तुमने आज मेरे साथ बड़ा अन्याय किया बहन!'",attribution,"विजय के हाथ से रोटी गिर पड़ी। उसने कहा, 'तुमने आज मेरे साथ बड़ा अन्याय किया बहन!'"
KANKAL_30_0038,30,Unknown,", 'माँ मरण-सेज पर! देखूँगा यमुना परन्तु तुमने...!'",attribution,"विजय चुप था। उसके सामने ब्रह्मांड घूमने लगा। उसने कहा, 'माँ मरण-सेज पर! देखूँगा यमुना परन्तु तुमने...!'"
