turn_id,candidate_id,section,source_file,source_paragraph_index,source_paragraph,dialogue_text,speaker,speaker_status,confidence,attribution_method,attribution_evidence,review_reason
TITLI_TURN_00005,TITLI-CAND-000005,1.1,titli_01.html,17,"सिर झुकाए हुए, बंजो ने कहा—नमक और तेल से मुझे रोटी अच्छी लगती है बापू!",नमक और तेल से मुझे रोटी अच्छी लगती है बापू!,बंजो,ATTRIBUTED,HIGH,candidate_explicit_name,बंजो ने कहा,
TITLI_TURN_00007,TITLI-CAND-000007,1.1,titli_01.html,20,"डेढ़ सेर घुमची, एक बोझा महुआ का पत्ता और एक खांचा कंडा बाबाजी!–मधुवा ने हाथ जोड़कर कहा।","डेढ़ सेर घुमची, एक बोझा महुआ का पत्ता और एक खांचा कंडा बाबाजी!",मधुवा,ATTRIBUTED,HIGH,candidate_explicit_name,मधुवा ने हाथ जोड़कर कहा,
TITLI_TURN_00008,TITLI-CAND-000008,1.1,titli_01.html,24,"कहां चरावें, कुछ ऊसर-परती कहीं चरने के लिए बची भी है?—मधुवा ने कहा।","कहां चरावें, कुछ ऊसर-परती कहीं चरने के लिए बची भी है?",मधुवा,ATTRIBUTED,HIGH,candidate_explicit_name,मधुवा ने कहा,
TITLI_TURN_00014,TITLI-CAND-000014,1.1,titli_01.html,33,नहीं बापू! सुना दो मुझे वह अकाल की कहानी—बंजो ने मचलते हुए कहा।,नहीं बापू! सुना दो मुझे वह अकाल की कहानी,बंजो,ATTRIBUTED,HIGH,candidate_explicit_name,बंजो ने मचलते हुए कहा,
TITLI_TURN_00019,TITLI-CAND-000019,1.1,titli_01.html,60,"नीचे से इन्द्रदेव ने कहा—सच कहना शैला क्या चौबे का घुटना टूट गया? ओहो, तो कैसे वह इतनी दूर चलेगा! नहीं-नहीं, तुम हंसी करती हो।","सच कहना शैला क्या चौबे का घुटना टूट गया? ओहो, तो कैसे वह इतनी दूर चलेगा! नहीं-नहीं, तुम हंसी करती हो।",इन्द्रदेव,ATTRIBUTED,HIGH,candidate_explicit_name,इन्द्रदेव ने कहा,
TITLI_TURN_00021,TITLI-CAND-000021,1.1,titli_01.html,69,बंजो ने स्वयं ही कहा—पास ही झोपड़ी है। आप लोग वहीं तक चलिए; फिर जैसी इच्छा।,पास ही झोपड़ी है। आप लोग वहीं तक चलिए; फिर जैसी इच्छा।,बंजो,ATTRIBUTED,HIGH,candidate_explicit_name,बंजो ने स्वयं ही कहा,
TITLI_TURN_00022,TITLI-CAND-000022,1.1,titli_01.html,70,"सब बंजो के साथ मैदान के उस छोर पर जलने वाले दीपक के सम्मुख चले, जहां से ""बंजो! बंजो!” कहकर कोई पुकार रहा था। बंजो ने कहा—आती हूं!",आती हूं!,बंजो,ATTRIBUTED,HIGH,candidate_explicit_name,बंजो ने कहा,
TITLI_TURN_00027,TITLI-CAND-000027,1.1,titli_01.html,78,बंजो ने कहा-रहने दो बापू। मैं ही जाती हूं।,रहने दो बापू। मैं ही जाती हूं।,बंजो,ATTRIBUTED,HIGH,candidate_explicit_name,बंजो ने कहा,
TITLI_TURN_00028,TITLI-CAND-000028,1.1,titli_01.html,79,"शैला ने चौबेजी से कहा-तो आप यहीं रहिए, मैं जाकर सवारी भेजती हूं।","तो आप यहीं रहिए, मैं जाकर सवारी भेजती हूं।",शैला,ATTRIBUTED,HIGH,candidate_explicit_name,शैला ने चौबेजी से कहा,
TITLI_TURN_00029,TITLI-CAND-000029,1.1,titli_01.html,81,"इन्द्रदेव ने पुकारा-शैला! आओ, हम लोग चलें।","शैला! आओ, हम लोग चलें।",इन्द्रदेव,ATTRIBUTED,HIGH,candidate_explicit_name,इन्द्रदेव ने पुकारा,
TITLI_TURN_00033,TITLI-CAND-000033,1.2,titli_02.html,103,"सहसा एक लंबी-सी पतली-दुबली लड़की ने पास आकर कुछ याचना की। इन्द्रदेव ने गहरी दृष्टि से उस विवर्ण मुख को देखकर पूछा--क्यों, तुम्हारे पिता-माता नहीं हैं?","-क्यों, तुम्हारे पिता-माता नहीं हैं?",इन्द्रदेव,ATTRIBUTED,MEDIUM,named_dash_local_context,इन्द्रदेव,Single verified character immediately precedes dash dialogue.
TITLI_TURN_00036,TITLI-CAND-000036,1.2,titli_02.html,114,"वह घूमकर जाने के लिए तैयार थी कि इन्द्रदेव ने कहा—अच्छा सुनो तो, तुम पास के भोजनालय तक चलो, तुमको खाने के लिए, और मिल सका तो कोई भी दिलवादूंगा।","अच्छा सुनो तो, तुम पास के भोजनालय तक चलो, तुमको खाने के लिए, और मिल सका तो कोई भी दिलवादूंगा।",इन्द्रदेव,ATTRIBUTED,HIGH,candidate_explicit_name,इन्द्रदेव ने कहा,
TITLI_TURN_00039,TITLI-CAND-000039,1.2,titli_02.html,116,उसका अश्लील व्यंग्य इन्द्रदेव को व्यथित कर रहा था; किंतु शैला ने कहा—चलिए।,चलिए।,शैला,ATTRIBUTED,HIGH,candidate_explicit_name,शैला ने कहा,
TITLI_TURN_00040,TITLI-CAND-000040,1.2,titli_02.html,117,"दोनों चल पड़े। इन्द्रदेव आगे थे, पीछे शैला। लंदन का विद्युत-प्रकाश निस्तब्ध होकर उन दोनों का निर्विकार पद-विशेप देख रहा था। सहसा घूमकर इन्द्रदेव ने पूछा-तुम्हारा नाम 'शैला' है न?",तुम्हारा नाम 'शैला' है न?,इन्द्रदेव,ATTRIBUTED,HIGH,candidate_explicit_name,इन्द्रदेव ने पूछा,
TITLI_TURN_00041,TITLI-CAND-000041,1.2,titli_02.html,117,"दोनों चल पड़े। इन्द्रदेव आगे थे, पीछे शैला। लंदन का विद्युत-प्रकाश निस्तब्ध होकर उन दोनों का निर्विकार पद-विशेप देख रहा था। सहसा घूमकर इन्द्रदेव ने पूछा-तुम्हारा नाम 'शैला' है न?",शैला,इन्द्रदेव,ATTRIBUTED,HIGH,candidate_explicit_name,इन्द्रदेव ने पूछा,
TITLI_TURN_00043,TITLI-CAND-000043,1.2,titli_02.html,119,इन्द्रदेव ने फिर ठहरकर पूछा—कहां चलोगी? भोजनालय में या हम लोगों के मेस में?,कहां चलोगी? भोजनालय में या हम लोगों के मेस में?,इन्द्रदेव,ATTRIBUTED,HIGH,candidate_explicit_name,इन्द्रदेव ने फिर ठहरकर पूछा,
TITLI_TURN_00051,TITLI-CAND-000051,1.2,titli_02.html,124,"बंजो आश्चर्य से उसका मुंह देख रही थी। इन्द्रदेव ने कहा-बुड्ढे। तुम बहुत बीमार हो न? हां सरकार! मुझे नहीं मालूम था, रात को आप...","बुड्ढे। तुम बहुत बीमार हो न? हां सरकार! मुझे नहीं मालूम था, रात को आप...",इन्द्रदेव,ATTRIBUTED,HIGH,candidate_explicit_name,इन्द्रदेव ने कहा,
TITLI_TURN_00052,TITLI-CAND-000052,1.2,titli_02.html,128,इन्द्रदेव ने कहा—अच्छा तो होगा।,अच्छा तो होगा।,इन्द्रदेव,ATTRIBUTED,HIGH,candidate_explicit_name,इन्द्रदेव ने कहा,
TITLI_TURN_00067,TITLI-CAND-000067,1.3,titli_03.html,134,"मुझे तो नहीं मालूम, मैं अपनी मोटर से यहीं उतर पड़ी थी। उनके साथ ही आती; पर क्या करूं, देर हो गई। किसी को पूछ आने के लिए भेजिएगा? मुझे तो आपसे सहायता मिलनी चाहिए मिस अनवरी शैला ने हंसकर कहाआपके कुंवर साहब आ जाएं, तो प्रबंध... अरे शैला! यह कौन... ___ इन्द्रदेव! तुम अब तक क्या कर रहे थे-कहकर शैला ने मिस अनवरी की ओर संकेत करते हुए कहा—आप मिस अनवरी... फिर अपने होठ को गर्म चाय में डुबो दिया, जैसे उन्हें हंसने का दंड मिला हो। इन्द्रदेव ने अभिनंदन करते हुए कहा-मां जब से आईं, तभी से पूछ रही हैं, उनकी रीढ़ में दर्द हो रहा है। आपकी उनसे भेंट नहीं हुई क्या? जी नहीं; मैंने समझा, यहीं होगी। फिर जब यहां चाय मिलने का भरोसा था, तो थोड़ा यहीं ठहरना अच्छा हुआ—कहकर अनवरी मुस्कराने लगी। इन्द्रदेव ने साधारण हंसी हंसते हुए कहा—अच्छी बात है, चाय पी लीजिए। चौबेजी आपको वहां पहुंचा देंगे। ____तीनों चुपचाप चाय पीने लगे। इन्द्रदेव ने कहा—चौबे! आज तुम्हारी गुजराती चाय बड़ी अच्छी रही। एक प्याला ले आओ, और उसके साथ और भी कछ... चौबे सोहन-पापड़ी के टुकड़े और चायदानी लेकर जब आए, तो मिस अनवरी उठकर खड़ी हो गई। इन्द्रदेव ने कहा—वाह, आप तो चली जा रही हैं। इसे भी तो चखिए। शैला ने मुस्कुराते हुए कहा—बैठिए भी, आप तो यहां पर मेरी ही मेहमान होकर रह सकेंगी। हां, इसको तो मैं भूल गई थी—कहकर अनवरी बैठ गई। चौबेजी ने सबको चाय दे दी, और अब वह प्रतीक्षा कर रहे थे कि कब अनवरी चलेगी। पर अनवरी तो वहां से उठने का नाम ही न लेती थी। वह कभी इन्द्रदेव और कभी शैला को देखती, फिर संध्या की आने वाली कालिमा की प्रतीक्षा करती हुई नीले आकाश में आंख लड़ाने लगती। उधर इन्द्रदेव इस बनावटी सन्नाटे से ऊब चले थे। सहसा चौबेजी ने कहा—सरकार! वह बुड्ढा आया है, उसकी कहानी कब सुनिएगा? मैं लालटेन लेता आऊं? . फिर अनवरी की ओर देखते हुए कहने लगे अभी आपको भी छोटी कोठी में पहुंचाना होगा। अनवरी को जैसे धक्का लगा। वह झटपट उठकर खड़ी हो गई। चौबेजी उसे साथ लेकर चले। इन्द्रदेव ने गहरी सांस लेकर कहा—शैला! क्या इन्द्रदेव? मां से भेंट करोगी? चलूं? अच्छा, कल सवेरे!","शैला! क्या इन्द्रदेव? मां से भेंट करोगी? चलूं? अच्छा, कल सवेरे!",इन्द्रदेव,ATTRIBUTED,HIGH,candidate_explicit_name,इन्द्रदेव ने गहरी सांस लेकर कहा,
TITLI_TURN_00102,TITLI-CAND-000102,1.6,titli_06.html,151,"मेरा नाम 'शैला' है मां जी! शैला की बोली घंटी की तरह गूंज उठी! श्यामदुलारी के मन में ममता उमड़ आई। उन्होंने कहा-चौबेजी! देखिए, इनको कोई कष्ट न होने पावे। इन्द्रदेव तो लड़का है, वह कभी काहे को इनकी सुविधा की खोज-खबर लेता होगा। जी सरकार! मेम साहब बड़ी चतुर हैं। वह तो कुंवर साहब का प्रबंध स्वयं आदेश देकर कराती रहती हैं। हम लोग तो अभी सीख रहे हैं। बड़े सरकार के समय में जो व्यवस्था थी, उसी से तो अब काम नहीं चल सकता! इन्द्रदेव घबरा गए थे। उन्हें कभी चौबे, कभी अनवरी पर क्रोध आता; पर वह बहाली देते रहे। __ माधुरी ने कहा-अच्छा तो भाई साहब! अभी शहर चलने की इच्छा नहीं है क्या? अब तो यहां कड़ी देहाती सर्दी पड़ेगी। नहीं, अभी तो यहीं रहूंगा। क्यों मां, यहां कोई कष्ट तो नहीं है?—इन्द्रदेव ने पूछा। अनवरी ने कहा-इस छोटी कोठी में साफ हवा कम आती है। और तो कोई...हां, बीबीरानी, मैं यह तो कहना भूल ही गई थी कि मुझे आज शहर चले जाना चाहिए। कई रोगियों को आज ही तक के लिए दवा दे आई हूं। मोटर तो मिल जाएगी न? ठहरिए, आप तो न जाने क्यों घबराई हैं। अभी तो मां की दवा...माधुरी की बात पूरी न होने पाई कि अनवरी ने कहा-दवा खाएगी तो नहीं, यही लगाने की दवा है। लगाते रहिए, मुझे रोक कर क्या कीजिएगा। हां, यहां साफ हवा मिलनी चाहिए, इसके लिए आप सोचिए। __चौबेजी बीच में बोल उठे-तो बड़ी सरकार उस कोठी में रहें, खुले हुए कमरे और दालान उसमें तो हैं ही। बोलने के लिए तो बोल गए; पर चौबेजी कई बातें सोचकर दांत से अपनी जीभ दबाने लगे। उनकी इच्छा तो हुई कि अपने कान भी पकड़ लें; पर साहस न हुआ। इन्द्रदेव चुप रहे। शैला ने कहा-मां जी! बड़ी कोठी में चलिए। यहां न रहिए। -वह बेचारी मूल गई कि श्यामदुलारी उसके साथ कैसे रहेंगी! श्यामदुलारी ने इन्द्रदेव का चेहरा देखा। वह उतरा हुआ तो नहीं था; किंतु उस पर उत्साह भी न था। माधुरी ने शैला को स्वयं कहते हुए जब सुना, तो वह बोली-अच्छा तो है मां! मेम साहब और अनवरी बीबी इसमें आ जाएंगी। हम लोग वहीं चलकर रहें। अनवरी ने कहा-मुझे एक दिन में लौट आने दीजिए। श्यामदुलारी ने देखा कि काम तो हो चला है, अब इस बात को यहीं रोक देना चाहिए। वह बोली-बेटा! कलेक्टर साहब ने नमूने का गांव बसाने का जो नक्शा भेजा था, उसे तुमने देखा? नहीं मां, अभी तो नहीं-शैला के पास वह है। इन्हें गांवों से बड़ा प्रेम है। मैंने इन्हीं के ऊपर यह भार छोड़ दिया है। इसके लिए यही एक योजना तैयार करने में लगी हैं। श्यामदुलरि सावधान हो गईं। शैला ने कहा-मां जी, अभी तो मैं गांवों में जाकर यहां की बातें समझने लगी हूं। फिर भी बहुत-सी बातें अभी नहीं समझ सकी हूं। किसी दिन आपको अवकाश रहे, तो मैं नक्शा ले आऊं?",शैला,माधुरी,ATTRIBUTED,HIGH,explicit_named_attribution,माधुरी ने कहा-,
TITLI_TURN_00112,TITLI-CAND-000112,1.6,titli_06.html,151,"मेरा नाम 'शैला' है मां जी! शैला की बोली घंटी की तरह गूंज उठी! श्यामदुलारी के मन में ममता उमड़ आई। उन्होंने कहा-चौबेजी! देखिए, इनको कोई कष्ट न होने पावे। इन्द्रदेव तो लड़का है, वह कभी काहे को इनकी सुविधा की खोज-खबर लेता होगा। जी सरकार! मेम साहब बड़ी चतुर हैं। वह तो कुंवर साहब का प्रबंध स्वयं आदेश देकर कराती रहती हैं। हम लोग तो अभी सीख रहे हैं। बड़े सरकार के समय में जो व्यवस्था थी, उसी से तो अब काम नहीं चल सकता! इन्द्रदेव घबरा गए थे। उन्हें कभी चौबे, कभी अनवरी पर क्रोध आता; पर वह बहाली देते रहे। __ माधुरी ने कहा-अच्छा तो भाई साहब! अभी शहर चलने की इच्छा नहीं है क्या? अब तो यहां कड़ी देहाती सर्दी पड़ेगी। नहीं, अभी तो यहीं रहूंगा। क्यों मां, यहां कोई कष्ट तो नहीं है?—इन्द्रदेव ने पूछा। अनवरी ने कहा-इस छोटी कोठी में साफ हवा कम आती है। और तो कोई...हां, बीबीरानी, मैं यह तो कहना भूल ही गई थी कि मुझे आज शहर चले जाना चाहिए। कई रोगियों को आज ही तक के लिए दवा दे आई हूं। मोटर तो मिल जाएगी न? ठहरिए, आप तो न जाने क्यों घबराई हैं। अभी तो मां की दवा...माधुरी की बात पूरी न होने पाई कि अनवरी ने कहा-दवा खाएगी तो नहीं, यही लगाने की दवा है। लगाते रहिए, मुझे रोक कर क्या कीजिएगा। हां, यहां साफ हवा मिलनी चाहिए, इसके लिए आप सोचिए। __चौबेजी बीच में बोल उठे-तो बड़ी सरकार उस कोठी में रहें, खुले हुए कमरे और दालान उसमें तो हैं ही। बोलने के लिए तो बोल गए; पर चौबेजी कई बातें सोचकर दांत से अपनी जीभ दबाने लगे। उनकी इच्छा तो हुई कि अपने कान भी पकड़ लें; पर साहस न हुआ। इन्द्रदेव चुप रहे। शैला ने कहा-मां जी! बड़ी कोठी में चलिए। यहां न रहिए। -वह बेचारी मूल गई कि श्यामदुलारी उसके साथ कैसे रहेंगी! श्यामदुलारी ने इन्द्रदेव का चेहरा देखा। वह उतरा हुआ तो नहीं था; किंतु उस पर उत्साह भी न था। माधुरी ने शैला को स्वयं कहते हुए जब सुना, तो वह बोली-अच्छा तो है मां! मेम साहब और अनवरी बीबी इसमें आ जाएंगी। हम लोग वहीं चलकर रहें। अनवरी ने कहा-मुझे एक दिन में लौट आने दीजिए। श्यामदुलारी ने देखा कि काम तो हो चला है, अब इस बात को यहीं रोक देना चाहिए। वह बोली-बेटा! कलेक्टर साहब ने नमूने का गांव बसाने का जो नक्शा भेजा था, उसे तुमने देखा? नहीं मां, अभी तो नहीं-शैला के पास वह है। इन्हें गांवों से बड़ा प्रेम है। मैंने इन्हीं के ऊपर यह भार छोड़ दिया है। इसके लिए यही एक योजना तैयार करने में लगी हैं। श्यामदुलरि सावधान हो गईं। शैला ने कहा-मां जी, अभी तो मैं गांवों में जाकर यहां की बातें समझने लगी हूं। फिर भी बहुत-सी बातें अभी नहीं समझ सकी हूं। किसी दिन आपको अवकाश रहे, तो मैं नक्शा ले आऊं?","मां जी, अभी तो मैं गांवों में जाकर यहां की बातें समझने लगी हूं। फिर भी बहुत-सी बातें अभी नहीं समझ सकी हूं। किसी दिन आपको अवकाश रहे, तो मैं नक्शा ले आऊं?",शैला,ATTRIBUTED,HIGH,candidate_explicit_name,शैला ने कहा,
TITLI_TURN_00114,TITLI-CAND-000114,1.6,titli_06.html,154,श्यामदुलारी ने माधुरी को भी प्रसन्न करने का उपाय निकाल ही लिया! अनवरी ने कहा-बहुत अच्छा।,बहुत अच्छा।,अनवरी,ATTRIBUTED,HIGH,candidate_explicit_name,अनवरी ने कहा,
TITLI_TURN_00115,TITLI-CAND-000115,1.6,titli_06.html,155,"शैला ने कहा-मैं आपके पास आकर कभी-कभी बैठा करूं, इसके लिए क्या आप मुझे आज्ञा देगी मां जी!","मैं आपके पास आकर कभी-कभी बैठा करूं, इसके लिए क्या आप मुझे आज्ञा देगी मां जी!",शैला,ATTRIBUTED,HIGH,candidate_explicit_name,शैला ने कहा,
TITLI_TURN_00117,TITLI-CAND-000117,1.6,titli_06.html,159,"इन्द्रदेव ने देखा कि उनके हृदय का बोझ टल गया-शैला ने मां के समीप पहंचने का अपना पथ बना लिया। उन्होंने इसे अपनी विजय समझी। वह मन-ही-मन प्रसन्न हो रहे थे कि शैला ने उठते हुए नमस्कार करके कहा-मां जी, मुझसे मूल हो सकती है, अपराध नहीं। तब भी, आप लोगों की स्नेह-छाया में मुझे सुख की अधिक आशाहै।","मां जी, मुझसे मूल हो सकती है, अपराध नहीं। तब भी, आप लोगों की स्नेह-छाया में मुझे सुख की अधिक आशाहै।",शैला,ATTRIBUTED,HIGH,candidate_explicit_name,शैला ने उठते हुए नमस्कार करके कहा,
TITLI_TURN_00122,TITLI-CAND-000122,1.6,titli_06.html,166,"वह भी घुटी हुई है, कैसा पी गई! बीबी को कसक तो होगी ही! बीबी रानी, मैं तुमसे फिर कहती हूं तुम अपनी देखो। आपके भाई साहब तो नदी की बाढ़ में बह रहे हैं। मैं कल तो न आ सकूँगी। हां, जल्दी आने की... नहीं-नहीं अनवरी! कल, कल तुमको अवश्य आना होगा। इस समय तुम्हारी सहायता की बड़ी आवश्यकता है। उस चुडैल को, जिस तरह हो, नीचा... माधुरी आगे कुछ न कह सकी, उसका क्रोध कपोलों पर लाल हो रहा था। ___ मानव-स्वभाव है; वह अपने सुख को विस्तृत करना चाहता है। और भी, केवल अपने सुख से ही सुखी नहीं होता, कभी-कभी दूसरों को दुखी करके, अपमानित करके, अपने मान को, सुख को प्रतिष्ठित करता है। माधुरी के मन में अनवरी के द्वारा जो आग जलाई गई है, वह कई रूप बदलकर उसके कोने-कोने में झलसाने लगी है उसके मनमें लोभ तो जाग ही उठा था। अधिकारच्यत होने की आशंका ने उसे और भी संदिग्ध और प्रयत्नशील बना दिया। उसके गौरव की चांदनी शैला की उषा में फीकी पड़ेगी ही, इसकी दृढ़ संभावना थी, और अब वह युद्ध के लिए तत्पर थी। चौबेजी को खींचने के लिए उसने मन-ही-मन सोच लिया! एक सम्मिलित कुटुंब में राष्ट्रनीति ने अधिकार जमा लिया। स्व-पक्ष और पर-पक्ष का सृजन होने लगा। - चौबेजी कम चतर न थे। माधरी को उन्होंने अधिक समीप समझा। ढले भी उसी ओर। मोटर लेकर जब वह आए, तो उन्होंने कहा—बीबी रानी। हम लोगों ने बड़े सरकार का समय और दरबार देखा है। अब यह सब नहीं देखा जाता। तुम्हीं बचाओगी तो यह राज बचेगा, नहीं तो गया। मैं अब उसके लिए चाय बनाना नहीं चाहता! मुझे जवाब मिल जाए, यही अच्छा है। ____ मोटर पर बैठते हुए अनवरी ने कहा—घबराइए मत चौबेजी, बीबी रानी आपके लिए कोई बात उठा न रखेंगी।","घबराइए मत चौबेजी, बीबी रानी आपके लिए कोई बात उठा न रखेंगी।",अनवरी,ATTRIBUTED,HIGH,candidate_explicit_name,अनवरी ने कहा,
TITLI_TURN_00147,TITLI-CAND-000147,1.7,titli_07.html,173,राजकुमारी ने कहा — रोटी खाने का अब समय हुआ है न ? मधु ! तुम कितना जलाते  हो ।,रोटी खाने का अब समय हुआ है न ? मधु ! तुम कितना जलाते हो ।,राजकुमारी,ATTRIBUTED,HIGH,candidate_explicit_name,राजकुमारी ने कहा,
TITLI_TURN_00200,TITLI-CAND-000200,2.3,titli_11.html,199,"को खोजने लगी। वह जैसे अपमान की ठोकर से अभिभूत होकर उसी ओर पूर्ण वेग से दौड़ने के लिए प्रस्तुत हुई, बदला लेने के लिए और अपनी असहाय अवस्था का अवलम्ब खोजने के लिए। किंतु वह पागलपन क्षणिक हो रहा। उसकी खीझ फल नहीं पा सकी। सहसा मधुबन को संभालने के लिए उसे शेरकोट चले आना पड़ा। वह भयानक आधी क्षितिज में ही दिखलाई देकर रुक गई। चौबे नौकरी करने लगे राजा साहब के यहां, और राजकुमारी शेरकोट के झाडू और दीए में लगी—यह घटना वह संभवत: भूल गई थी; किंतु आज सहसा विस्मृत चित्र सामने आ गया। राजकुमारी का मन अस्थिर हो गया। वह गंगाजी के नहाने के घाट तक बड़ी देर से पहुंची। शैला और तितली नहाकर ऊपर खड़ी थीं। बाबा रामनाथ अभी संध्या कर रहे थे। राजकुमारी को देखते ही तितली ने नमस्कार किया और शैला से कहा-आप ही हैं, जिनकी बात बाबाजी कर रहे थे? शैला ने कहा—अच्छा! आप ही मधुबन की बहन हैं? जी। __ मैं मधुबन के साथ पड़ती हूं। आप मेरी भी बहन हुईं न!– शैला ने सरल प्रसन्नता से कहा। राजकुमारी ने मेम के इस व्यवहार से चकित होकर कहा—मैं आपकी बहन होने योग्य हूं? यह आपकी बड़ाई है। क्यों नहीं बहन! तुम ऐसा क्यों सोचती हो? आओ, इस जगह बैठ जाएं। अच्छा होगा कि तुम भी स्नान कर लो, तब हम लोग साथ ही चलें। नहीं, आपको विलंब होगा।—कहकर राजकुमारी विशाल वृक्ष के नीचे पड़े हुए पत्थर की ओर बड़ी। शैला और तितली भी उसी पर जाकर बैठी। राजकुमारी का हृदय स्निग्ध हो रहा था। उसने देखा, तितली अब वह चंचल लड़की न रही, जो पहले मधुबन के साथ खेलने आया करती थी। उसकी काली रजनी-सी उनींदी आंखें जैसे सदैव कोई गंभीर स्वप्न देखती रहती हैं। लंबा छरहरा अंग, गोरी-पतली उंगलियां. सहज उन्नत ललाट, कछ खिंची हई भौंहे और छोटा-सा पतले-पतले अधरोंवाला मुख–साधारण कृषक-बालिका से कुछ अलग अपनी सत्ता बता रहे थे। कानों के ऊपर से ही बूंघट था, जिससे लटें निकली पड़ती थीं। उसकी चौड़ी किनारे की धोती का चंपई रंग उसके शरीर में घुला जा रहा था। वह संध्या के निरभ्र गगन में विकसित होने वाली अपने ही मधुर आलोक से तुष्ट—एक छोटी-सी तारिका थी। राजकुमारी, स्त्री की दृष्टि से, उसे परखने लगी; और रामनाथ का प्रस्ताव मन-हीमन दुहराने लगी। शैला ने कहा-अच्छा, तुम कहीं आती-जाती नहीं हो बहन! कहां जाऊं? तो मैं ही तुम्हारे यहां कभी-कभी आया करूंगी। अकेले घर में बैठे-बैठे कैसे तुम्हारा मन लगता है? बैठना ही तो नहीं है! घर का काम कौन करता है? इसी में दिन बीतता जा रहा है। ________________",अच्छा! आप ही मधुबन की बहन हैं? जी। __ मैं मधुबन के साथ पड़ती हूं। आप मेरी भी बहन हुईं न!,शैला,ATTRIBUTED,HIGH,candidate_explicit_name,शैला ने सरल प्रसन्नता से कहा,
TITLI_TURN_00214,TITLI-CAND-000214,2.3,titli_11.html,216,अपने को बहुत रोकते हुए राजकुमारी ने कहा—क्या?,क्या?,राजकुमारी,ATTRIBUTED,HIGH,candidate_explicit_name,राजकुमारी ने कहा,
TITLI_TURN_00221,TITLI-CAND-000221,2.4,titli_12.html,240,अश्घिर्वाद की कृतज्ञता में सिर झुकाकर तितली ने कहा—कितना प्यार करती हो मुझे!,कितना प्यार करती हो मुझे!,तितली,ATTRIBUTED,HIGH,candidate_explicit_name,तितली ने कहा,
TITLI_TURN_00222,TITLI-CAND-000222,2.4,titli_12.html,247,"शैला ने कहा—अच्छा, मैं भी आज न पढूंगी—बाबाजी से मिलकर चली जाऊंगी।","अच्छा, मैं भी आज न पढूंगी—बाबाजी से मिलकर चली जाऊंगी।",शैला,ATTRIBUTED,HIGH,candidate_explicit_name,शैला ने कहा,
TITLI_TURN_00223,TITLI-CAND-000223,2.4,titli_12.html,248,"रामनाथ अभी उपासना करके अपने आसन पर बैठे थे। शैला उनके पास चटाई पर जाकर बैठ गई। रामनाथ ने पूछा—आज पाठ न होगा क्या? मधुबन भी नहीं दिखाई पड़ रहा है, तितली भी नहीं!","आज पाठ न होगा क्या? मधुबन भी नहीं दिखाई पड़ रहा है, तितली भी नहीं!",रामनाथ,ATTRIBUTED,HIGH,candidate_explicit_name,रामनाथ ने पूछा,
TITLI_TURN_00226,TITLI-CAND-000226,2.4,titli_12.html,264,क्षण-भर सोच लेने के बाद रामनाथ ने पूछा—क्या अभी और विचार करने के लिए तुमको अवसर नहीं चाहिए? दीक्षा तो मैं...,क्या अभी और विचार करने के लिए तुमको अवसर नहीं चाहिए? दीक्षा तो मैं...,रामनाथ,ATTRIBUTED,HIGH,candidate_explicit_name,रामनाथ ने पूछा,
TITLI_TURN_00227,TITLI-CAND-000227,2.4,titli_12.html,268,मेरा निश्चय हो चुका। अच्छा तो आज मुझे छुट्टी दीजिए। अभी नीलवलिा कोठी पर जाना होगा। मधुबन तो कई दिन से रात को भी वहीं रहता है। वह घर क्यों नहीं जाता। आप पूछिएगा।—शैला ने कहा।,मेरा निश्चय हो चुका। अच्छा तो आज मुझे छुट्टी दीजिए। अभी नीलवलिा कोठी पर जाना होगा। मधुबन तो कई दिन से रात को भी वहीं रहता है। वह घर क्यों नहीं जाता। आप पूछिएगा।,शैला,ATTRIBUTED,HIGH,candidate_explicit_name,शैला ने कहा,
TITLI_TURN_00228,TITLI-CAND-000228,2.4,titli_12.html,269,आज पूछ लूंगा—कहकर आसन से उठते हुए रामनाथ ने पुकारा—तितली!,तितली!,रामनाथ,ATTRIBUTED,HIGH,candidate_explicit_name,रामनाथ ने पुकारा,
TITLI_TURN_00231,TITLI-CAND-000231,2.4,titli_12.html,276,क्यों? यह तो मैं भी जानती हूं।—फिर चिंतित होकर शैला ने कहा—क्या राजकुमारी का कोई संदेश आया था?,क्या राजकुमारी का कोई संदेश आया था?,शैला,ATTRIBUTED,HIGH,candidate_explicit_name,शैला ने कहा,
TITLI_TURN_00232,TITLI-CAND-000232,2.4,titli_12.html,277,"नहीं।—अभी तितली और कुछ कहना ही चाहती थी कि सामने से मधुबन आता दिखाई पड़ा। उसकी भवें तनी थीं। मुंह रूखा हो रहा था। शैला ने पूछा—क्यों मधुबन, आज-कल तुम घर क्यों नहीं जाते?","क्यों मधुबन, आज-कल तुम घर क्यों नहीं जाते?",शैला,ATTRIBUTED,HIGH,candidate_explicit_name,शैला ने पूछा,
TITLI_TURN_00236,TITLI-CAND-000236,2.4,titli_12.html,288,मधुबन और कुछ कहने जा रहा था कि रामनाथ ने उसे दूर से ही पुकारा—मधुबन!,मधुबन!,रामनाथ,ATTRIBUTED,HIGH,candidate_explicit_name,रामनाथ ने उसे दूर से ही पुकारा,
TITLI_TURN_00238,TITLI-CAND-000238,2.4,titli_12.html,291,"हां, अभी ही नील-कोठी की ओर गई हैं!—तितली ने घूमकर मधुर स्वर से कहा। वह खड़ी हो गई।","हां, अभी ही नील-कोठी की ओर गई हैं!",तितली,ATTRIBUTED,HIGH,candidate_explicit_name,तितली ने घूमकर मधुर स्वर से कहा,
TITLI_TURN_00239,TITLI-CAND-000239,2.4,titli_12.html,292,इंद्रदेव ने समीप आते हए रामनाथ को देखकर नमस्कार किया। रामनाथ इसके पहले से ही आशीर्वाद देने के लिए हाथ उठा चुके थे? इंद्रदेव ने हंसकर पूछा—आपकी पाठशाला तो चल रही है?,आपकी पाठशाला तो चल रही है?,इंद्रदेव,ATTRIBUTED,HIGH,candidate_explicit_name,इंद्रदेव ने हंसकर पूछा,
TITLI_TURN_00240,TITLI-CAND-000240,2.4,titli_12.html,297,"रामनाथ ने पूछा—मधुबन, तुम आजकल कैसे हो रहे हो?","मधुबन, तुम आजकल कैसे हो रहे हो?",रामनाथ,ATTRIBUTED,HIGH,candidate_explicit_name,रामनाथ ने पूछा,
TITLI_TURN_00241,TITLI-CAND-000241,2.4,titli_12.html,299,"रामनाथ ने कहा—मधुबन! कुछ ही दिनों में एक नई घटना होने वाली है। वह अच्छी होगी या बुरी, नहीं कह सकता। किंतु उसके लिए हम सबको प्रस्तुत रहना चाहिए।","मधुबन! कुछ ही दिनों में एक नई घटना होने वाली है। वह अच्छी होगी या बुरी, नहीं कह सकता। किंतु उसके लिए हम सबको प्रस्तुत रहना चाहिए।",रामनाथ,ATTRIBUTED,HIGH,candidate_explicit_name,रामनाथ ने कहा,
TITLI_TURN_00242,TITLI-CAND-000242,2.4,titli_12.html,300,क्या?—मधुबन ने सशंक होकर पूछा।,क्या?,मधुबन,ATTRIBUTED,HIGH,candidate_explicit_name,मधुबन ने सशंक होकर पूछा,
TITLI_TURN_00243,TITLI-CAND-000243,2.4,titli_12.html,301,शैला को मैं हिंदू-धर्म की दीक्षा दूंगा।—स्थिर भाव से रामनाथ ने कहा। मधुबन ने उद्विग्न होकर कहा—तो इसमें क्या कुछ अनिष्ट की संभावना है?,तो इसमें क्या कुछ अनिष्ट की संभावना है?,मधुबन,ATTRIBUTED,HIGH,candidate_explicit_name,मधुबन ने उद्विग्न होकर कहा,
TITLI_TURN_00244,TITLI-CAND-000244,2.4,titli_12.html,308,"रामनाथ ने बाधा देकर कहा—आज पाठ न होगा। तुम कई दिन से घर नहीं गए हो, जाओ!","आज पाठ न होगा। तुम कई दिन से घर नहीं गए हो, जाओ!",रामनाथ,ATTRIBUTED,HIGH,candidate_explicit_name,रामनाथ ने बाधा देकर कहा,
TITLI_TURN_00246,TITLI-CAND-000246,2.4,titli_12.html,313,राजकुमारी ने बैठते हुए कहा—मैं आज एक काम से आई हूं।,मैं आज एक काम से आई हूं।,राजकुमारी,ATTRIBUTED,HIGH,candidate_explicit_name,राजकुमारी ने बैठते हुए कहा,
TITLI_TURN_00247,TITLI-CAND-000247,2.4,titli_12.html,316,क्यों? नहीं क्यों होगा?—रामनाथ ने आश्चर्य से पूछा।,क्यों? नहीं क्यों होगा?,रामनाथ,ATTRIBUTED,HIGH,candidate_explicit_name,रामनाथ ने आश्चर्य से पूछा,
TITLI_TURN_00253,TITLI-CAND-000253,2.4,titli_12.html,331,जब रामनाथ झोंपड़ी में से कुछ हाथ में लिये बाहर निकले तो मधुबन दिखाई पड़ा। उसका मुंह क्रोध से तमतमा रहा था। कुछ कहना चाहता था; पर जैसे कहने की शक्ति छिन गई हो! रामनाथ ने पूछा—क्या घर नहीं गए?,क्या घर नहीं गए?,रामनाथ,ATTRIBUTED,HIGH,candidate_explicit_name,रामनाथ ने पूछा,
TITLI_TURN_00257,TITLI-CAND-000257,2.4,titli_12.html,344,अंत में रामनाथ ने दृढ़ स्वर से कहा—पर तुमको तो आज ही शहर जाना होगा। यह लो रुपये सब वस्तुएं इसी सूची के अनुसार आ जानी चाहिए।,पर तुमको तो आज ही शहर जाना होगा। यह लो रुपये सब वस्तुएं इसी सूची के अनुसार आ जानी चाहिए।,रामनाथ,ATTRIBUTED,HIGH,candidate_explicit_name,रामनाथ ने दृढ़ स्वर से कहा,
TITLI_TURN_00262,TITLI-CAND-000262,2.5,titli_13.html,359,"रामदीन बुलाया गया। अनवरी पर जो क्रोध था उसे किसी पर निकालना ही चाहिए; और जब दुर्बल प्राणी सामने हो तो हृदय के संतोष के लिए अच्छा अवसर मिल जाता है। रामदीन ने सामने आते ही इंद्रदेव का रूप देखकर रोना आरंभ किया। उठा हुआ थप्पड़ रुक गया। इंद्रदेव ने डांटकर पूछा—क्यों बे, तूने मनीबेग चुरा लिया है?","क्यों बे, तूने मनीबेग चुरा लिया है?",इंद्रदेव,ATTRIBUTED,HIGH,candidate_explicit_name,इंद्रदेव ने डांटकर पूछा,
TITLI_TURN_00263,TITLI-CAND-000263,2.5,titli_13.html,361,इंद्रदेव ने कड़ककर कहा—चुप बदमाश! क्या तुमसे उनकी कोई बुराई है जो वह ऐसा करेगी?,चुप बदमाश! क्या तुमसे उनकी कोई बुराई है जो वह ऐसा करेगी?,इंद्रदेव,ATTRIBUTED,HIGH,candidate_explicit_name,इंद्रदेव ने कड़ककर कहा,
TITLI_TURN_00266,TITLI-CAND-000266,2.5,titli_13.html,372,भीतर से कृष्णमोहन चिक हटाकर निकला। उसने हंसते हुए नमस्कार किया। शैला ने पूछा—बड़ी सरकार कहां हैं?,बड़ी सरकार कहां हैं?,शैला,ATTRIBUTED,HIGH,candidate_explicit_name,शैला ने पूछा,
TITLI_TURN_00267,TITLI-CAND-000267,2.5,titli_13.html,376,शैला लौटकर इंद्रदेव के कमरे के पास आई। आज उसे वही कमरा अपरिचित-सा दिखाई पड़ा! मलिया को उधर से आते हुए देखकर शैला ने पूछा-इंद्रदेव कहां हैं?,इंद्रदेव कहां हैं?,शैला,ATTRIBUTED,HIGH,candidate_explicit_name,शैला ने पूछा,
TITLI_TURN_00272,TITLI-CAND-000272,2.5,titli_13.html,411,अवाक् होकर इंद्रदेव ने शैला की ओर देखा। वह शांत थी। इंद्रदेव ने साहस एकत्र करके कहा—तब जैसी तुम्हारी इच्छा!,तब जैसी तुम्हारी इच्छा!,इंद्रदेव,ATTRIBUTED,HIGH,candidate_explicit_name,इंद्रदेव ने साहस एकत्र करके कहा,
TITLI_TURN_00273,TITLI-CAND-000273,2.5,titli_13.html,415,"इंद्रदेव, उपास्य को जानने के लिए उद्विग्न हो गए थे। वह पूछना ही चाहते थे कि बीच में टोककर शैला ने कहा—और मुझे क्षमा भी मांगनी है।",और मुझे क्षमा भी मांगनी है।,शैला,ATTRIBUTED,HIGH,candidate_explicit_name,शैला ने कहा,
TITLI_TURN_00281,TITLI-CAND-000281,2.9,titli_17.html,431,इंद्रदेव कुछ कहने नहीं पाए थे कि अनवरी ने कहा—और मैं तो मिस शैला की चेली बनूंगी! बहुत जल्द!,और मैं तो मिस शैला की चेली बनूंगी! बहुत जल्द!,अनवरी,ATTRIBUTED,HIGH,candidate_explicit_name,अनवरी ने कहा,
TITLI_TURN_00282,TITLI-CAND-000282,2.9,titli_17.html,432,इंद्रदेव ने उसकी चपलता पर खीझकर कहा—उसके लिए—अभी बहुत देर है मिस अनवरी।,उसके लिए—अभी बहुत देर है मिस अनवरी।,इंद्रदेव,ATTRIBUTED,HIGH,candidate_explicit_name,इंद्रदेव ने उसकी चपलता पर खीझकर कहा,
TITLI_TURN_00290,TITLI-CAND-000290,2.9,titli_17.html,447,"तो भी रामनाथ की आज्ञाओं का—आदेशों का अक्षरश:—पालन हो रहा था! तहसीलदार और इंद्रदेव वापस चले आए थे। तहसीलदार ने कहा— बाबाजी! आप यह काम अच्छा नहीं कर रहे हैं। तितली के घरवालों की संमति के बिना उसका ब्याह अपराध तो है ही, उसका कोई अर्थ भी नहीं।","बाबाजी! आप यह काम अच्छा नहीं कर रहे हैं। तितली के घरवालों की संमति के बिना उसका ब्याह अपराध तो है ही, उसका कोई अर्थ भी नहीं।",तहसीलदार,ATTRIBUTED,HIGH,candidate_explicit_name,तहसीलदार ने कहा,
TITLI_TURN_00291,TITLI-CAND-000291,2.9,titli_17.html,448,इंद्रदेव को चुप देखकर रामनाथ ने कहा—क्या आपकी भी यही संमति है?,क्या आपकी भी यही संमति है?,रामनाथ,ATTRIBUTED,HIGH,candidate_explicit_name,रामनाथ ने कहा,
TITLI_TURN_00297,TITLI-CAND-000297,2.9,titli_17.html,461,शैला ने खड़ी होकर कहा—एक पल-भर रुक जाइए। क्यों मधुबन! तुम पूरी तरह से विचार करके यह ब्याह कर रहे हो न? कोई तुमको बहका तो नहीं रहा है? इसमें तुम प्रसन्न हो?,एक पल-भर रुक जाइए। क्यों मधुबन! तुम पूरी तरह से विचार करके यह ब्याह कर रहे हो न? कोई तुमको बहका तो नहीं रहा है? इसमें तुम प्रसन्न हो?,शैला,ATTRIBUTED,HIGH,candidate_explicit_name,शैला ने खड़ी होकर कहा,
TITLI_TURN_00298,TITLI-CAND-000298,2.9,titli_17.html,462,संपूर्ण चेतनता से मधुबन ने कहा—हां?,हां?,मधुबन,ATTRIBUTED,HIGH,candidate_explicit_name,मधुबन ने कहा,
TITLI_TURN_00302,TITLI-CAND-000302,2.10,titli_18.html,493,"इंद्रदेव वहीं खड़े रहे। शैला को इस अंधकार के शैशव में वहीं देखने की कामना उत्तेजित हो रही थी, और वह आ भी गई। इंद्रदेव ने प्रसन्न होकर कहा—इस समय मैं जो भी चाहता, वह मिलता।","इस समय मैं जो भी चाहता, वह मिलता।",इंद्रदेव,ATTRIBUTED,HIGH,candidate_explicit_name,इंद्रदेव ने प्रसन्न होकर कहा,
TITLI_TURN_00304,TITLI-CAND-000304,2.10,titli_18.html,500,शैला ने दीर्घ निःश्वास लेकर कहा—मैं तो शासन कर रही हूं। और अभी अधिक तम्हारे ऊपर अत्याचार करते हए मैं कांप उठती हूं! इंद्र! तम कैसे दबले हए जा रहे हो? तम नहीं जानते कि मैं तुम्हारे अधिक क्षोभ का कारण नहीं बनना चाहती। कोठी में अधिक जाने से अच्छा तो नहीं होता।,मैं तो शासन कर रही हूं। और अभी अधिक तम्हारे ऊपर अत्याचार करते हए मैं कांप उठती हूं! इंद्र! तम कैसे दबले हए जा रहे हो? तम नहीं जानते कि मैं तुम्हारे अधिक क्षोभ का कारण नहीं बनना चाहती। कोठी में अधिक जाने से अच्छा तो नहीं होता।,शैला,ATTRIBUTED,HIGH,candidate_explicit_name,शैला ने दीर्घ निःश्वास लेकर कहा,
TITLI_TURN_00312,TITLI-CAND-000312,2.10,titli_18.html,516,इंद्रदेव ने कहा—मैं स्वार्थी नहीं हूं शैला! तुम जिसमें सुखी रह सको।,मैं स्वार्थी नहीं हूं शैला! तुम जिसमें सुखी रह सको।,इंद्रदेव,ATTRIBUTED,HIGH,candidate_explicit_name,इंद्रदेव ने कहा,
TITLI_TURN_00313,TITLI-CAND-000313,2.10,titli_18.html,517,वह कोठी की ओर चलने के लिए घूम पड़े। शैला चुपचाप वहीं खड़ी रही। इंद्रदेव ने पूछा—चलोगी न?,चलोगी न?,इंद्रदेव,ATTRIBUTED,HIGH,candidate_explicit_name,इंद्रदेव ने पूछा,
TITLI_TURN_00317,TITLI-CAND-000317,2.10,titli_18.html,530,"इंद्रदेव चुप थे, तितली दूर खड़ी थी। रामनाथ ने उसकी ओर देखकर कहा—क्यों बेटी, सरदी में क्यों खड़ी हो? पूछ लो जो तम्हें पूछना हो। संकोच किस बात का?","क्यों बेटी, सरदी में क्यों खड़ी हो? पूछ लो जो तम्हें पूछना हो। संकोच किस बात का?",रामनाथ,ATTRIBUTED,HIGH,candidate_explicit_name,रामनाथ ने उसकी ओर देखकर कहा,
TITLI_TURN_00321,TITLI-CAND-000321,3.1,titli_19.html,544,तहसीलदार ने उसी समय आकर कहा—महंगू!,महंगू!,तहसीलदार,ATTRIBUTED,HIGH,candidate_explicit_name,तहसीलदार ने उसी समय आकर कहा,
TITLI_TURN_00322,TITLI-CAND-000322,3.1,titli_19.html,546,महंगू ने कहा—सरकार ने बुलाया है क्या?,सरकार ने बुलाया है क्या?,महंगू,ATTRIBUTED,HIGH,candidate_explicit_name,महंगू ने कहा,
TITLI_TURN_00323,TITLI-CAND-000323,3.1,titli_19.html,557,"महंगू जब आपे में आया तो उसको भय लगा। वह लडुकों को गाने-बजाने के लिए कहकर बनजरिया की ओर चला। उस समय तितली बैठी हुई चावल बीन रही थी; और मधुबन गले में कुरता डाल चुका था कहीं बाहर जाने के लिए। मलिया, एक डाली मटर की फलियां, एक कद्दू और कुछ आलू लिये हुए मधुबन के खेत से आ रही थी। महंगू ने जाते ही कहा—मधुबन बाबू! मलिया को बुलाने के लिए छावनी से तहसीलदार साहब आए थे। वहां उसे न जाने से उपद्रव मचेगा।",मधुबन बाबू! मलिया को बुलाने के लिए छावनी से तहसीलदार साहब आए थे। वहां उसे न जाने से उपद्रव मचेगा।,महंगू,ATTRIBUTED,HIGH,candidate_explicit_name,महंगू ने जाते ही कहा,
TITLI_TURN_00324,TITLI-CAND-000324,3.1,titli_19.html,558,"तो उसको मना कौन करता है, जाती क्यों नहीं?—कहकर मधुबन ने जाने के लिए पैर बढ़ाया ही था कि तितली ने कहा—वाह, मलिया क्या वहां मरने जाएगी!","वाह, मलिया क्या वहां मरने जाएगी!",तितली,ATTRIBUTED,HIGH,candidate_explicit_name,तितली ने कहा,
TITLI_TURN_00325,TITLI-CAND-000325,3.1,titli_19.html,561,"महंगू ने कहा—हां बेटी, ठीक कह रही हो। पर हम लोग जमींदार से टक्कर ले सकें, इतना तो बल नहीं। मलिया अब मेरे यहां रहेगी तो तहसीलदार मेरे साथ कोई-न-कोई झगड़ा-झंझट खड़ा करेगा। सुना है कि कुंवर साहब तो अब यहां रहते नहीं। आज-कल औरतों का दरबार है। उसी के हाथ में सब-कुछ है।","हां बेटी, ठीक कह रही हो। पर हम लोग जमींदार से टक्कर ले सकें, इतना तो बल नहीं। मलिया अब मेरे यहां रहेगी तो तहसीलदार मेरे साथ कोई-न-कोई झगड़ा-झंझट खड़ा करेगा। सुना है कि कुंवर साहब तो अब यहां रहते नहीं। आज-कल औरतों का दरबार है। उसी के हाथ में सब-कुछ है।",महंगू,ATTRIBUTED,HIGH,candidate_explicit_name,महंगू ने कहा,
TITLI_TURN_00326,TITLI-CAND-000326,3.1,titli_19.html,562,"मधुबन चुप था। तितली ने कहा—तो उसे यहीं रहने दो, देखा जाएगा।","तो उसे यहीं रहने दो, देखा जाएगा।",तितली,ATTRIBUTED,HIGH,candidate_explicit_name,तितली ने कहा,
TITLI_TURN_00327,TITLI-CAND-000327,3.1,titli_19.html,564,"मलिया दूर खड़ी सब सुन रही थी। उसकी आंखों से आसूं निकल रहे थे। तितली ने कहा—रोती क्यों है रे, यहीं रह, कोई डर नहीं, तुझे क्या कोई खा जाएगा? जा-जा देख, ईंधन की लकड़ी सुखाने के लिए डाल दी गई है, उठा ला।","रोती क्यों है रे, यहीं रह, कोई डर नहीं, तुझे क्या कोई खा जाएगा? जा-जा देख, ईंधन की लकड़ी सुखाने के लिए डाल दी गई है, उठा ला।",तितली,ATTRIBUTED,HIGH,candidate_explicit_name,तितली ने कहा,
TITLI_TURN_00328,TITLI-CAND-000328,3.1,titli_19.html,565,मलिया आंचल से आसूं पोंछती हुई चली गई। उसका चाचा भी मर गया था। अब उसका रक्षक कोई न था। तितली ने पूछा—अब रुके क्यों खड़े हो? नील-कोठी जाना था न?,अब रुके क्यों खड़े हो? नील-कोठी जाना था न?,तितली,ATTRIBUTED,HIGH,candidate_explicit_name,तितली ने पूछा,
TITLI_TURN_00329,TITLI-CAND-000329,3.1,titli_19.html,571,जल्द आना; दंगल देख आओ। खा-पीकर नील-कोठी चले जाना। आज बसंत-पंचमी की छुट्टी नहीं है क्या?—तितली ने कहा।,जल्द आना; दंगल देख आओ। खा-पीकर नील-कोठी चले जाना। आज बसंत-पंचमी की छुट्टी नहीं है क्या?,तितली,ATTRIBUTED,HIGH,candidate_explicit_name,तितली ने कहा,
TITLI_TURN_00332,TITLI-CAND-000332,3.1,titli_19.html,584,"रामजस ने कहा—क्यों भइया, यह हम लोगों को उल्लू बनाकर चला जाएगा?","क्यों भइया, यह हम लोगों को उल्लू बनाकर चला जाएगा?",रामजस,ATTRIBUTED,HIGH,candidate_explicit_name,रामजस ने कहा,
TITLI_TURN_00335,TITLI-CAND-000335,3.1,titli_19.html,594,"श्यामलाल का मुंह तो उतर गया, पर उन्होंने अपनी उंगली से अंगूठी निकालकर, मधुबन को देने के लिए बढ़ाई। मधुबन ने कहा—मैं इनाम का क्या करूंगा—मेरा तो यह व्यवसाय नहीं है। आप लोगों की कृपा ही बहुत है।",मैं इनाम का क्या करूंगा—मेरा तो यह व्यवसाय नहीं है। आप लोगों की कृपा ही बहुत है।,मधुबन,ATTRIBUTED,HIGH,candidate_explicit_name,मधुबन ने कहा,
TITLI_TURN_00339,TITLI-CAND-000339,3.1,titli_19.html,600,गंभीर भाव से सिर हिलाकर तहसीलदार ने कहा—हूं।,हूं।,तहसीलदार,ATTRIBUTED,HIGH,candidate_explicit_name,तहसीलदार ने कहा,
TITLI_TURN_00340,TITLI-CAND-000340,3.2,titli_20.html,603,शैला ने उसे देखते ही कहा—रामजस! मैंने तुमको मना किया था। इसे यहां क्यों ले आए? खाने के लिए सागूदाना छोड़कर और कुछ न देना! ठंड से बचाना!,रामजस! मैंने तुमको मना किया था। इसे यहां क्यों ले आए? खाने के लिए सागूदाना छोड़कर और कुछ न देना! ठंड से बचाना!,शैला,ATTRIBUTED,HIGH,candidate_explicit_name,शैला ने उसे देखते ही कहा,
TITLI_TURN_00343,TITLI-CAND-000343,3.2,titli_20.html,616,मैं भी साथ चलूं—मधुबन ने पूछा।,मैं भी साथ चलूं,मधुबन,ATTRIBUTED,HIGH,candidate_explicit_name,मधुबन ने पूछा,
TITLI_TURN_00346,TITLI-CAND-000346,3.2,titli_20.html,622,जी कड़ा करके माधुरी ने कहा—मैं तो सब तरह से लुट गई!,मैं तो सब तरह से लुट गई!,माधुरी,ATTRIBUTED,HIGH,candidate_explicit_name,माधुरी ने कहा,
TITLI_TURN_00348,TITLI-CAND-000348,3.2,titli_20.html,625,"माधुरी को फिर रुलाई आने लगी। वह अपने को संभाल रही थी। शैला ने पूछा—तो क्या हुआ, बाबू श्यामलाल चले गए?","तो क्या हुआ, बाबू श्यामलाल चले गए?",शैला,ATTRIBUTED,HIGH,candidate_explicit_name,शैला ने पूछा,
TITLI_TURN_00349,TITLI-CAND-000349,3.2,titli_20.html,627,यह कैसे हुआ! इसमें सब इंद्रदेव की भूल है। वह यहां रहते तो ऐसी घटना न होने पाती।—शैला ने आश्चर्य छिपाते हुए कहा।,यह कैसे हुआ! इसमें सब इंद्रदेव की भूल है। वह यहां रहते तो ऐसी घटना न होने पाती।,शैला,ATTRIBUTED,HIGH,candidate_explicit_name,शैला ने आश्चर्य छिपाते हुए कहा,
TITLI_TURN_00352,TITLI-CAND-000352,3.2,titli_20.html,636,उनकी बात काटकर अनवरी ने कहा-बीबी-रानी! मैं कलकत्ते में डाक्टरी करने के संबंध में बातें कर रही थी।,बीबी-रानी! मैं कलकत्ते में डाक्टरी करने के संबंध में बातें कर रही थी।,अनवरी,ATTRIBUTED,HIGH,candidate_explicit_name,अनवरी ने कहा,
TITLI_TURN_00354,TITLI-CAND-000354,3.2,titli_20.html,639,शैला ने सांत्वना देते हुए कहा—जो होना था सो हो गया। अब दुख करने से क्या लाभ?,जो होना था सो हो गया। अब दुख करने से क्या लाभ?,शैला,ATTRIBUTED,HIGH,candidate_explicit_name,शैला ने सांत्वना देते हुए कहा,
TITLI_TURN_00356,TITLI-CAND-000356,3.2,titli_20.html,642,क्या है?—माधुरी ने पूछा।,क्या है?,माधुरी,ATTRIBUTED,HIGH,candidate_explicit_name,माधुरी ने पूछा,
TITLI_TURN_00361,TITLI-CAND-000361,3.2,titli_20.html,653,बिना कुछ सोचे हुए शैला ने कहा—चलूंगी।,चलूंगी।,शैला,ATTRIBUTED,HIGH,candidate_explicit_name,शैला ने कहा,
TITLI_TURN_00363,TITLI-CAND-000363,3.2,titli_20.html,662,"शैला इस छोटी-सी गृहस्थी में दो प्राणियों को मिलाकर उसकी कमी पूरी करते देखकर चकित हो रही थी। अभी छावनी की दशा देखकर आई थी। वहां सब कुछ था, पर सहयोग नहीं। यहां कुछ न था; परंतु पूरा सहयोग उस अभाव से मधुर युद्ध करने के लिए प्रस्तुत। शैला ने छेड़ने के लिए कहा—तितली! मुझे भूख लगी है। तुम अपने पकवान रहने दो; जो बना हो, मुझे लाकर खिला दो।","तितली! मुझे भूख लगी है। तुम अपने पकवान रहने दो; जो बना हो, मुझे लाकर खिला दो।",शैला,ATTRIBUTED,HIGH,candidate_explicit_name,शैला ने छेड़ने के लिए कहा,
TITLI_TURN_00364,TITLI-CAND-000364,3.2,titli_20.html,664,मधुबन ने कहा—तो ले आओ न!,तो ले आओ न!,मधुबन,ATTRIBUTED,HIGH,candidate_explicit_name,मधुबन ने कहा,
TITLI_TURN_00366,TITLI-CAND-000366,3.2,titli_20.html,671,"दूर न जाकर घर में तितली ही से, क्यों बहन!—शैला ने हंसकर कहा।","दूर न जाकर घर में तितली ही से, क्यों बहन!",शैला,ATTRIBUTED,HIGH,candidate_explicit_name,शैला ने हंसकर कहा,
TITLI_TURN_00369,TITLI-CAND-000369,3.2,titli_20.html,675,"तितली ने नमस्कार किया। दोनों चले। अभी बनजरिया से कुछ ही दूर पहुंचे होंगे कि मलिया उधर से आती हुई दिखाई पड़ी। उसकी दयनीय और भयभीत मुखाकृति देखकर शैला को रुक जाना पड़ा। शैला ने उसे पास बुलाकर कहा—मलिया, तू तितली के पास निर्भय होकर रह, किसी बात की चिंता मत कर।","मलिया, तू तितली के पास निर्भय होकर रह, किसी बात की चिंता मत कर।",शैला,ATTRIBUTED,HIGH,candidate_explicit_name,शैला ने उसे पास बुलाकर कहा,
TITLI_TURN_00372,TITLI-CAND-000372,3.2,titli_20.html,682,माधुरी ने पूछा—और कुछ सामान नहीं है क्या?,और कुछ सामान नहीं है क्या?,माधुरी,ATTRIBUTED,HIGH,candidate_explicit_name,माधुरी ने पूछा,
TITLI_TURN_00373,TITLI-CAND-000373,3.2,titli_20.html,685,"शैला ने कुछ सोचकर कहा—आपने तहसीलदार को साथ में नहीं लिया। बिना उसके वह काम, जो आप करना चाहती हैं; हो सकेगा?","आपने तहसीलदार को साथ में नहीं लिया। बिना उसके वह काम, जो आप करना चाहती हैं; हो सकेगा?",शैला,ATTRIBUTED,HIGH,candidate_explicit_name,शैला ने कुछ सोचकर कहा,
TITLI_TURN_00378,TITLI-CAND-000378,3.3,titli_21.html,713,अब तो आ गई हूं जीजी—तितली ने हंसकर कहा।,अब तो आ गई हूं जीजी,तितली,ATTRIBUTED,HIGH,candidate_explicit_name,तितली ने हंसकर कहा,
TITLI_TURN_00393,TITLI-CAND-000393,3.3,titli_21.html,742,"सुखदेव ने घूमकर कहा—मधुबन! बे, ते मत करो!","मधुबन! बे, ते मत करो!",सुखदेव,ATTRIBUTED,HIGH,candidate_explicit_name,सुखदेव ने घूमकर कहा,
TITLI_TURN_00397,TITLI-CAND-000397,3.3,titli_21.html,749,"मैना एक वेश्या थी। उसके सामने कुलीनता का आडम्बर रखने वाले घर का यह भंडाफोड़। मधुबन चुप था। राजकुमारी ने कहा—अच्छा, भीतर चलो। जो किया सो अच्छा किया। यह कौन है?","अच्छा, भीतर चलो। जो किया सो अच्छा किया। यह कौन है?",राजकुमारी,ATTRIBUTED,HIGH,candidate_explicit_name,राजकुमारी ने कहा,
TITLI_TURN_00405,TITLI-CAND-000405,3.4,titli_22.html,769,"महंगू के अलाव पर गांव पर की आलोचना होती थी। रामजस को बेकारी में दूसरी जगह बैठने की कहां थी। महंगू ने खांसकर कहा—मधुबन बाबू को ऐसा नहीं करना चाहिए था। भला ब्याह-बारात में किसी मंगल काम में, ऐसा गड़बड़ करा देना चाहिए।","मधुबन बाबू को ऐसा नहीं करना चाहिए था। भला ब्याह-बारात में किसी मंगल काम में, ऐसा गड़बड़ करा देना चाहिए।",महंगू,ATTRIBUTED,HIGH,candidate_explicit_name,महंगू ने खांसकर कहा,
TITLI_TURN_00406,TITLI-CAND-000406,3.4,titli_22.html,770,"झूठे हैं, जो लोग ऐसी बात कहते हैं महतो!—रामजस ने उत्तेजित होकर कहा।","झूठे हैं, जो लोग ऐसी बात कहते हैं महतो!",रामजस,ATTRIBUTED,HIGH,candidate_explicit_name,रामजस ने उत्तेजित होकर कहा,
TITLI_TURN_00408,TITLI-CAND-000408,3.4,titli_22.html,775,"सामने मधुबन को आते देखकर वह जैसे चौंक उठा। मधुबन के मुंह पर गहरी चिंता की छाया थी। मधुबन ने पूछा—क्यों रामजस, कब जा रहे हो?","क्यों रामजस, कब जा रहे हो?",मधुबन,ATTRIBUTED,HIGH,candidate_explicit_name,मधुबन ने पूछा,
TITLI_TURN_00411,TITLI-CAND-000411,3.4,titli_22.html,792,मैं यह सब मानता। पेट के प्रश्न को सामने रखकर शक्ति-संपन्न पाखंडी लोग अभाव-पीड़ितों को सब तरह के नाच नचा रहे हैं। मनुष्य को अपनी वास्तविकता का जैसे ज्ञान नहीं रह गया है। तब यह सब बातें सुनने के योग्य नहीं रह जातीं। प्रभुत्व और धन के बल पर कौन-कौन से अपराध नहीं हो रहे हैं। तब उन्हीं लोगों के अपराध-अपराध चिल्लाने का स्वर दूसरे गांव में भटक कर चले आने वाले नए कुत्ते के पीछे गांव के कुत्तों का-सा है। वह सब मैं सुनते-सुनते ऊब गया हूं मधुबन भइया! मधुबन ने गंभीर होकर कहा—तुम्हारे खेत की फसल नीलाम हो चुकी है। अब तुम उसे छुओगे तो मुकदमा चलेगा। चलो तुम बनजरिया में रहो। फिर देखा जाएगा।,तुम्हारे खेत की फसल नीलाम हो चुकी है। अब तुम उसे छुओगे तो मुकदमा चलेगा। चलो तुम बनजरिया में रहो। फिर देखा जाएगा।,मधुबन,ATTRIBUTED,HIGH,candidate_explicit_name,मधुबन ने गंभीर होकर कहा,
TITLI_TURN_00414,TITLI-CAND-000414,3.4,titli_22.html,807,"मधुबन ने एक दीर्घ निःश्वास लेकर कहा—स्त्री को स्त्री का अवलम्बन मिल गया। तितली, मैना के भय से राजो को पकड़कर उसकी गोद में मुंह छिपाना चाहती है। और राजो, उसकी भी दर्बलता साधारण नहीं। चलो अच्छा हआ एक-दसरे को संभाल लेंगी।","स्त्री को स्त्री का अवलम्बन मिल गया। तितली, मैना के भय से राजो को पकड़कर उसकी गोद में मुंह छिपाना चाहती है। और राजो, उसकी भी दर्बलता साधारण नहीं। चलो अच्छा हआ एक-दसरे को संभाल लेंगी।",मधुबन,ATTRIBUTED,HIGH,candidate_explicit_name,मधुबन ने एक दीर्घ निःश्वास लेकर कहा,
TITLI_TURN_00417,TITLI-CAND-000417,3.4,titli_22.html,817,अभी बात पूरी न हो पाई थी कि सामने से सुखदेव ने कहा—यह क्या हो रहा है रामजस! कुछ पीछे की भी सुध है? क्या जेल जाने की तैयारी कर रहे हो?,यह क्या हो रहा है रामजस! कुछ पीछे की भी सुध है? क्या जेल जाने की तैयारी कर रहे हो?,सुखदेव,ATTRIBUTED,HIGH,candidate_explicit_name,सुखदेव ने कहा,
TITLI_TURN_00418,TITLI-CAND-000418,3.4,titli_22.html,822,"कहे देता हूं कि सीधे-सीधे चले जाओ, नहीं तो तुम्हारी मस्ती उतार दूंगा। कहकर रामजस सीधा तनकर खड़ा हो गया। सुखदेव ने भी क्रोध में आकर कहा—दूंगा एक झापड़, दांत झड़ जायेंगे। मैं तो समझा रहा हूं, तू बहकता जा रहा है।","दूंगा एक झापड़, दांत झड़ जायेंगे। मैं तो समझा रहा हूं, तू बहकता जा रहा है।",सुखदेव,ATTRIBUTED,HIGH,candidate_explicit_name,सुखदेव ने भी क्रोध में आकर कहा,
TITLI_TURN_00419,TITLI-CAND-000419,3.4,titli_22.html,825,महंगू ने कहा—यह बड़ा अंधेर है। ऐसी नवाबी तो नहीं देखी। भला कुर्क हुए खेत को इस तरह तहस-नहस करना चाहिए।,यह बड़ा अंधेर है। ऐसी नवाबी तो नहीं देखी। भला कुर्क हुए खेत को इस तरह तहस-नहस करना चाहिए।,महंगू,ATTRIBUTED,HIGH,candidate_explicit_name,महंगू ने कहा,
TITLI_TURN_00423,TITLI-CAND-000423,3.4,titli_22.html,829,"मधुबन ने उसका हाथ पकड़कर कहा—अरे महंगू बूढ़ा है। उस बेचारे ने क्या किया है? अधिक उपद्रव न बढ़ाओं, जो किया सो अच्छा किया।","अरे महंगू बूढ़ा है। उस बेचारे ने क्या किया है? अधिक उपद्रव न बढ़ाओं, जो किया सो अच्छा किया।",मधुबन,ATTRIBUTED,HIGH,candidate_explicit_name,मधुबन ने उसका हाथ पकड़कर कहा,
TITLI_TURN_00443,TITLI-CAND-000443,3.6,titli_24.html,907,मैंने खून किया है—मधुबन ने अविचल भाव से कहा। बाप रे! यह क्यों? मुझे रुपये देने के लिए?,मैंने खून किया है,मधुबन,ATTRIBUTED,HIGH,candidate_explicit_name,मधुबन ने अविचल भाव से कहा,
TITLI_TURN_00446,TITLI-CAND-000446,3.6,titli_24.html,913,"मधुबन ने कहा—अच्छा, जो तुम कहो वही करूंगा।","अच्छा, जो तुम कहो वही करूंगा।",मधुबन,ATTRIBUTED,HIGH,candidate_explicit_name,मधुबन ने कहा,
TITLI_TURN_00448,TITLI-CAND-000448,3.6,titli_24.html,916,"मधुबन बच्चों की तरह पीने लगा—उसका कंठ प्यास से सूख रहा था। दूध पीकर मधुबन ने मैना से कहा—मैं कुछ दिनों के लिए धामपुर छोड़ देना चाहता हूं। रामजस वाले मामले में पुलिस मेरे पीछे पड़ी है। अब एक और काण्ड हो गया है। मैना! तुम वेश्या हो तो क्या, न जाने क्यों मैं तुम्हारे ऊपर विश्वास करता हूं। तुम तितली की रक्षा करना, वह निरपराध!","मैं कुछ दिनों के लिए धामपुर छोड़ देना चाहता हूं। रामजस वाले मामले में पुलिस मेरे पीछे पड़ी है। अब एक और काण्ड हो गया है। मैना! तुम वेश्या हो तो क्या, न जाने क्यों मैं तुम्हारे ऊपर विश्वास करता हूं। तुम तितली की रक्षा करना, वह निरपराध!",मधुबन,ATTRIBUTED,HIGH,candidate_explicit_name,मधुबन ने मैना से कहा,
TITLI_TURN_00450,TITLI-CAND-000450,3.6,titli_24.html,922,तुम कहां-मधुबन ने नाव पर बैठते हुए कहा—जानते नहीं हो? रामजस के मुकदमे में पुलिस मुझको भी चाहती है। मैं बनारस जा रहा हूं। वकील से सलाह करने।,तुम कहां,मधुबन,ATTRIBUTED,HIGH,candidate_explicit_name,मधुबन ने नाव पर बैठते हुए कहा,
TITLI_TURN_00451,TITLI-CAND-000451,3.6,titli_24.html,922,तुम कहां-मधुबन ने नाव पर बैठते हुए कहा—जानते नहीं हो? रामजस के मुकदमे में पुलिस मुझको भी चाहती है। मैं बनारस जा रहा हूं। वकील से सलाह करने।,जानते नहीं हो? रामजस के मुकदमे में पुलिस मुझको भी चाहती है। मैं बनारस जा रहा हूं। वकील से सलाह करने।,मधुबन,ATTRIBUTED,HIGH,candidate_explicit_name,मधुबन ने नाव पर बैठते हुए कहा,
TITLI_TURN_00452,TITLI-CAND-000452,3.7,titli_25.html,928,इंद्रदेव ने कहा—आज मेरे यहां कुछ लोग बाहर के आ गए हैं। उनके लिए थोड़ी-सी मटर चाहिए।,आज मेरे यहां कुछ लोग बाहर के आ गए हैं। उनके लिए थोड़ी-सी मटर चाहिए।,इंद्रदेव,ATTRIBUTED,HIGH,candidate_explicit_name,इंद्रदेव ने कहा,
TITLI_TURN_00457,TITLI-CAND-000457,3.7,titli_25.html,942,"उसकी बात काटते हुए इंद्रदेव ने कहा-हम लोग आज बड़े बंगले में ब्यालू करेंगे। वहां, घीसू से कह दो कि मेरे बगल वाले कमरे में मेम साहब के लिए पलंग लगा दे।","हम लोग आज बड़े बंगले में ब्यालू करेंगे। वहां, घीसू से कह दो कि मेरे बगल वाले कमरे में मेम साहब के लिए पलंग लगा दे।",इंद्रदेव,ATTRIBUTED,HIGH,candidate_explicit_name,इंद्रदेव ने कहा,
TITLI_TURN_00458,TITLI-CAND-000458,3.7,titli_25.html,943,मिसिर के जाने पर शैला ने कहा-मैं तो कोठी पर चली जाऊंगी। यहां झंझट बढ़ाने से क्या काम है। मुझे तो यहां आए दो सप्ताह से अधिक हो गया। वहां तो मुझे कोई असुविधा नहीं है।,मैं तो कोठी पर चली जाऊंगी। यहां झंझट बढ़ाने से क्या काम है। मुझे तो यहां आए दो सप्ताह से अधिक हो गया। वहां तो मुझे कोई असुविधा नहीं है।,शैला,ATTRIBUTED,HIGH,candidate_explicit_name,शैला ने कहा,
TITLI_TURN_00460,TITLI-CAND-000460,3.7,titli_25.html,945,"किंतु यह व्यंग्य शैला के लिए अधिक हो गया। इंद्रदेव को वह मना लेने आई थी। वह इसी शहर में रहने पर भी आज कितने दिनों पर उनसे भेंट करने आई, इस बात का क्या इंद्रदेव को दुख न होगा? आने पर भी वह यहां रहना नहीं चाहती। इंद्रदेव ने अपने मन में यही समझा होगा कि वह अपने सुख को देखती है। शैला ने हाथ जोड़कर कहा-क्षमा करो इंद्रदेव! मैंने भूल की है।",क्षमा करो इंद्रदेव! मैंने भूल की है।,शैला,ATTRIBUTED,HIGH,candidate_explicit_name,शैला ने हाथ जोड़कर कहा,
TITLI_TURN_00473,TITLI-CAND-000473,3.7,titli_25.html,966,नंदरानी की आखों से दो बूंद आंसू टपक पड़े। न जाने कितनी अमंगल और मगंल की कोमल भावनाएं संसार के कोने-कोने से खिलखिला पड़ी। उसने मुकुंदलाल का प्रतिवाद करना चाहा; परंतु नारी-जीवन का कैसा गूढ़ रहस्य है कि वह स्पष्ट विरोध न कर सकी। इतने में इंद्रदेव ने कहा-भाई साहब मुझे एक रजिस्ट्री करानी है! मैं अपनी समस्त सम्पत्ति मां के नाम लिख देना चाहता हूं। क्योंकि...,भाई साहब मुझे एक रजिस्ट्री करानी है! मैं अपनी समस्त सम्पत्ति मां के नाम लिख देना चाहता हूं। क्योंकि...,इंद्रदेव,ATTRIBUTED,HIGH,candidate_explicit_name,इंद्रदेव ने कहा,
TITLI_TURN_00485,TITLI-CAND-000485,3.7,titli_25.html,988,"प्यार से उसकी पीठ थपथपाते हुए शैला ने कहा-नहीं, तुम दूसरी जगह न जाओ, मैं आज अपनी ही परीक्षा लूंगी। तुमको यह नहीं मालूम कि आज ही उन्होंने अपनी जमींदारी का सर्वस्व त्याग दिया है।","नहीं, तुम दूसरी जगह न जाओ, मैं आज अपनी ही परीक्षा लूंगी। तुमको यह नहीं मालूम कि आज ही उन्होंने अपनी जमींदारी का सर्वस्व त्याग दिया है।",शैला,ATTRIBUTED,HIGH,candidate_explicit_name,शैला ने कहा,
TITLI_TURN_00498,TITLI-CAND-000498,3.7,titli_25.html,1020,"शैला ने इंद्रदेव की ओर जिज्ञासा भरी दृष्टि से देखा। इंद्रदेव ने मिसिर को पुकारकर कहा-देखो, तितली नाम की एक स्त्री बाहर है, उसे बुला लाओ। तितली आई। उसने नमस्कार किया। इंद्रदेव ने कुर्सी दिखलाकर कहा-बैठो।",बैठो।,इंद्रदेव,ATTRIBUTED,HIGH,candidate_explicit_name,इंद्रदेव ने कुर्सी दिखलाकर कहा,
TITLI_TURN_00499,TITLI-CAND-000499,3.7,titli_25.html,1021,"सहसा उनके मन में वह बात चमक गई जो उनके और तितली के ब्याह के लिए धामपुर में एक बार अदृश्य का उपहास बनकर फैल गई थी। फिर प्रकृतिस्थ होकर, तितली के बैठ जाने पर, इंद्रदेव ने कहा-मुझे तुम्हारी सब बातें मालूम हैं। मैं सब तरह की सहायता करूंगा। किंतु जब मधुबन इस समय कहीं जाकर छिप गया है, तब सोच-समझकर कुछ करना होगा। मैं उसका पता लगाने का प्रयत्न करूंगा। और रह गया शेरकोट, उसका कागज मैं देख लूंगा तब कहूंगा! बनजरिया का लगान जमा करवा दूंगा। फिर उसका भी प्रबंध कर दिया जाएगा। तब तक तुम यहीं रहो। क्यों शैला! कल के लिए तुम तितली को निमंत्रित न करोगी?","मुझे तुम्हारी सब बातें मालूम हैं। मैं सब तरह की सहायता करूंगा। किंतु जब मधुबन इस समय कहीं जाकर छिप गया है, तब सोच-समझकर कुछ करना होगा। मैं उसका पता लगाने का प्रयत्न करूंगा। और रह गया शेरकोट, उसका कागज मैं देख लूंगा तब कहूंगा! बनजरिया का लगान जमा करवा दूंगा। फिर उसका भी प्रबंध कर दिया जाएगा। तब तक तुम यहीं रहो। क्यों शैला! कल के लिए तुम तितली को निमंत्रित न करोगी?",इंद्रदेव,ATTRIBUTED,HIGH,candidate_explicit_name,इंद्रदेव ने कहा,
TITLI_TURN_00500,TITLI-CAND-000500,3.7,titli_25.html,1022,"तितली ने चुपचाप सुन लिया। शैला ने कहा-तितली! कल के लिए, मेरी ओर से निमंत्रण है, तुमको यहीं रहना होगा।","तितली! कल के लिए, मेरी ओर से निमंत्रण है, तुमको यहीं रहना होगा।",शैला,ATTRIBUTED,HIGH,candidate_explicit_name,शैला ने कहा,
TITLI_TURN_00504,TITLI-CAND-000504,3.8,titli_26.html,1049,सहसा तितली ने पास आकर कहा—मलिया कहां गई? जीजी! क्या तुमने गऊ के ही खाने के लिए इतना-सा बोझ यहां डाल दिया है?,मलिया कहां गई? जीजी! क्या तुमने गऊ के ही खाने के लिए इतना-सा बोझ यहां डाल दिया है?,तितली,ATTRIBUTED,HIGH,candidate_explicit_name,तितली ने पास आकर कहा,
TITLI_TURN_00505,TITLI-CAND-000505,3.8,titli_26.html,1059,"फिर ठहरकर तितली ने कहा--जी मिचलाता है, थोड़ा जल दो जीजी!","-जी मिचलाता है, थोड़ा जल दो जीजी!",तितली,ATTRIBUTED,HIGH,candidate_explicit_name,तितली ने कहा,
TITLI_TURN_00506,TITLI-CAND-000506,4.1,titli_27.html,1067,"मधुबन ने कहा—रामदीन, उस बम्बे से आज एक बाल्टी पानी ले आओ। मुझे ज्वर हो आया है। उसमें से एक लोटा गरम करके मेरे सिरहाने रख देना! मैं सोने जाता","रामदीन, उस बम्बे से आज एक बाल्टी पानी ले आओ। मुझे ज्वर हो आया है। उसमें से एक लोटा गरम करके मेरे सिरहाने रख देना! मैं सोने जाता",मधुबन,ATTRIBUTED,HIGH,candidate_explicit_name,मधुबन ने कहा,
TITLI_TURN_00509,TITLI-CAND-000509,4.1,titli_27.html,1071,"फेंक तो दिए, जो मेरे चौतरिया पर बैठेगा वही इस तरह...वह आगे कुछ कह न सके, इसलिए मधुबन ने कहा—चुप रहो—चिरकिट तुम पाजीपन भी करते हो और सबसे टर्राते हो! वह बरतन मांजकर ईंटें नहीं उठा ले जाएगा। हट जाता है तो तुम भी मांज लेना।",चुप रहो—चिरकिट तुम पाजीपन भी करते हो और सबसे टर्राते हो! वह बरतन मांजकर ईंटें नहीं उठा ले जाएगा। हट जाता है तो तुम भी मांज लेना।,मधुबन,ATTRIBUTED,HIGH,candidate_explicit_name,मधुबन ने कहा,
TITLI_TURN_00513,TITLI-CAND-000513,4.1,titli_27.html,1084,इतने में रामदीन ने नोटों का बंडल निकालकर सामने रख दिया। मधुबन ने पूछा- अरे तूने इतने नोट कहां से पाएं? क्या उससे तूने छीन लिया पाजी! क्या फिर यहां चोरी पकड़वाएगा।,अरे तूने इतने नोट कहां से पाएं? क्या उससे तूने छीन लिया पाजी! क्या फिर यहां चोरी पकड़वाएगा।,मधुबन,ATTRIBUTED,HIGH,candidate_explicit_name,मधुबन ने पूछा,
TITLI_TURN_00517,TITLI-CAND-000517,4.1,titli_27.html,1106,रात के दस बजे थे। हबड़ा से चांदपाल घाट को जानेवाली सड़क पर मधबन अपनी रिक्शा लिए धीरे-धीरे चला जा रहा था। वह बैण्ड बजने वाले मड़ो पर खड़ा होकर गंगा की धारा को क्षण-भर के लिए देखने का प्रयत्न करने लगा। इतने में एक स्त्री का हाथ पकड़े हुए एक बाबू साहब लड़खड़ाती चाल से रिक्शा के सामने आकर खड़े हो गए। मधुबन रुककर आज्ञा की प्रतीक्षा करने लगा। दोनों ही मदिरा के नशे में झूम रहे थे। मधुबन ने पूछा-हबड़ा?,हबड़ा?,मधुबन,ATTRIBUTED,HIGH,candidate_explicit_name,मधुबन ने पूछा,
TITLI_TURN_00520,TITLI-CAND-000520,4.1,titli_27.html,1117,मैना!—मधुबन ने उत्तर दिया।,मैना!,मधुबन,ATTRIBUTED,HIGH,candidate_explicit_name,मधुबन ने उत्तर दिया,
TITLI_TURN_00521,TITLI-CAND-000521,4.1,titli_27.html,1122,वाट्सन के साथ बैठी हुई शैला मेज पर फैले गांव के नक्शे को देख रही थी! किसानों का झुण्ड सामने खड़ा था। महंगू ने कहा—दुहाई सरकार मर जाएंगे।,दुहाई सरकार मर जाएंगे।,महंगू,ATTRIBUTED,HIGH,candidate_explicit_name,महंगू ने कहा,
TITLI_TURN_00523,TITLI-CAND-000523,4.1,titli_27.html,1126,"शैला ने वाट्सन की ओर देखा। उस देखने में एक प्रश्न था। किंतु वाट्सन ने कहानहीं, तुम्हारा वह खेत तुम्हारी चरनी और कोल्हू से बहुत दूर है। उसको तो तुम्हें छोड़ना ही पड़ेगा। तुम अपने समीप का एक टुकड़ा क्यों नहीं पसन्द करते। वाट्सन ने नक्शे पर उंगली रखी। शैला चुप रही। इतने में तितली एक छोटा-सा बच्चा गोद में लिये यहां आई। उसे देखते ही दूसरी कुर्सी पर बैठने का संकेत करते हुए शैला ने कहा- वाट्सन! यही मेरी बहन 'तितली' है। जिसके लिए मैंने तुमसे कहा था। कन्या-पाठशाला की यही अध्यापिका है। बीस लड़कियां तो उसमें बोर्ड की हिंदी-परीक्षा के लिए इस साल प्रस्तुत हो रही हैं। और छोटी-छोटी कक्षाओं में कुल मिलाकर चालीस होगी।",तितली,शैला,ATTRIBUTED,HIGH,candidate_explicit_name,शैला ने कहा,
TITLI_TURN_00528,TITLI-CAND-000528,4.2,titli_28.html,1133,"शैला ने दुःख से कहा-हां, इसका शेरकोट तो जमींदार ने बेदखल करा लिया। अब बनजरिया बची है; उस पर भी लगान लग गया। पहले माफी थी! और वाट्सन! तुमने तो यह न सुना होगा कि इसके पति को डकैती के अपराध में कारावास का दंड मिला है।","हां, इसका शेरकोट तो जमींदार ने बेदखल करा लिया। अब बनजरिया बची है; उस पर भी लगान लग गया। पहले माफी थी! और वाट्सन! तुमने तो यह न सुना होगा कि इसके पति को डकैती के अपराध में कारावास का दंड मिला है।",शैला,ATTRIBUTED,HIGH,candidate_explicit_name,शैला ने दुःख से कहा,
TITLI_TURN_00532,TITLI-CAND-000532,4.2,titli_28.html,1144,परंतु अभागा है—तितली ने कहा।,परंतु अभागा है,तितली,ATTRIBUTED,HIGH,candidate_explicit_name,तितली ने कहा,
TITLI_TURN_00533,TITLI-CAND-000533,4.2,titli_28.html,1146,"तितली ने कहा—वह! डाकू, हत्यारा और चोर था या नहीं, सो तो मैं नहीं कह सकती; क्योंकि चौबीसों घंटे मैं साथ रही; फिर भी शैला! वह...।","वह! डाकू, हत्यारा और चोर था या नहीं, सो तो मैं नहीं कह सकती; क्योंकि चौबीसों घंटे मैं साथ रही; फिर भी शैला! वह...।",तितली,ATTRIBUTED,HIGH,candidate_explicit_name,तितली ने कहा,
TITLI_TURN_00537,TITLI-CAND-000537,4.2,titli_28.html,1154,"किया है। कुछ लोगों ने इन लड़कियों के रख लेने पर प्रवाद फैलाया। परंतु वे इसमें असफल रहे। मैं तो कहती हूं कि यदि सब लड़कियां पढ़ना बंद कर दें, तो मैं साल भर में ही ऐसे कितनी ही छोटी-बड़ी अनाथ लड़कियां एकत्र कर लूंगी, जिनसे मेरी पाठशाला और खेती-बाड़ी बराबर चलती रहेगी। मैं इसे कन्या-गुरुकुल बना दूंगी! तितली का मुंह उत्साह से दमकने लगा, और शैला विमुग्ध होकर उसकी मन-ही-मन सराहना कर रही थी। फिर शैला ने कहा—तितली! मेरी एक बात मानोगी? मैं इंद्रदेव के आने पर तुमको बुलाऊंगी। मैं चाहती हूं कि तुम उनसे एक बार कहो कि वे मधुबन के लिए अपील करें।",तितली! मेरी एक बात मानोगी? मैं इंद्रदेव के आने पर तुमको बुलाऊंगी। मैं चाहती हूं कि तुम उनसे एक बार कहो कि वे मधुबन के लिए अपील करें।,शैला,ATTRIBUTED,HIGH,candidate_explicit_name,शैला ने कहा,
TITLI_TURN_00542,TITLI-CAND-000542,4.2,titli_28.html,1176,"बिना रुके हुए तितली ने कहा—वह मेरा घर है, खेत नहीं, उसको मैं उसके ही स्वरूप में ले सकती हूं। उससे बदला नहीं ले सकता।","वह मेरा घर है, खेत नहीं, उसको मैं उसके ही स्वरूप में ले सकती हूं। उससे बदला नहीं ले सकता।",तितली,ATTRIBUTED,HIGH,candidate_explicit_name,तितली ने कहा,
TITLI_TURN_00544,TITLI-CAND-000544,4.2,titli_28.html,1178,इंद्रदेव ने कहा—मैं तो समझता हूं कि अब हम लोगों को चलना चाहिए; क्योंकि,मैं तो समझता हूं कि अब हम लोगों को चलना चाहिए; क्योंकि,इंद्रदेव,ATTRIBUTED,HIGH,candidate_explicit_name,इंद्रदेव ने कहा,
TITLI_TURN_00547,TITLI-CAND-000547,4.3,titli_29.html,1199,"नाव बीच में चली जा रही थी। शैला ने देखा, एक ब्राह्मण-परिवार तट पर उस शीतकाल में नहा रहा है। शैला ने हंसकर कहा—तुम भी प्रत्येक रविवार को गिरजे में नहीं जाते, फिर कैसे ईसाई!","तुम भी प्रत्येक रविवार को गिरजे में नहीं जाते, फिर कैसे ईसाई!",शैला,ATTRIBUTED,HIGH,candidate_explicit_name,शैला ने हंसकर कहा,
TITLI_TURN_00553,TITLI-CAND-000553,4.3,titli_29.html,1215,शैला ने कहा—अरे यह तो रामदीन है!,अरे यह तो रामदीन है!,शैला,ATTRIBUTED,HIGH,candidate_explicit_name,शैला ने कहा,
TITLI_TURN_00557,TITLI-CAND-000557,4.3,titli_29.html,1223,"तितली ने गर्व से शैला की ओर देखा। शैला ने पूछा—अब क्या करेगा रामदीन? अब, यहीं गांव में रहूंगा। कहीं नौकरी करूंगा।","अब क्या करेगा रामदीन? अब, यहीं गांव में रहूंगा। कहीं नौकरी करूंगा।",शैला,ATTRIBUTED,HIGH,candidate_explicit_name,शैला ने पूछा,
TITLI_TURN_00558,TITLI-CAND-000558,4.3,titli_29.html,1227,"तितली ने स्थिर भाव से कहा—कहती क्यों नहीं? बोल न, क्यों लजाती है। लिए जा, पहले अपने रामदीन को कुछ खिला।","कहती क्यों नहीं? बोल न, क्यों लजाती है। लिए जा, पहले अपने रामदीन को कुछ खिला।",तितली,ATTRIBUTED,HIGH,candidate_explicit_name,तितली ने स्थिर भाव से कहा,
TITLI_TURN_00559,TITLI-CAND-000559,4.3,titli_29.html,1231,तितली ने कहा—बैठो बहन! जल्दी क्या है?,बैठो बहन! जल्दी क्या है?,तितली,ATTRIBUTED,HIGH,candidate_explicit_name,तितली ने कहा,
TITLI_TURN_00573,TITLI-CAND-000573,4.4,titli_30.html,1291,मधुबन ने पूछा-कौन महंतजी?,कौन महंतजी?,मधुबन,ATTRIBUTED,HIGH,candidate_explicit_name,मधुबन ने पूछा,
TITLI_TURN_00574,TITLI-CAND-000574,4.4,titli_30.html,1298,"तहसीलदार ने कहा—महाराज! क्यों आप घबराते हैं, कुछ काम तो करना नहीं है। इसके साथ हम लोगों के रहने का यह तात्पर्य तो है नहीं कि यह सुधारा जाए। खाओ-पीओ, मौज लो। देखते नहीं, मैं चला था धामपुर के जमींदार को सुधारने, क्या दशा हुई! आज वही मेम सर्वस्व की स्वामिनी है। और मैं निकाल बाहर किया गया। गांव में किसी की दाल नहीं गलती। किसान लोगों के पास लम्बी-चौड़ी खेती हो गई। वे अब भला कानूनगो और तहसीलदारों की बात क्यों सुनेंगे! अमीरों के यहां तो यह सब होता ही रहता है। हम लोग मंदिर के सेवक हैं। चलने दो।","महाराज! क्यों आप घबराते हैं, कुछ काम तो करना नहीं है। इसके साथ हम लोगों के रहने का यह तात्पर्य तो है नहीं कि यह सुधारा जाए। खाओ-पीओ, मौज लो। देखते नहीं, मैं चला था धामपुर के जमींदार को सुधारने, क्या दशा हुई! आज वही मेम सर्वस्व की स्वामिनी है। और मैं निकाल बाहर किया गया। गांव में किसी की दाल नहीं गलती। किसान लोगों के पास लम्बी-चौड़ी खेती हो गई। वे अब भला कानूनगो और तहसीलदारों की बात क्यों सुनेंगे! अमीरों के यहां तो यह सब होता ही रहता है। हम लोग मंदिर के सेवक हैं। चलने दो।",तहसीलदार,ATTRIBUTED,HIGH,candidate_explicit_name,तहसीलदार ने कहा,
TITLI_TURN_00581,TITLI-CAND-000581,4.5,titli_31.html,1342,लम्बी सांस लेकर रामजस ने कहा-हां बेटा! मसान ही है। इसी जगह तुम्हारे वंश की प्रभुता की चिता जल रही है। तुमको क्या मालूम; यही तुम्हारे पुरुषों की डीह है। तुम्हारी ही यह गढ़ी है।,हां बेटा! मसान ही है। इसी जगह तुम्हारे वंश की प्रभुता की चिता जल रही है। तुमको क्या मालूम; यही तुम्हारे पुरुषों की डीह है। तुम्हारी ही यह गढ़ी है।,रामजस,ATTRIBUTED,HIGH,candidate_explicit_name,रामजस ने कहा,
TITLI_TURN_00587,TITLI-CAND-000587,4.5,titli_31.html,1357,"रामजस ने देखकर कहा-होगा कोई, चलो, अब रात हो रही है। तेरी बुआ बिगड़ेगी।","होगा कोई, चलो, अब रात हो रही है। तेरी बुआ बिगड़ेगी।",रामजस,ATTRIBUTED,HIGH,candidate_explicit_name,रामजस ने देखकर कहा,
TITLI_TURN_00589,TITLI-CAND-000589,4.5,titli_31.html,1364,"तितली ने डांटकर पूछा—क्यों, तू इतनी देर तक कहां घूमता रहा? छुट्टी है तो क्या घर पर पढ़ने को नहीं है?","क्यों, तू इतनी देर तक कहां घूमता रहा? छुट्टी है तो क्या घर पर पढ़ने को नहीं है?",तितली,ATTRIBUTED,HIGH,candidate_explicit_name,तितली ने डांटकर पूछा,
TITLI_TURN_00592,TITLI-CAND-000592,4.5,titli_31.html,1368,"उसको हटाने के लिए तितली ने कहा—अच्छा, जाओ। तुम लोग खा-पी लो। कल देखा जाएगा।","अच्छा, जाओ। तुम लोग खा-पी लो। कल देखा जाएगा।",तितली,ATTRIBUTED,HIGH,candidate_explicit_name,तितली ने कहा,
TITLI_TURN_00594,TITLI-CAND-000594,4.5,titli_31.html,1380,सो जा बेटा!—तितली ने कहा।  नींद नहीं आ रही है। मोहन ने कहा। उसकी आंखों में जिज्ञासा भरी थी। क्या है रे? तितली ने दुलार से पूछा।,सो जा बेटा!,तितली,ATTRIBUTED,HIGH,candidate_explicit_name,तितली ने कहा,
