v4_index,v4_turn_id,v4_speaker,v1_start,v1_end,v1_count,status
0,VOF_T00001,Unknown,0,0,1,single
1,VOF_T00002,Unknown,1,1,1,single
2,VOF_T00003,Unknown,2,3,2,merge
3,VOF_T00004,Unknown,4,4,1,single
4,VOF_T00005,I,5,6,2,merge
5,VOF_T00006,I,7,8,2,merge
6,VOF_T00007,he,9,10,2,merge
7,VOF_T00008,Unknown,11,11,1,single
8,VOF_T00009,Unknown,12,12,1,single
9,VOF_T00010,Unknown,13,13,1,single
10,VOF_T00011,Unknown,14,14,1,single
11,VOF_T00012,Unknown,15,15,1,single
12,VOF_T00013,Holmes,16,17,2,merge
13,VOF_T00014,Unknown,18,18,1,single
14,VOF_T00015,Unknown,19,19,1,single
15,VOF_T00016,Unknown,20,20,1,single
16,VOF_T00017,Unknown,21,21,1,single
17,VOF_T00018,Unknown,22,22,1,single
18,VOF_T00019,Unknown,23,23,1,single
19,VOF_T00020,Unknown,24,24,1,single
20,VOF_T00021,Unknown,25,25,1,single
21,VOF_T00022,Unknown,26,26,1,single
22,VOF_T00023,Unknown,27,27,1,single
23,VOF_T00024,Unknown,28,28,1,single
24,VOF_T00025,Unknown,29,29,1,single
25,VOF_T00026,Unknown,30,30,1,single
26,VOF_T00027,Unknown,31,31,1,single
27,VOF_T00028,Unknown,32,32,1,single
28,VOF_T00029,Holmes,33,34,2,merge
29,VOF_T00030,Unknown,35,35,1,single
30,VOF_T00031,Unknown,36,36,1,single
31,VOF_T00032,Unknown,37,37,1,single
32,VOF_T00033,Unknown,38,38,1,single
33,VOF_T00034,Unknown,39,39,1,single
34,VOF_T00035,Unknown,40,40,1,single
35,VOF_T00036,Unknown,41,41,1,single
36,VOF_T00037,Unknown,42,42,1,single
37,VOF_T00038,Unknown,43,43,1,single
38,VOF_T00039,Unknown,44,44,1,single
39,VOF_T00040,I,45,46,2,merge
40,VOF_T00041,Unknown,47,47,1,single
41,VOF_T00042,he,48,49,2,merge
42,VOF_T00043,Unknown,50,50,1,single
43,VOF_T00044,Unknown,51,51,1,single
44,VOF_T00045,Unknown,52,52,1,single
45,VOF_T00046,Unknown,53,53,1,single
46,VOF_T00047,Unknown,54,54,1,single
47,VOF_T00048,Unknown,55,55,1,single
48,VOF_T00049,Unknown,56,56,1,single
49,VOF_T00050,Unknown,57,57,1,single
50,VOF_T00051,Unknown,58,58,1,single
51,VOF_T00052,Unknown,59,59,1,single
52,VOF_T00053,Unknown,60,60,1,single
53,VOF_T00054,Unknown,61,61,1,single
54,VOF_T00055,Unknown,62,62,1,single
55,VOF_T00056,Unknown,63,63,1,single
56,VOF_T00057,Unknown,64,64,1,single
57,VOF_T00058,Unknown,65,65,1,single
58,VOF_T00059,Unknown,66,66,1,single
59,VOF_T00060,Unknown,67,67,1,single
60,VOF_T00061,Unknown,68,68,1,single
61,VOF_T00062,Unknown,69,69,1,single
62,VOF_T00063,Unknown,70,70,1,single
63,VOF_T00064,Unknown,71,71,1,single
64,VOF_T00065,Unknown,72,72,1,single
65,VOF_T00066,I,73,74,2,merge
66,VOF_T00067,Unknown,75,75,1,single
67,VOF_T00068,he,76,77,2,merge
68,VOF_T00069,Unknown,78,78,1,single
69,VOF_T00070,Unknown,79,79,1,single
70,VOF_T00071,Unknown,80,80,1,single
71,VOF_T00072,Unknown,81,81,1,single
72,VOF_T00073,Unknown,82,82,1,single
73,VOF_T00074,Unknown,83,83,1,single
74,VOF_T00075,he,84,85,2,merge
75,VOF_T00076,he,86,87,2,merge
76,VOF_T00077,Unknown,88,88,1,single
77,VOF_T00078,Unknown,89,89,1,single
78,VOF_T00079,he,90,91,2,merge
79,VOF_T00080,Holmes,92,93,2,merge
80,VOF_T00081,Unknown,94,94,1,single
81,VOF_T00082,Unknown,95,95,1,single
82,VOF_T00083,Unknown,96,96,1,single
83,VOF_T00084,Unknown,97,97,1,single
84,VOF_T00085,Unknown,98,98,1,single
85,VOF_T00086,Unknown,99,99,1,single
86,VOF_T00087,Unknown,100,100,1,single
87,VOF_T00088,Unknown,101,101,1,single
88,VOF_T00089,Unknown,102,102,1,single
89,VOF_T00090,Unknown,103,103,1,single
90,VOF_T00091,Unknown,104,104,1,single
91,VOF_T00092,Unknown,105,105,1,single
92,VOF_T00093,Unknown,106,106,1,single
93,VOF_T00094,Unknown,107,107,1,single
94,VOF_T00095,Unknown,108,108,1,single
95,VOF_T00096,Unknown,109,109,1,single
96,VOF_T00097,Unknown,110,110,1,single
97,VOF_T00098,Unknown,111,111,1,single
98,VOF_T00099,Unknown,112,112,1,single
99,VOF_T00100,Unknown,113,113,1,single
100,VOF_T00101,Unknown,114,114,1,single
101,VOF_T00102,Unknown,115,115,1,single
102,VOF_T00103,Unknown,116,116,1,single
103,VOF_T00104,Unknown,117,117,1,single
104,VOF_T00105,Unknown,118,118,1,single
105,VOF_T00106,Unknown,119,119,1,single
106,VOF_T00107,Unknown,120,120,1,single
107,VOF_T00108,Unknown,121,121,1,single
108,VOF_T00109,Unknown,122,122,1,single
109,VOF_T00110,Unknown,123,123,1,single
110,VOF_T00111,Unknown,124,124,1,single
111,VOF_T00112,Unknown,125,125,1,single
112,VOF_T00113,Unknown,126,126,1,single
113,VOF_T00114,Unknown,127,127,1,single
114,VOF_T00115,Unknown,128,128,1,single
115,VOF_T00116,Holmes,129,130,2,merge
116,VOF_T00117,Unknown,131,131,1,single
117,VOF_T00118,Holmes,132,132,1,single
118,VOF_T00119,Unknown,133,133,1,single
119,VOF_T00120,Unknown,134,134,1,single
120,VOF_T00121,the inspector,135,136,2,merge
121,VOF_T00122,Unknown,137,137,1,single
122,VOF_T00123,the inspector,138,139,2,merge
123,VOF_T00124,Unknown,140,140,1,single
124,VOF_T00125,Unknown,141,141,1,single
125,VOF_T00126,Unknown,142,142,1,single
126,VOF_T00127,Unknown,143,143,1,single
127,VOF_T00128,Unknown,144,144,1,single
128,VOF_T00129,Unknown,145,145,1,single
129,VOF_T00130,Unknown,146,146,1,single
130,VOF_T00131,Unknown,147,147,1,single
131,VOF_T00132,Unknown,148,148,1,single
132,VOF_T00133,Unknown,149,149,1,single
133,VOF_T00134,Unknown,150,150,1,single
134,VOF_T00135,Unknown,151,151,1,single
135,VOF_T00136,Unknown,152,152,1,single
136,VOF_T00137,Unknown,153,153,1,single
137,VOF_T00138,Unknown,154,154,1,single
138,VOF_T00139,Unknown,155,155,1,single
139,VOF_T00140,Unknown,156,156,1,single
140,VOF_T00141,Unknown,157,157,1,single
141,VOF_T00142,Unknown,158,158,1,single
142,VOF_T00143,Unknown,159,159,1,single
143,VOF_T00144,Unknown,160,160,1,single
144,VOF_T00145,he,161,162,2,merge
145,VOF_T00146,Unknown,163,163,1,single
146,VOF_T00147,Unknown,164,164,1,single
147,VOF_T00148,Unknown,165,165,1,single
148,VOF_T00149,Unknown,166,166,1,single
149,VOF_T00150,Unknown,167,167,1,single
150,VOF_T00151,MacDonald,168,169,2,merge
151,VOF_T00152,Holmes,170,171,2,merge
152,VOF_T00153,Unknown,172,172,1,single
153,VOF_T00154,Unknown,173,174,2,merge
154,VOF_T00155,Holmes,175,176,2,merge
155,VOF_T00156,Unknown,177,177,1,single
156,VOF_T00157,Unknown,178,178,1,single
157,VOF_T00158,Unknown,179,179,1,single
158,VOF_T00159,Unknown,180,180,1,single
159,VOF_T00160,Unknown,181,181,1,single
160,VOF_T00161,Ames,182,183,2,merge
161,VOF_T00162,Unknown,184,184,1,single
162,VOF_T00163,Cecil Barker,185,186,2,merge
163,VOF_T00164,Unknown,187,187,1,single
164,VOF_T00165,Unknown,188,188,1,single
165,VOF_T00166,Unknown,189,189,1,single
166,VOF_T00167,Unknown,190,190,1,single
167,VOF_T00168,Unknown,191,191,1,single
168,VOF_T00169,Unknown,192,192,1,single
169,VOF_T00170,Unknown,193,193,1,single
170,VOF_T00171,Unknown,194,194,1,single
171,VOF_T00172,Unknown,195,195,1,single
172,VOF_T00173,Unknown,196,196,1,single
173,VOF_T00174,Unknown,197,197,1,single
174,VOF_T00175,Unknown,198,198,1,single
175,VOF_T00176,Unknown,199,199,1,single
176,VOF_T00177,Unknown,200,200,1,single
177,VOF_T00178,Unknown,201,201,1,single
178,VOF_T00179,Unknown,202,202,1,single
179,VOF_T00180,the doctor,203,204,2,merge
180,VOF_T00181,the police sergeant,205,206,2,merge
181,VOF_T00182,Barker,207,208,2,merge
182,VOF_T00183,Ames,209,210,2,merge
183,VOF_T00184,Unknown,211,211,1,single
184,VOF_T00185,Ames,212,213,2,merge
185,VOF_T00186,the sergeant,214,215,2,merge
186,VOF_T00187,Unknown,216,216,1,single
187,VOF_T00188,Unknown,217,217,1,single
188,VOF_T00189,Unknown,218,218,1,single
189,VOF_T00190,Unknown,219,219,1,single
190,VOF_T00191,Unknown,220,220,1,single
191,VOF_T00192,Unknown,221,221,1,single
192,VOF_T00193,Unknown,222,222,1,single
193,VOF_T00194,Unknown,223,223,1,single
194,VOF_T00195,the sergeant,224,225,2,merge
195,VOF_T00196,Unknown,226,226,1,single
196,VOF_T00197,Unknown,227,227,1,single
197,VOF_T00198,the butler,228,229,2,merge
198,VOF_T00199,Unknown,230,230,1,single
199,VOF_T00200,Unknown,231,231,1,single
200,VOF_T00201,Barker,232,233,2,merge
201,VOF_T00202,Unknown,234,234,1,single
202,VOF_T00203,Unknown,235,235,1,single
203,VOF_T00204,Unknown,236,236,1,single
204,VOF_T00205,the doctor,237,238,2,merge
205,VOF_T00206,Cecil Barker,239,240,2,merge
206,VOF_T00207,the butler,241,242,2,merge
207,VOF_T00208,the sergeant,243,244,2,merge
208,VOF_T00209,Unknown,245,245,1,single
209,VOF_T00210,Unknown,246,246,1,single
210,VOF_T00211,Unknown,247,247,1,single
211,VOF_T00212,Barker,248,249,2,merge
212,VOF_T00213,Unknown,250,250,1,single
213,VOF_T00214,Unknown,251,251,1,single
214,VOF_T00215,Unknown,252,252,1,single
215,VOF_T00216,Unknown,253,253,1,single
216,VOF_T00217,he,254,255,2,merge
217,VOF_T00218,Unknown,256,256,1,single
218,VOF_T00219,Unknown,257,257,1,single
219,VOF_T00220,Unknown,258,258,1,single
220,VOF_T00221,Unknown,259,259,1,single
221,VOF_T00222,White Mason in great,260,261,2,merge
222,VOF_T00223,Holmes,262,263,2,merge
223,VOF_T00224,I,264,265,2,merge
224,VOF_T00225,Unknown,266,266,1,single
225,VOF_T00226,Holmes,267,268,2,merge
226,VOF_T00227,Unknown,269,270,2,merge
227,VOF_T00228,Unknown,271,271,1,single
228,VOF_T00229,Unknown,272,272,1,single
229,VOF_T00230,he,273,274,2,merge
230,VOF_T00231,Unknown,275,275,1,single
231,VOF_T00232,Unknown,276,276,1,single
232,VOF_T00233,Unknown,277,277,1,single
233,VOF_T00234,Unknown,278,278,1,single
234,VOF_T00235,Unknown,279,279,1,single
235,VOF_T00236,Unknown,280,280,1,single
236,VOF_T00237,Unknown,281,281,1,single
237,VOF_T00238,he,282,283,2,merge
238,VOF_T00239,Unknown,284,284,1,single
239,VOF_T00240,Holmes in his most,285,286,2,merge
240,VOF_T00241,Unknown,287,287,1,single
241,VOF_T00242,Unknown,288,288,1,single
242,VOF_T00243,Unknown,289,289,1,single
243,VOF_T00244,Unknown,290,290,1,single
244,VOF_T00245,Unknown,291,291,1,single
245,VOF_T00246,Unknown,292,292,1,single
246,VOF_T00247,Unknown,293,293,1,single
247,VOF_T00248,I,294,295,2,merge
248,VOF_T00249,Holmes,296,297,2,merge
249,VOF_T00250,White Mason cordially,298,299,2,merge
250,VOF_T00251,White Mason,300,301,2,merge
251,VOF_T00252,Unknown,302,302,1,single
252,VOF_T00253,Unknown,303,303,1,single
253,VOF_T00254,White Mason,304,305,2,merge
254,VOF_T00255,Unknown,306,306,1,single
255,VOF_T00256,Unknown,307,307,1,single
256,VOF_T00257,Unknown,308,308,1,single
257,VOF_T00258,Unknown,309,309,1,single
258,VOF_T00259,Unknown,310,310,1,single
259,VOF_T00260,Unknown,311,311,1,single
260,VOF_T00261,White Mason,312,313,2,merge
261,VOF_T00262,Unknown,314,314,1,single
262,VOF_T00263,Unknown,315,315,1,single
263,VOF_T00264,MacDonald,316,317,2,merge
264,VOF_T00265,Unknown,318,318,1,single
265,VOF_T00266,Unknown,319,319,1,single
266,VOF_T00267,Unknown,320,320,1,single
267,VOF_T00268,Unknown,321,321,1,single
268,VOF_T00269,Holmes,322,323,2,merge
269,VOF_T00270,Unknown,324,324,1,single
270,VOF_T00271,Holmes,325,326,2,merge
271,VOF_T00272,Unknown,327,327,1,single
272,VOF_T00273,Unknown,328,328,1,single
273,VOF_T00274,Unknown,329,329,1,single
274,VOF_T00275,MacDonald,330,331,2,merge
275,VOF_T00276,he,332,333,2,merge
276,VOF_T00277,Unknown,334,334,1,single
277,VOF_T00278,Unknown,335,335,1,single
278,VOF_T00279,Unknown,336,336,1,single
279,VOF_T00280,Unknown,337,337,1,single
280,VOF_T00281,Unknown,338,338,1,single
281,VOF_T00282,Unknown,339,339,1,single
282,VOF_T00283,Unknown,340,340,1,single
283,VOF_T00284,Holmes,341,342,2,merge
284,VOF_T00285,Unknown,343,343,1,single
285,VOF_T00286,Unknown,344,344,1,single
286,VOF_T00287,Unknown,345,345,1,single
287,VOF_T00288,Unknown,346,346,1,single
288,VOF_T00289,Unknown,347,347,1,single
289,VOF_T00290,Unknown,348,348,1,single
290,VOF_T00291,Unknown,349,349,1,single
291,VOF_T00292,Unknown,350,350,1,single
292,VOF_T00293,Unknown,351,351,1,single
293,VOF_T00294,Unknown,352,352,1,single
294,VOF_T00295,White Mason,353,354,2,merge
295,VOF_T00296,Unknown,355,355,1,single
296,VOF_T00297,Unknown,356,356,1,single
297,VOF_T00298,Unknown,357,357,1,single
298,VOF_T00299,Unknown,358,358,1,single
299,VOF_T00300,Unknown,359,359,1,single
300,VOF_T00301,Unknown,360,360,1,single
301,VOF_T00302,Unknown,361,361,1,single
302,VOF_T00303,Ames,362,363,2,merge
303,VOF_T00304,Unknown,364,364,1,single
304,VOF_T00305,Unknown,365,365,1,single
305,VOF_T00306,he,366,367,2,merge
306,VOF_T00307,Unknown,368,368,1,single
307,VOF_T00308,Unknown,369,369,1,single
308,VOF_T00309,the inspector,370,371,2,merge
309,VOF_T00310,Unknown,372,372,1,single
310,VOF_T00311,Unknown,373,373,1,single
311,VOF_T00312,White Mason as we,374,375,2,merge
312,VOF_T00313,Unknown,376,376,1,single
313,VOF_T00314,Unknown,377,377,1,single
314,VOF_T00315,Unknown,378,378,1,single
315,VOF_T00316,Unknown,379,379,1,single
316,VOF_T00317,I,380,381,2,merge
317,VOF_T00318,Unknown,382,382,1,single
318,VOF_T00319,Unknown,383,383,1,single
319,VOF_T00320,Unknown,384,384,1,single
320,VOF_T00321,Unknown,385,385,1,single
321,VOF_T00322,Unknown,386,386,1,single
322,VOF_T00323,Unknown,387,387,1,single
323,VOF_T00324,Unknown,388,388,1,single
324,VOF_T00325,Unknown,389,389,1,single
325,VOF_T00326,Unknown,390,390,1,single
326,VOF_T00327,Unknown,391,391,1,single
327,VOF_T00328,Unknown,392,392,1,single
328,VOF_T00329,Unknown,393,393,1,single
329,VOF_T00330,Unknown,394,394,1,single
330,VOF_T00331,Unknown,395,395,1,single
331,VOF_T00332,Unknown,396,396,1,single
332,VOF_T00333,Unknown,397,397,1,single
333,VOF_T00334,Unknown,398,398,1,single
334,VOF_T00335,Unknown,399,399,1,single
335,VOF_T00336,Unknown,400,400,1,single
336,VOF_T00337,Unknown,401,401,1,single
337,VOF_T00338,Unknown,402,402,1,single
338,VOF_T00339,Unknown,403,403,1,single
339,VOF_T00340,Unknown,404,404,1,single
340,VOF_T00341,Unknown,405,405,1,single
341,VOF_T00342,MacDonald,406,407,2,merge
342,VOF_T00343,Unknown,408,408,1,single
343,VOF_T00344,Unknown,409,409,1,single
344,VOF_T00345,Unknown,410,410,1,single
345,VOF_T00346,Unknown,411,411,1,single
346,VOF_T00347,Unknown,412,412,1,single
347,VOF_T00348,Unknown,413,413,1,single
348,VOF_T00349,Unknown,414,414,1,single
349,VOF_T00350,Unknown,415,415,1,single
350,VOF_T00351,Unknown,416,416,1,single
351,VOF_T00352,Unknown,417,417,1,single
352,VOF_T00353,Unknown,418,418,1,single
353,VOF_T00354,Unknown,419,419,1,single
354,VOF_T00355,Unknown,420,420,1,single
355,VOF_T00356,Unknown,421,421,1,single
356,VOF_T00357,Unknown,422,422,1,single
357,VOF_T00358,Unknown,423,423,1,single
358,VOF_T00359,Unknown,424,424,1,single
359,VOF_T00360,he,425,426,2,merge
360,VOF_T00361,Barker,427,428,2,merge
361,VOF_T00362,Unknown,429,429,1,single
362,VOF_T00363,Unknown,430,430,1,single
363,VOF_T00364,Unknown,431,431,1,single
364,VOF_T00365,Unknown,432,432,1,single
365,VOF_T00366,Unknown,433,433,1,single
366,VOF_T00367,MacDonald,434,435,2,merge
367,VOF_T00368,Unknown,436,436,1,single
368,VOF_T00369,Unknown,437,437,1,single
369,VOF_T00370,Unknown,438,438,1,single
370,VOF_T00371,Unknown,439,439,1,single
371,VOF_T00372,Unknown,440,440,1,single
372,VOF_T00373,Unknown,441,441,1,single
373,VOF_T00374,Unknown,442,442,1,single
374,VOF_T00375,Unknown,443,443,1,single
375,VOF_T00376,Unknown,444,444,1,single
376,VOF_T00377,Unknown,445,445,1,single
377,VOF_T00378,Unknown,446,446,1,single
378,VOF_T00379,Unknown,447,447,1,single
379,VOF_T00380,Unknown,448,448,1,single
380,VOF_T00381,Unknown,449,449,1,single
381,VOF_T00382,the inspector,450,451,2,merge
382,VOF_T00383,Unknown,452,452,1,single
383,VOF_T00384,Unknown,453,453,1,single
384,VOF_T00385,Unknown,454,454,1,single
385,VOF_T00386,Unknown,455,455,1,single
386,VOF_T00387,Unknown,456,456,1,single
387,VOF_T00388,Unknown,457,457,1,single
388,VOF_T00389,Unknown,458,458,1,single
389,VOF_T00390,Unknown,459,459,1,single
390,VOF_T00391,Unknown,460,460,1,single
391,VOF_T00392,Unknown,461,461,1,single
392,VOF_T00393,Unknown,462,462,1,single
393,VOF_T00394,Unknown,463,463,1,single
394,VOF_T00395,Unknown,464,464,1,single
395,VOF_T00396,Unknown,465,465,1,single
396,VOF_T00397,Unknown,466,466,1,single
397,VOF_T00398,Unknown,467,467,1,single
398,VOF_T00399,Unknown,468,468,1,single
399,VOF_T00400,Unknown,469,469,1,single
400,VOF_T00401,Unknown,470,470,1,single
401,VOF_T00402,Holmes,471,472,2,merge
402,VOF_T00403,Unknown,473,473,1,single
403,VOF_T00404,Unknown,474,474,1,single
404,VOF_T00405,Unknown,475,475,1,single
405,VOF_T00406,Unknown,476,476,1,single
406,VOF_T00407,Unknown,477,477,1,single
407,VOF_T00408,Unknown,478,478,1,single
408,VOF_T00409,I,479,480,2,merge
409,VOF_T00410,Unknown,481,481,1,single
410,VOF_T00411,Unknown,482,482,1,single
411,VOF_T00412,Unknown,483,483,1,single
412,VOF_T00413,Unknown,484,484,1,single
413,VOF_T00414,Unknown,485,485,1,single
414,VOF_T00415,Unknown,486,486,1,single
415,VOF_T00416,the inspector,487,488,2,merge
416,VOF_T00417,Unknown,489,489,1,single
417,VOF_T00418,MacDonald,490,491,2,merge
418,VOF_T00419,Unknown,492,492,1,single
419,VOF_T00420,Unknown,493,493,1,single
420,VOF_T00421,Unknown,494,494,1,single
421,VOF_T00422,Unknown,495,495,1,single
422,VOF_T00423,Unknown,496,496,1,single
423,VOF_T00424,Unknown,497,497,1,single
424,VOF_T00425,Unknown,498,498,1,single
425,VOF_T00426,Unknown,499,499,1,single
426,VOF_T00427,Unknown,500,500,1,single
427,VOF_T00428,Unknown,501,501,1,single
428,VOF_T00429,Holmes,502,503,2,merge
429,VOF_T00430,Unknown,504,504,1,single
430,VOF_T00431,he,505,505,1,single
431,VOF_T00432,Unknown,506,506,1,single
432,VOF_T00433,Unknown,507,507,1,single
433,VOF_T00434,Unknown,508,508,1,single
434,VOF_T00435,he,509,510,2,merge
435,VOF_T00436,Unknown,511,511,1,single
436,VOF_T00437,she,512,513,2,merge
437,VOF_T00438,Unknown,514,514,1,single
438,VOF_T00439,Barker,515,516,2,merge
439,VOF_T00440,I,517,518,2,merge
440,VOF_T00441,the woman in a,519,520,2,merge
441,VOF_T00442,Barker,521,522,2,merge
442,VOF_T00443,Unknown,523,523,1,single
443,VOF_T00444,Unknown,524,524,1,single
444,VOF_T00445,Unknown,525,525,1,single
445,VOF_T00446,Unknown,526,526,1,single
446,VOF_T00447,Holmes,527,528,2,merge
447,VOF_T00448,Unknown,529,529,1,single
448,VOF_T00449,Unknown,530,530,1,single
449,VOF_T00450,Unknown,531,531,1,single
450,VOF_T00451,Unknown,532,532,1,single
451,VOF_T00452,Unknown,533,533,1,single
452,VOF_T00453,I,534,535,2,merge
453,VOF_T00454,Unknown,536,536,1,single
454,VOF_T00455,Unknown,537,537,1,single
455,VOF_T00456,Holmes,538,539,2,merge
456,VOF_T00457,I,540,541,2,merge
457,VOF_T00458,Unknown,542,542,1,single
458,VOF_T00459,Unknown,543,543,1,single
459,VOF_T00460,Unknown,544,544,1,single
460,VOF_T00461,Unknown,545,545,1,single
461,VOF_T00462,Unknown,546,546,1,single
462,VOF_T00463,Unknown,547,547,1,single
463,VOF_T00464,Unknown,548,548,1,single
464,VOF_T00465,Unknown,549,549,1,single
465,VOF_T00466,I,550,551,2,merge
466,VOF_T00467,Unknown,552,552,1,single
467,VOF_T00468,Unknown,553,553,1,single
468,VOF_T00469,Unknown,554,554,1,single
469,VOF_T00470,Unknown,555,555,1,single
470,VOF_T00471,Unknown,556,556,1,single
471,VOF_T00472,Unknown,557,557,1,single
472,VOF_T00473,Unknown,558,558,1,single
473,VOF_T00474,Unknown,559,559,1,single
474,VOF_T00475,MacDonald,560,561,2,merge
475,VOF_T00476,Holmes,562,563,2,merge
476,VOF_T00477,Unknown,564,564,1,single
477,VOF_T00478,Holmes gleefully,565,566,2,merge
478,VOF_T00479,the inspector,567,568,2,merge
479,VOF_T00480,Unknown,569,569,1,single
480,VOF_T00481,Unknown,570,570,1,single
481,VOF_T00482,White Mason,571,572,2,merge
482,VOF_T00483,Unknown,573,573,1,single
483,VOF_T00484,Unknown,574,574,1,single
484,VOF_T00485,Holmes,575,576,2,merge
485,VOF_T00486,Unknown,577,577,1,single
486,VOF_T00487,Unknown,578,578,1,single
487,VOF_T00488,Unknown,579,579,1,single
488,VOF_T00489,Unknown,580,580,1,single
489,VOF_T00490,MacDonald,581,582,2,merge
490,VOF_T00491,Holmes,583,584,2,merge
491,VOF_T00492,Unknown,585,585,1,single
492,VOF_T00493,the London inspector,586,587,2,merge
493,VOF_T00494,Unknown,588,588,1,single
494,VOF_T00495,Holmes,589,590,2,merge
495,VOF_T00496,Unknown,591,591,1,single
496,VOF_T00497,Unknown,592,592,1,single
497,VOF_T00498,Unknown,593,593,1,single
498,VOF_T00499,I,594,594,1,single
499,VOF_T00500,Unknown,595,595,1,single
500,VOF_T00501,he,596,596,1,single
501,VOF_T00502,Unknown,597,597,1,single
502,VOF_T00503,Unknown,598,598,1,single
503,VOF_T00504,Unknown,599,599,1,single
504,VOF_T00505,Unknown,600,600,1,single
505,VOF_T00506,Unknown,601,601,1,single
506,VOF_T00507,Unknown,602,602,1,single
507,VOF_T00508,Holmes sympathetically,603,604,2,merge
508,VOF_T00509,the inspector,605,606,2,merge
509,VOF_T00510,Unknown,607,607,1,single
510,VOF_T00511,Unknown,608,608,1,single
511,VOF_T00512,Unknown,609,609,1,single
512,VOF_T00513,Unknown,610,610,1,single
513,VOF_T00514,Unknown,611,611,1,single
514,VOF_T00515,Unknown,612,612,1,single
515,VOF_T00516,Unknown,613,613,1,single
516,VOF_T00517,Unknown,614,614,1,single
517,VOF_T00518,Unknown,615,615,1,single
518,VOF_T00519,Unknown,616,616,1,single
519,VOF_T00520,Unknown,617,617,1,single
520,VOF_T00521,Unknown,618,618,1,single
521,VOF_T00522,Unknown,619,619,1,single
522,VOF_T00523,the detective,620,621,2,merge
523,VOF_T00524,Unknown,622,622,1,single
524,VOF_T00525,Unknown,623,623,1,single
525,VOF_T00526,Unknown,624,624,1,single
526,VOF_T00527,Unknown,625,625,1,single
527,VOF_T00528,Unknown,626,626,1,single
528,VOF_T00529,Unknown,627,627,1,single
529,VOF_T00530,Unknown,628,628,1,single
530,VOF_T00531,the inspector,629,630,2,merge
531,VOF_T00532,Unknown,631,631,1,single
532,VOF_T00533,Unknown,632,632,1,single
533,VOF_T00534,Unknown,633,633,1,single
534,VOF_T00535,Unknown,634,634,1,single
535,VOF_T00536,Unknown,635,635,1,single
536,VOF_T00537,Unknown,636,636,1,single
537,VOF_T00538,Unknown,637,637,1,single
538,VOF_T00539,Unknown,638,638,1,single
539,VOF_T00540,Holmes,639,640,2,merge
540,VOF_T00541,MacDonald,641,642,2,merge
541,VOF_T00542,Unknown,643,643,1,single
542,VOF_T00543,Unknown,644,644,1,single
543,VOF_T00544,Unknown,645,645,1,single
544,VOF_T00545,Unknown,646,646,1,single
545,VOF_T00546,Unknown,647,647,1,single
546,VOF_T00547,the inspector,648,649,2,merge
547,VOF_T00548,Unknown,650,650,1,single
548,VOF_T00549,Unknown,651,651,1,single
549,VOF_T00550,Unknown,652,652,1,single
550,VOF_T00551,Unknown,653,653,1,single
551,VOF_T00552,Unknown,654,654,1,single
552,VOF_T00553,my friend,655,656,2,merge
553,VOF_T00554,MacDonald,657,658,2,merge
554,VOF_T00555,Unknown,659,659,1,single
555,VOF_T00556,he,660,661,2,merge
556,VOF_T00557,the London detective with,662,663,2,merge
557,VOF_T00558,Unknown,664,664,1,single
558,VOF_T00559,Unknown,665,665,1,single
559,VOF_T00560,Unknown,666,666,1,single
560,VOF_T00561,Holmes,667,668,2,merge
561,VOF_T00562,Unknown,669,669,1,single
562,VOF_T00563,Unknown,670,670,1,single
563,VOF_T00564,Unknown,671,671,1,single
564,VOF_T00565,Unknown,672,672,1,single
565,VOF_T00566,Unknown,673,673,1,single
566,VOF_T00567,Unknown,674,674,1,single
567,VOF_T00568,Holmes,675,676,2,merge
568,VOF_T00569,Unknown,677,677,1,single
569,VOF_T00570,Holmes,678,679,2,merge
570,VOF_T00571,Unknown,680,680,1,single
571,VOF_T00572,Unknown,681,681,1,single
572,VOF_T00573,Unknown,682,682,1,single
573,VOF_T00574,Unknown,683,683,1,single
574,VOF_T00575,the inspector,684,685,2,merge
575,VOF_T00576,Unknown,686,687,2,merge
576,VOF_T00577,Unknown,688,688,1,single
577,VOF_T00578,She,689,690,2,merge
578,VOF_T00579,Unknown,691,691,1,single
579,VOF_T00580,Unknown,692,692,1,single
580,VOF_T00581,She,693,694,2,merge
581,VOF_T00582,he,695,696,2,merge
582,VOF_T00583,She,697,698,2,merge
583,VOF_T00584,Douglas,699,700,2,merge
584,VOF_T00585,Unknown,701,701,1,single
585,VOF_T00586,Unknown,702,702,1,single
586,VOF_T00587,Unknown,703,703,1,single
587,VOF_T00588,Unknown,704,704,1,single
588,VOF_T00589,Holmes,705,706,2,merge
589,VOF_T00590,the inspector,707,708,2,merge
590,VOF_T00591,Unknown,709,709,1,single
591,VOF_T00592,Douglas approvingly,710,711,2,merge
592,VOF_T00593,Unknown,712,712,1,single
593,VOF_T00594,Unknown,713,713,1,single
594,VOF_T00595,Unknown,714,714,1,single
595,VOF_T00596,Unknown,715,715,1,single
596,VOF_T00597,Unknown,716,716,1,single
597,VOF_T00598,Unknown,717,717,1,single
598,VOF_T00599,he,718,719,2,merge
599,VOF_T00600,he,720,721,2,merge
600,VOF_T00601,he,722,723,2,merge
601,VOF_T00602,Unknown,724,724,1,single
602,VOF_T00603,Unknown,725,725,1,single
603,VOF_T00604,Unknown,726,726,1,single
604,VOF_T00605,Unknown,727,727,1,single
605,VOF_T00606,the workman,728,729,2,merge
606,VOF_T00607,Unknown,730,730,1,single
607,VOF_T00608,Unknown,731,731,1,single
608,VOF_T00609,Unknown,732,732,1,single
609,VOF_T00610,Unknown,733,733,1,single
610,VOF_T00611,Unknown,734,734,1,single
611,VOF_T00612,Unknown,735,735,1,single
612,VOF_T00613,Unknown,736,736,1,single
613,VOF_T00614,Unknown,737,737,1,single
614,VOF_T00615,Unknown,738,738,1,single
615,VOF_T00616,Unknown,739,739,1,single
616,VOF_T00617,Unknown,740,740,1,single
617,VOF_T00618,the workman,741,742,2,merge
618,VOF_T00619,the workman,743,744,2,merge
619,VOF_T00620,Unknown,745,745,1,single
620,VOF_T00621,Unknown,746,746,1,single
621,VOF_T00622,Unknown,747,747,1,single
622,VOF_T00623,McMurdo,748,749,2,merge
623,VOF_T00624,Unknown,750,750,1,single
624,VOF_T00625,Unknown,751,751,1,single
625,VOF_T00626,Unknown,752,752,1,single
626,VOF_T00627,Unknown,753,753,1,single
627,VOF_T00628,Unknown,754,754,1,single
628,VOF_T00629,Unknown,755,755,1,single
629,VOF_T00630,McMurdo with the air,756,757,2,merge
630,VOF_T00631,Unknown,758,758,1,single
631,VOF_T00632,Unknown,759,759,1,single
632,VOF_T00633,Unknown,760,760,1,single
633,VOF_T00634,Unknown,761,761,1,single
634,VOF_T00635,Unknown,762,762,1,single
635,VOF_T00636,Unknown,763,764,2,merge
636,VOF_T00637,Unknown,765,765,1,single
637,VOF_T00638,Unknown,766,766,1,single
638,VOF_T00639,Unknown,767,767,1,single
639,VOF_T00640,Unknown,768,768,1,single
640,VOF_T00641,Unknown,769,769,1,single
641,VOF_T00642,one,770,771,2,merge
642,VOF_T00643,McMurdo in cold fury,772,773,2,merge
643,VOF_T00644,one of the patrolmen,774,775,2,merge
644,VOF_T00645,the other,776,777,2,merge
645,VOF_T00646,McMurdo,778,779,2,merge
646,VOF_T00647,Unknown,780,780,1,single
647,VOF_T00648,Unknown,781,781,1,single
648,VOF_T00649,Unknown,782,782,1,single
649,VOF_T00650,the guide,783,784,2,merge
650,VOF_T00651,Unknown,785,785,1,single
651,VOF_T00652,Unknown,786,786,1,single
652,VOF_T00653,Unknown,787,787,1,single
653,VOF_T00654,Unknown,788,788,1,single
654,VOF_T00655,Unknown,789,789,1,single
655,VOF_T00656,Unknown,790,790,1,single
656,VOF_T00657,Unknown,791,791,1,single
657,VOF_T00658,Unknown,792,792,1,single
658,VOF_T00659,Unknown,793,793,1,single
659,VOF_T00660,Unknown,794,794,1,single
660,VOF_T00661,the miner,795,796,2,merge
661,VOF_T00662,Unknown,797,797,1,single
662,VOF_T00663,Unknown,798,798,1,single
663,VOF_T00664,Unknown,799,799,1,single
664,VOF_T00665,McMurdo,800,801,2,merge
665,VOF_T00666,Unknown,802,802,1,single
666,VOF_T00667,Unknown,803,803,1,single
667,VOF_T00668,Unknown,804,804,1,single
668,VOF_T00669,she,805,806,2,merge
669,VOF_T00670,Unknown,807,807,1,single
670,VOF_T00671,Unknown,808,808,1,single
671,VOF_T00672,Unknown,809,809,1,single
672,VOF_T00673,Unknown,810,810,1,single
673,VOF_T00674,he,811,812,2,merge
674,VOF_T00675,Unknown,813,813,1,single
675,VOF_T00676,Unknown,814,814,1,single
676,VOF_T00677,Unknown,815,815,1,single
677,VOF_T00678,Unknown,816,816,1,single
678,VOF_T00679,Unknown,817,817,1,single
679,VOF_T00680,Unknown,818,818,1,single
680,VOF_T00681,Unknown,819,819,1,single
681,VOF_T00682,Unknown,820,820,1,single
682,VOF_T00683,Unknown,821,821,1,single
683,VOF_T00684,Unknown,822,822,1,single
684,VOF_T00685,Unknown,823,823,1,single
685,VOF_T00686,Unknown,824,824,1,single
686,VOF_T00687,Unknown,825,825,1,single
687,VOF_T00688,he,826,827,2,merge
688,VOF_T00689,he,828,829,2,merge
689,VOF_T00690,Unknown,830,830,1,single
690,VOF_T00691,Unknown,831,831,1,single
691,VOF_T00692,Unknown,832,832,1,single
692,VOF_T00693,Unknown,833,833,1,single
693,VOF_T00694,Unknown,834,834,1,single
694,VOF_T00695,Unknown,835,835,1,single
695,VOF_T00696,Unknown,836,836,1,single
696,VOF_T00697,Unknown,837,837,1,single
697,VOF_T00698,Unknown,838,838,1,single
698,VOF_T00699,Unknown,839,839,1,single
699,VOF_T00700,Unknown,840,840,1,single
700,VOF_T00701,he,841,842,2,merge
701,VOF_T00702,Unknown,843,843,1,single
702,VOF_T00703,Unknown,844,844,1,single
703,VOF_T00704,Unknown,845,845,1,single
704,VOF_T00705,Unknown,846,846,1,single
705,VOF_T00706,Unknown,847,847,1,single
706,VOF_T00707,Unknown,848,848,1,single
707,VOF_T00708,Unknown,849,849,1,single
708,VOF_T00709,Unknown,850,850,1,single
709,VOF_T00710,McMurdo earnestly,851,852,2,merge
710,VOF_T00711,Unknown,853,853,1,single
711,VOF_T00712,McMurdo,854,855,2,merge
712,VOF_T00713,Unknown,856,856,1,single
713,VOF_T00714,Unknown,857,857,1,single
714,VOF_T00715,the girl,858,859,2,merge
715,VOF_T00716,Unknown,860,860,1,single
716,VOF_T00717,Unknown,861,861,1,single
717,VOF_T00718,Unknown,862,862,1,single
718,VOF_T00719,Unknown,863,863,1,single
719,VOF_T00720,Unknown,864,864,1,single
720,VOF_T00721,Unknown,865,865,1,single
721,VOF_T00722,Unknown,866,866,1,single
722,VOF_T00723,Unknown,867,867,1,single
723,VOF_T00724,Unknown,868,868,1,single
724,VOF_T00725,Unknown,869,869,1,single
725,VOF_T00726,Unknown,870,870,1,single
726,VOF_T00727,Unknown,871,871,1,single
727,VOF_T00728,Unknown,872,872,1,single
728,VOF_T00729,Unknown,873,873,1,single
729,VOF_T00730,Unknown,874,874,1,single
730,VOF_T00731,Unknown,875,875,1,single
731,VOF_T00732,McMurdo,876,877,2,merge
732,VOF_T00733,Unknown,878,878,1,single
733,VOF_T00734,Unknown,879,879,1,single
734,VOF_T00735,Unknown,880,880,1,single
735,VOF_T00736,Unknown,881,881,1,single
736,VOF_T00737,Unknown,882,882,1,single
737,VOF_T00738,Unknown,883,883,1,single
738,VOF_T00739,Unknown,884,884,1,single
739,VOF_T00740,Unknown,885,885,1,single
740,VOF_T00741,she,886,887,2,merge
741,VOF_T00742,Unknown,888,888,1,single
742,VOF_T00743,Unknown,889,889,1,single
743,VOF_T00744,Baldwin,890,891,2,merge
744,VOF_T00745,Unknown,892,892,1,single
745,VOF_T00746,Unknown,893,893,1,single
746,VOF_T00747,Unknown,894,894,1,single
747,VOF_T00748,Unknown,895,895,1,single
748,VOF_T00749,McMurdo,896,897,2,merge
749,VOF_T00750,poor,898,899,2,merge
750,VOF_T00751,Baldwin with an oath,900,901,2,merge
751,VOF_T00752,Unknown,902,902,1,single
752,VOF_T00753,McMurdo,903,904,2,merge
753,VOF_T00754,his enemy,905,906,2,merge
754,VOF_T00755,McMurdo,907,908,2,merge
755,VOF_T00756,Unknown,909,909,1,single
756,VOF_T00757,Unknown,910,910,1,single
757,VOF_T00758,Unknown,911,911,1,single
758,VOF_T00759,Unknown,912,912,1,single
759,VOF_T00760,Unknown,913,913,1,single
760,VOF_T00761,Unknown,914,914,1,single
761,VOF_T00762,McMurdo,915,916,2,merge
762,VOF_T00763,Unknown,917,917,1,single
763,VOF_T00764,Unknown,918,918,1,single
764,VOF_T00765,Unknown,919,919,1,single
765,VOF_T00766,a voice from the,920,921,2,merge
766,VOF_T00767,Unknown,922,922,1,single
767,VOF_T00768,McMurdo,923,925,3,merge
768,VOF_T00769,Unknown,926,926,1,single
769,VOF_T00770,McMurdo,927,928,2,merge
770,VOF_T00771,Unknown,929,929,1,single
771,VOF_T00772,Unknown,930,930,1,single
772,VOF_T00773,Unknown,931,931,1,single
773,VOF_T00774,he,932,933,2,merge
774,VOF_T00775,Unknown,934,934,1,single
775,VOF_T00776,Unknown,935,935,1,single
776,VOF_T00777,he,936,937,2,merge
777,VOF_T00778,Unknown,938,938,1,single
778,VOF_T00779,Unknown,939,939,1,single
779,VOF_T00780,McGinty,940,941,2,merge
780,VOF_T00781,Unknown,942,942,1,single
781,VOF_T00782,Unknown,943,943,1,single
782,VOF_T00783,Unknown,944,944,1,single
783,VOF_T00784,Unknown,945,945,1,single
784,VOF_T00785,Unknown,946,946,1,single
785,VOF_T00786,Unknown,947,947,1,single
786,VOF_T00787,Unknown,948,948,1,single
787,VOF_T00788,Unknown,949,949,1,single
788,VOF_T00789,Unknown,950,950,1,single
789,VOF_T00790,Unknown,951,951,1,single
790,VOF_T00791,Unknown,952,952,1,single
791,VOF_T00792,Unknown,953,953,1,single
792,VOF_T00793,Unknown,954,954,1,single
793,VOF_T00794,Unknown,955,955,1,single
794,VOF_T00795,Unknown,956,956,1,single
795,VOF_T00796,Unknown,957,957,1,single
796,VOF_T00797,Unknown,958,958,1,single
797,VOF_T00798,Unknown,959,959,1,single
798,VOF_T00799,Unknown,960,960,1,single
799,VOF_T00800,Unknown,961,961,1,single
800,VOF_T00801,Unknown,962,962,1,single
801,VOF_T00802,Unknown,963,963,1,single
802,VOF_T00803,he,964,965,2,merge
803,VOF_T00804,McMurdo meekly,966,967,2,merge
804,VOF_T00805,Unknown,968,968,1,single
805,VOF_T00806,Unknown,969,969,1,single
806,VOF_T00807,Unknown,970,970,1,single
807,VOF_T00808,Unknown,971,971,1,single
808,VOF_T00809,Unknown,972,972,1,single
809,VOF_T00810,Unknown,973,973,1,single
810,VOF_T00811,Unknown,974,974,1,single
811,VOF_T00812,Unknown,975,975,1,single
812,VOF_T00813,Unknown,976,976,1,single
813,VOF_T00814,Unknown,977,977,1,single
814,VOF_T00815,he,978,979,2,merge
815,VOF_T00816,Unknown,980,980,1,single
816,VOF_T00817,Unknown,981,981,1,single
817,VOF_T00818,Unknown,982,982,1,single
818,VOF_T00819,Unknown,983,983,1,single
819,VOF_T00820,Unknown,984,984,1,single
820,VOF_T00821,Unknown,985,985,1,single
821,VOF_T00822,Unknown,986,986,1,single
822,VOF_T00823,Unknown,987,987,1,single
823,VOF_T00824,Unknown,988,988,1,single
824,VOF_T00825,Unknown,989,989,1,single
825,VOF_T00826,he,990,991,2,merge
826,VOF_T00827,McMurdo,992,993,2,merge
827,VOF_T00828,McGinty,994,995,2,merge
828,VOF_T00829,Baldwin in a fury,996,997,2,merge
829,VOF_T00830,Unknown,998,998,1,single
830,VOF_T00831,Unknown,999,999,1,single
831,VOF_T00832,Unknown,1000,1000,1,single
832,VOF_T00833,Baldwin,1001,1002,2,merge
833,VOF_T00834,Unknown,1003,1003,1,single
834,VOF_T00835,McGinty,1004,1005,2,merge
835,VOF_T00836,Unknown,1006,1006,1,single
836,VOF_T00837,Unknown,1007,1007,1,single
837,VOF_T00838,McGinty,1008,1009,2,merge
838,VOF_T00839,Unknown,1010,1010,1,single
839,VOF_T00840,the other,1011,1012,2,merge
840,VOF_T00841,Unknown,1013,1013,1,single
841,VOF_T00842,Unknown,1014,1014,1,single
842,VOF_T00843,Baldwin,1015,1016,2,merge
843,VOF_T00844,Unknown,1017,1017,1,single
844,VOF_T00845,McGinty,1018,1019,2,merge
845,VOF_T00846,Unknown,1020,1021,2,merge
846,VOF_T00847,Unknown,1022,1022,1,single
847,VOF_T00848,Unknown,1023,1023,1,single
848,VOF_T00849,Unknown,1024,1024,1,single
849,VOF_T00850,Unknown,1025,1025,1,single
850,VOF_T00851,the police officer,1026,1027,2,merge
851,VOF_T00852,McGinty,1028,1029,2,merge
852,VOF_T00853,McGinty,1030,1031,2,merge
853,VOF_T00854,the police officer,1032,1033,2,merge
854,VOF_T00855,Unknown,1034,1034,1,single
855,VOF_T00856,Unknown,1035,1035,1,single
856,VOF_T00857,he,1036,1037,2,merge
857,VOF_T00858,Unknown,1038,1038,1,single
858,VOF_T00859,he,1039,1040,2,merge
859,VOF_T00860,Unknown,1041,1041,1,single
860,VOF_T00861,Unknown,1042,1042,1,single
861,VOF_T00862,Unknown,1043,1043,1,single
862,VOF_T00863,Unknown,1044,1044,1,single
863,VOF_T00864,Unknown,1045,1045,1,single
864,VOF_T00865,Unknown,1046,1046,1,single
865,VOF_T00866,Unknown,1047,1047,1,single
866,VOF_T00867,Unknown,1048,1048,1,single
867,VOF_T00868,Unknown,1049,1049,1,single
868,VOF_T00869,McMurdo in no very,1050,1051,2,merge
869,VOF_T00870,Unknown,1052,1052,1,single
870,VOF_T00871,of making what they,1053,1053,1,single
871,VOF_T00872,he,1054,1055,2,merge
872,VOF_T00873,Unknown,1056,1056,1,single
873,VOF_T00874,Unknown,1057,1057,1,single
874,VOF_T00875,the voice,1058,1059,2,merge
875,VOF_T00876,Unknown,1060,1060,1,single
876,VOF_T00877,Unknown,1061,1061,1,single
877,VOF_T00878,Unknown,1062,1063,2,merge
878,VOF_T00879,Unknown,1064,1064,1,single
879,VOF_T00880,Unknown,1065,1065,1,single
880,VOF_T00881,Unknown,1066,1066,1,single
881,VOF_T00882,Unknown,1067,1067,1,single
882,VOF_T00883,Unknown,1068,1068,1,single
883,VOF_T00884,the voice,1069,1070,2,merge
884,VOF_T00885,Unknown,1071,1071,1,single
885,VOF_T00886,Unknown,1072,1072,1,single
886,VOF_T00887,he,1073,1074,2,merge
887,VOF_T00888,Unknown,1075,1075,1,single
888,VOF_T00889,McMurdo,1076,1077,2,merge
889,VOF_T00890,Unknown,1078,1078,1,single
890,VOF_T00891,Unknown,1079,1079,1,single
891,VOF_T00892,one,1080,1081,2,merge
892,VOF_T00893,he,1082,1083,2,merge
893,VOF_T00894,Unknown,1084,1084,1,single
894,VOF_T00895,Unknown,1085,1085,1,single
895,VOF_T00896,Unknown,1086,1086,1,single
896,VOF_T00897,Unknown,1087,1087,1,single
897,VOF_T00898,the volunteer,1088,1089,2,merge
898,VOF_T00899,Cormac,1090,1091,2,merge
899,VOF_T00900,Unknown,1092,1092,1,single
900,VOF_T00901,you,1093,1094,2,merge
901,VOF_T00902,someone,1095,1096,2,merge
902,VOF_T00903,Ted Baldwin,1097,1098,2,merge
903,VOF_T00904,Unknown,1099,1099,1,single
904,VOF_T00905,the man with a,1100,1101,2,merge
905,VOF_T00906,he,1102,1103,2,merge
906,VOF_T00907,the black-maned Bodymaster from,1104,1105,2,merge
907,VOF_T00908,Unknown,1106,1106,1,single
908,VOF_T00909,the secretary,1107,1108,2,merge
909,VOF_T00910,McMurdo,1109,1110,2,merge
910,VOF_T00911,Unknown,1111,1111,1,single
911,VOF_T00912,Unknown,1112,1112,1,single
912,VOF_T00913,Unknown,1113,1113,1,single
913,VOF_T00914,Unknown,1114,1114,1,single
914,VOF_T00915,Unknown,1115,1115,1,single
915,VOF_T00916,the treasurer,1116,1117,2,merge
916,VOF_T00917,a brother,1118,1119,2,merge
917,VOF_T00918,Unknown,1120,1120,1,single
918,VOF_T00919,he,1121,1121,1,single
919,VOF_T00920,Unknown,1122,1122,1,single
920,VOF_T00921,Unknown,1123,1123,1,single
921,VOF_T00922,Unknown,1124,1124,1,single
922,VOF_T00923,Unknown,1125,1125,1,single
923,VOF_T00924,Unknown,1126,1126,1,single
924,VOF_T00925,the chairman,1127,1128,2,merge
925,VOF_T00926,Unknown,1129,1129,1,single
926,VOF_T00927,Unknown,1130,1130,1,single
927,VOF_T00928,the speaker,1131,1131,1,single
928,VOF_T00929,he,1132,1133,2,merge
929,VOF_T00930,Unknown,1134,1134,1,single
930,VOF_T00931,Unknown,1135,1135,1,single
931,VOF_T00932,Unknown,1136,1136,1,single
932,VOF_T00933,he,1137,1138,2,merge
933,VOF_T00934,the chairman,1139,1140,2,merge
934,VOF_T00935,a dozen fierce voices,1141,1142,2,merge
935,VOF_T00936,Unknown,1143,1143,1,single
936,VOF_T00937,McGinty,1144,1145,2,merge
937,VOF_T00938,Unknown,1146,1147,2,merge
938,VOF_T00939,Unknown,1148,1148,1,single
939,VOF_T00940,Unknown,1149,1149,1,single
940,VOF_T00941,Unknown,1150,1150,1,single
941,VOF_T00942,Unknown,1151,1151,1,single
942,VOF_T00943,Unknown,1152,1152,1,single
943,VOF_T00944,the young man,1153,1154,2,merge
944,VOF_T00945,Unknown,1155,1155,1,single
945,VOF_T00946,Unknown,1156,1157,2,merge
946,VOF_T00947,Unknown,1158,1158,1,single
947,VOF_T00948,Unknown,1159,1159,1,single
948,VOF_T00949,Baldwin to McMurdo,1160,1161,2,merge
949,VOF_T00950,he,1162,1163,2,merge
950,VOF_T00951,Unknown,1164,1164,1,single
951,VOF_T00952,Unknown,1165,1165,1,single
952,VOF_T00953,Unknown,1166,1166,1,single
953,VOF_T00954,Unknown,1167,1167,1,single
954,VOF_T00955,one of the men,1168,1169,2,merge
955,VOF_T00956,Unknown,1170,1170,1,single
956,VOF_T00957,Unknown,1171,1171,1,single
957,VOF_T00958,the older man,1172,1173,2,merge
958,VOF_T00959,Unknown,1174,1174,1,single
959,VOF_T00960,Unknown,1175,1175,1,single
960,VOF_T00961,Unknown,1176,1176,1,single
961,VOF_T00962,Morris with vehemence,1177,1178,2,merge
962,VOF_T00963,McMurdo,1179,1180,2,merge
963,VOF_T00964,Morris,1181,1182,2,merge
964,VOF_T00965,he,1183,1184,2,merge
965,VOF_T00966,Morris bitterly,1185,1186,2,merge
966,VOF_T00967,Unknown,1187,1187,1,single
967,VOF_T00968,Morris,1188,1189,2,merge
968,VOF_T00969,Unknown,1190,1190,1,single
969,VOF_T00970,Unknown,1191,1191,1,single
970,VOF_T00971,Unknown,1192,1192,1,single
971,VOF_T00972,Unknown,1193,1193,1,single
972,VOF_T00973,Unknown,1194,1194,1,single
973,VOF_T00974,Morris,1195,1196,2,merge
974,VOF_T00975,McMurdo,1197,1198,2,merge
975,VOF_T00976,Unknown,1199,1199,1,single
976,VOF_T00977,Unknown,1200,1200,1,single
977,VOF_T00978,Unknown,1201,1201,1,single
978,VOF_T00979,he,1202,1203,2,merge
979,VOF_T00980,Unknown,1204,1204,1,single
980,VOF_T00981,McMurdo abruptly,1205,1206,2,merge
981,VOF_T00982,Morris,1207,1208,2,merge
982,VOF_T00983,McMurdo,1209,1210,2,merge
983,VOF_T00984,Unknown,1211,1211,1,single
984,VOF_T00985,McMurdo,1212,1213,2,merge
985,VOF_T00986,Morris,1214,1215,2,merge
986,VOF_T00987,Morris,1216,1217,2,merge
987,VOF_T00988,Unknown,1218,1218,1,single
988,VOF_T00989,Unknown,1219,1219,1,single
989,VOF_T00990,Unknown,1220,1220,1,single
990,VOF_T00991,Unknown,1221,1221,1,single
991,VOF_T00992,Unknown,1222,1222,1,single
992,VOF_T00993,Unknown,1223,1223,1,single
993,VOF_T00994,Unknown,1224,1224,1,single
994,VOF_T00995,Unknown,1225,1226,2,merge
995,VOF_T00996,Unknown,1227,1227,1,single
996,VOF_T00997,Unknown,1228,1228,1,single
997,VOF_T00998,the other,1229,1229,1,single
998,VOF_T00999,Unknown,1230,1230,1,single
999,VOF_T01000,Unknown,1231,1231,1,single
1000,VOF_T01001,Unknown,1232,1232,1,single
1001,VOF_T01002,Unknown,1233,1233,1,single
1002,VOF_T01003,Unknown,1234,1234,1,single
1003,VOF_T01004,Unknown,1235,1235,1,single
1004,VOF_T01005,Unknown,1236,1236,1,single
1005,VOF_T01006,Unknown,1237,1237,1,single
1006,VOF_T01007,McMurdo,1238,1239,2,merge
1007,VOF_T01008,he,1240,1241,2,merge
1008,VOF_T01009,Unknown,1242,1242,1,single
1009,VOF_T01010,Unknown,1243,1243,1,single
1010,VOF_T01011,Unknown,1244,1244,1,single
1011,VOF_T01012,Unknown,1245,1245,1,single
1012,VOF_T01013,Unknown,1246,1246,1,single
1013,VOF_T01014,Unknown,1247,1247,1,single
1014,VOF_T01015,McGinty,1248,1249,2,merge
1015,VOF_T01016,McMurdo,1250,1251,2,merge
1016,VOF_T01017,he,1252,1253,2,merge
1017,VOF_T01018,he,1254,1255,2,merge
1018,VOF_T01019,McGinty,1256,1257,2,merge
1019,VOF_T01020,the police captain,1258,1259,2,merge
1020,VOF_T01021,the Boss,1260,1261,2,merge
1021,VOF_T01022,Unknown,1262,1262,1,single
1022,VOF_T01023,McMurdo,1263,1264,2,merge
1023,VOF_T01024,McGinty,1265,1266,2,merge
1024,VOF_T01025,Unknown,1267,1267,1,single
1025,VOF_T01026,McMurdo,1268,1269,2,merge
1026,VOF_T01027,McGinty,1270,1271,2,merge
1027,VOF_T01028,Unknown,1272,1272,1,single
1028,VOF_T01029,Unknown,1273,1273,1,single
1029,VOF_T01030,McMurdo,1274,1275,2,merge
1030,VOF_T01031,Unknown,1276,1276,1,single
1031,VOF_T01032,Unknown,1277,1277,1,single
1032,VOF_T01033,Unknown,1278,1278,1,single
1033,VOF_T01034,Unknown,1279,1279,1,single
1034,VOF_T01035,Unknown,1280,1280,1,single
1035,VOF_T01036,Unknown,1281,1281,1,single
1036,VOF_T01037,the oldsters to one,1282,1283,2,merge
1037,VOF_T01038,Unknown,1284,1284,1,single
1038,VOF_T01039,Unknown,1285,1285,1,single
1039,VOF_T01040,Unknown,1286,1286,1,single
1040,VOF_T01041,Unknown,1287,1287,1,single
1041,VOF_T01042,Unknown,1288,1288,1,single
1042,VOF_T01043,Unknown,1289,1289,1,single
1043,VOF_T01044,Unknown,1290,1290,1,single
1044,VOF_T01045,Unknown,1291,1291,1,single
1045,VOF_T01046,Unknown,1292,1292,1,single
1046,VOF_T01047,Unknown,1293,1293,1,single
1047,VOF_T01048,Unknown,1294,1294,1,single
1048,VOF_T01049,Unknown,1295,1295,1,single
1049,VOF_T01050,she,1296,1296,1,single
1050,VOF_T01051,he,1297,1298,2,merge
1051,VOF_T01052,Unknown,1299,1299,1,single
1052,VOF_T01053,Unknown,1300,1300,1,single
1053,VOF_T01054,Unknown,1301,1301,1,single
1054,VOF_T01055,Unknown,1302,1302,1,single
1055,VOF_T01056,Unknown,1303,1303,1,single
1056,VOF_T01057,Unknown,1304,1304,1,single
1057,VOF_T01058,Unknown,1305,1305,1,single
1058,VOF_T01059,Unknown,1306,1306,1,single
1059,VOF_T01060,Unknown,1307,1307,1,single
1060,VOF_T01061,Unknown,1308,1308,1,single
1061,VOF_T01062,Unknown,1309,1309,1,single
1062,VOF_T01063,he,1310,1311,2,merge
1063,VOF_T01064,Unknown,1312,1312,1,single
1064,VOF_T01065,Unknown,1313,1313,1,single
1065,VOF_T01066,Unknown,1314,1314,1,single
1066,VOF_T01067,Unknown,1315,1315,1,single
1067,VOF_T01068,Unknown,1316,1316,1,single
1068,VOF_T01069,Unknown,1317,1317,1,single
1069,VOF_T01070,Unknown,1318,1318,1,single
1070,VOF_T01071,Unknown,1319,1319,1,single
1071,VOF_T01072,Unknown,1320,1320,1,single
1072,VOF_T01073,Scanlan,1321,1322,2,merge
1073,VOF_T01074,McMurdo,1323,1324,2,merge
1074,VOF_T01075,Unknown,1325,1325,1,single
1075,VOF_T01076,Unknown,1326,1326,1,single
1076,VOF_T01077,Unknown,1327,1327,1,single
1077,VOF_T01078,Unknown,1328,1328,1,single
1078,VOF_T01079,present at what they,1329,1329,1,single
1079,VOF_T01080,Unknown,1330,1330,1,single
1080,VOF_T01081,Unknown,1331,1331,1,single
1081,VOF_T01082,Unknown,1332,1332,1,single
1082,VOF_T01083,Unknown,1333,1333,1,single
1083,VOF_T01084,Unknown,1334,1334,1,single
1084,VOF_T01085,he,1335,1336,2,merge
1085,VOF_T01086,Unknown,1337,1337,1,single
1086,VOF_T01087,Unknown,1338,1338,1,single
1087,VOF_T01088,Unknown,1339,1339,1,single
1088,VOF_T01089,Unknown,1340,1340,1,single
1089,VOF_T01090,Unknown,1341,1341,1,single
1090,VOF_T01091,Unknown,1342,1342,1,single
1091,VOF_T01092,Unknown,1343,1343,1,single
1092,VOF_T01093,Unknown,1344,1344,1,single
1093,VOF_T01094,Unknown,1345,1345,1,single
1094,VOF_T01095,Unknown,1346,1346,1,single
1095,VOF_T01096,Unknown,1347,1347,1,single
1096,VOF_T01097,Unknown,1348,1348,1,single
1097,VOF_T01098,Unknown,1349,1349,1,single
1098,VOF_T01099,Unknown,1350,1350,1,single
1099,VOF_T01100,Unknown,1351,1351,1,single
1100,VOF_T01101,Unknown,1352,1352,1,single
1101,VOF_T01102,Unknown,1353,1353,1,single
1102,VOF_T01103,McGinty,1354,1355,2,merge
1103,VOF_T01104,McMurdo,1356,1357,2,merge
1104,VOF_T01105,Unknown,1358,1358,1,single
1105,VOF_T01106,Unknown,1359,1359,1,single
1106,VOF_T01107,Unknown,1360,1360,1,single
1107,VOF_T01108,Unknown,1361,1361,1,single
1108,VOF_T01109,Unknown,1362,1362,1,single
1109,VOF_T01110,Unknown,1363,1363,1,single
1110,VOF_T01111,he,1364,1365,2,merge
1111,VOF_T01112,he,1366,1367,2,merge
1112,VOF_T01113,Unknown,1368,1368,1,single
1113,VOF_T01114,Unknown,1369,1369,1,single
1114,VOF_T01115,Unknown,1370,1370,1,single
1115,VOF_T01116,Unknown,1371,1371,1,single
1116,VOF_T01117,Unknown,1372,1372,1,single
1117,VOF_T01118,Unknown,1373,1373,1,single
1118,VOF_T01119,Unknown,1374,1374,1,single
1119,VOF_T01120,Unknown,1375,1375,1,single
1120,VOF_T01121,Unknown,1376,1376,1,single
1121,VOF_T01122,Unknown,1377,1377,1,single
1122,VOF_T01123,Unknown,1378,1378,1,single
1123,VOF_T01124,Unknown,1379,1379,1,single
1124,VOF_T01125,Unknown,1380,1380,1,single
1125,VOF_T01126,Unknown,1381,1381,1,single
1126,VOF_T01127,Unknown,1382,1382,1,single
1127,VOF_T01128,Unknown,1383,1383,1,single
1128,VOF_T01129,Unknown,1384,1384,1,single
1129,VOF_T01130,Unknown,1385,1385,1,single
1130,VOF_T01131,Unknown,1386,1386,1,single
1131,VOF_T01132,Unknown,1387,1387,1,single
1132,VOF_T01133,Unknown,1388,1388,1,single
1133,VOF_T01134,Unknown,1389,1389,1,single
1134,VOF_T01135,he,1390,1390,1,single
1135,VOF_T01136,Unknown,1391,1391,1,single
1136,VOF_T01137,Unknown,1392,1392,1,single
1137,VOF_T01138,Unknown,1393,1393,1,single
1138,VOF_T01139,Unknown,1394,1394,1,single
1139,VOF_T01140,Unknown,1395,1395,1,single
1140,VOF_T01141,Unknown,1396,1396,1,single
1141,VOF_T01142,Unknown,1397,1397,1,single
1142,VOF_T01143,McMurdo,1398,1399,2,merge
1143,VOF_T01144,Unknown,1400,1400,1,single
1144,VOF_T01145,Unknown,1401,1401,1,single
1145,VOF_T01146,Unknown,1402,1402,1,single
1146,VOF_T01147,Unknown,1403,1403,1,single
1147,VOF_T01148,Unknown,1404,1404,1,single
1148,VOF_T01149,Unknown,1405,1405,1,single
1149,VOF_T01150,Unknown,1406,1406,1,single
1150,VOF_T01151,Unknown,1407,1407,1,single
1151,VOF_T01152,Unknown,1408,1408,1,single
1152,VOF_T01153,Unknown,1409,1409,1,single
1153,VOF_T01154,Unknown,1410,1410,1,single
1154,VOF_T01155,Unknown,1411,1411,1,single
1155,VOF_T01156,Unknown,1412,1412,1,single
1156,VOF_T01157,Unknown,1413,1413,1,single
1157,VOF_T01158,Unknown,1414,1414,1,single
1158,VOF_T01159,the chairman,1415,1416,2,merge
1159,VOF_T01160,his neighbour as he,1417,1418,2,merge
1160,VOF_T01161,Unknown,1419,1419,1,single
1161,VOF_T01162,Unknown,1420,1420,1,single
1162,VOF_T01163,McGinty,1421,1422,2,merge
1163,VOF_T01164,Unknown,1423,1423,1,single
1164,VOF_T01165,he,1424,1424,1,single
1165,VOF_T01166,Unknown,1425,1425,1,single
1166,VOF_T01167,Unknown,1426,1427,2,merge
1167,VOF_T01168,one of the older,1428,1429,2,merge
1168,VOF_T01169,McGinty,1430,1431,2,merge
1169,VOF_T01170,Unknown,1432,1432,1,single
1170,VOF_T01171,Unknown,1433,1433,1,single
1171,VOF_T01172,Unknown,1434,1434,1,single
1172,VOF_T01173,Unknown,1435,1435,1,single
1173,VOF_T01174,Unknown,1436,1436,1,single
1174,VOF_T01175,Unknown,1437,1438,2,merge
1175,VOF_T01176,Unknown,1439,1439,1,single
1176,VOF_T01177,Unknown,1440,1440,1,single
1177,VOF_T01178,McMurdo,1441,1442,2,merge
1178,VOF_T01179,Unknown,1443,1444,2,merge
1179,VOF_T01180,Unknown,1445,1445,1,single
1180,VOF_T01181,Unknown,1446,1446,1,single
1181,VOF_T01182,Unknown,1447,1447,1,single
1182,VOF_T01183,Unknown,1448,1448,1,single
1183,VOF_T01184,Unknown,1449,1449,1,single
1184,VOF_T01185,Unknown,1450,1450,1,single
1185,VOF_T01186,Unknown,1451,1451,1,single
1186,VOF_T01187,McGinty,1452,1453,2,merge
1187,VOF_T01188,Unknown,1454,1454,1,single
1188,VOF_T01189,Unknown,1455,1455,1,single
1189,VOF_T01190,McMurdo,1456,1457,2,merge
1190,VOF_T01191,Unknown,1458,1458,1,single
1191,VOF_T01192,Unknown,1459,1459,1,single
1192,VOF_T01193,Unknown,1460,1460,1,single
1193,VOF_T01194,Unknown,1461,1461,1,single
1194,VOF_T01195,Unknown,1462,1462,1,single
1195,VOF_T01196,Unknown,1463,1463,1,single
1196,VOF_T01197,Unknown,1464,1465,2,merge
1197,VOF_T01198,Unknown,1466,1466,1,single
1198,VOF_T01199,McGinty,1467,1468,2,merge
1199,VOF_T01200,Unknown,1469,1469,1,single
1200,VOF_T01201,Unknown,1470,1470,1,single
1201,VOF_T01202,McGinty with an oath,1471,1472,2,merge
1202,VOF_T01203,Unknown,1473,1473,1,single
1203,VOF_T01204,Unknown,1474,1474,1,single
1204,VOF_T01205,McGinty,1475,1476,2,merge
1205,VOF_T01206,Unknown,1477,1477,1,single
1206,VOF_T01207,Unknown,1478,1478,1,single
1207,VOF_T01208,Unknown,1479,1479,1,single
1208,VOF_T01209,Unknown,1480,1480,1,single
1209,VOF_T01210,Unknown,1481,1481,1,single
1210,VOF_T01211,McGinty grimly,1482,1483,2,merge
1211,VOF_T01212,Unknown,1484,1484,1,single
1212,VOF_T01213,McGinty,1485,1486,2,merge
1213,VOF_T01214,he,1487,1488,2,merge
1214,VOF_T01215,Unknown,1489,1489,1,single
1215,VOF_T01216,Unknown,1490,1490,1,single
1216,VOF_T01217,Unknown,1491,1491,1,single
1217,VOF_T01218,Unknown,1492,1492,1,single
1218,VOF_T01219,Unknown,1493,1493,1,single
1219,VOF_T01220,Unknown,1494,1494,1,single
1220,VOF_T01221,McGinty,1495,1496,2,merge
1221,VOF_T01222,McMurdo,1497,1498,2,merge
1222,VOF_T01223,Unknown,1499,1499,1,single
1223,VOF_T01224,Unknown,1500,1500,1,single
1224,VOF_T01225,he,1501,1502,2,merge
1225,VOF_T01226,Unknown,1503,1503,1,single
1226,VOF_T01227,Unknown,1504,1505,2,merge
1227,VOF_T01228,Unknown,1506,1506,1,single
1228,VOF_T01229,Unknown,1507,1507,1,single
1229,VOF_T01230,the secretary,1508,1509,2,merge
1230,VOF_T01231,Unknown,1510,1510,1,single
1231,VOF_T01232,Unknown,1511,1511,1,single
1232,VOF_T01233,Unknown,1512,1512,1,single
1233,VOF_T01234,Unknown,1513,1513,1,single
1234,VOF_T01235,Unknown,1514,1514,1,single
1235,VOF_T01236,Unknown,1515,1515,1,single
1236,VOF_T01237,Boss McGinty at last,1516,1517,2,merge
1237,VOF_T01238,Unknown,1518,1518,1,single
1238,VOF_T01239,Unknown,1519,1519,1,single
1239,VOF_T01240,Unknown,1520,1521,2,merge
1240,VOF_T01241,Unknown,1522,1523,2,merge
1241,VOF_T01242,Unknown,1524,1524,1,single
1242,VOF_T01243,Unknown,1525,1525,1,single
1243,VOF_T01244,Unknown,1526,1526,1,single
1244,VOF_T01245,Unknown,1527,1527,1,single
1245,VOF_T01246,Unknown,1528,1528,1,single
1246,VOF_T01247,Unknown,1529,1530,2,merge
1247,VOF_T01248,he,1531,1532,2,merge
1248,VOF_T01249,Unknown,1533,1533,1,single
1249,VOF_T01250,Unknown,1534,1534,1,single
1250,VOF_T01251,Unknown,1535,1535,1,single
1251,VOF_T01252,Unknown,1536,1536,1,single
1252,VOF_T01253,Unknown,1537,1537,1,single
1253,VOF_T01254,Holmes,1538,1539,2,merge
1254,VOF_T01255,Unknown,1540,1540,1,single
1255,VOF_T01256,Unknown,1541,1541,1,single
1256,VOF_T01257,Unknown,1542,1542,1,single
1257,VOF_T01258,Unknown,1543,1543,1,single
1258,VOF_T01259,Unknown,1544,1544,1,single
1259,VOF_T01260,Holmes,1545,1546,2,merge
1260,VOF_T01261,Unknown,1547,1547,1,single
1261,VOF_T01262,Unknown,1548,1548,1,single
1262,VOF_T01263,Unknown,1549,1549,1,single
1263,VOF_T01264,Unknown,1550,1550,1,single
1264,VOF_T01265,Unknown,1551,1551,1,single
1265,VOF_T01266,Holmes,1552,1553,2,merge
