text_id,turn_id,speaker,dialogue_text,unit_type,extraction_confidence,source
VOF,VOF_REVIEW_00001,Unknown,"I guess we may not meet again until you see me on

the stand in the courthouse. I’ll give you something to think over

between now and then. You know me now for what I am. At last I can put

my cards on the table. I am Birdy Edwards of Pinkerton’s. I was chosen

to break up your gang. I had a hard and dangerous game to play. Not a

soul, not one soul, not my nearest and dearest, knew that I was playing

it. Only Captain Marvin here and my employers knew that. But it’s over

to-night, thank God, and I am the winner! Maybe you think that the game is not over yet. Well, I take my chance

of that. Anyhow, some of you will take no further hand, and there are

sixty more besides yourselves that will see a jail this night. I’ll

tell you this, that when I was put upon this job I never believed there

was such a society as yours. I thought it was paper talk, and that I

would prove it so. They told me it was to do with the Freemen; so I

went to Chicago and was made one. Then I was surer than ever that it

was just paper talk; for I found no harm in the society, but a deal of

good.



“Still, I had to carry out my job, and I came to the coal valleys. When

I reached this place I learned that I was wrong and that it wasn’t a

dime novel after all. So I stayed to look after it. I never killed a

man in Chicago. I never minted a dollar in my life. Those I gave you

were as good as any others; but I never spent money better. But I knew

the way into your good wishes and so I pretended to you that the law

was after me. It all worked just as I thought.



“So I joined your infernal lodge, and I took my share in your councils.

Maybe they will say that I was as bad as you. They can say what they

like, so long as I get you. But what is the truth? The night I joined

you beat up old man Stanger. I could not warn him, for there was no

time; but I held your hand, Baldwin, when you would have killed him. If

ever I have suggested things, so as to keep my place among you, they

were things which I knew I could prevent. I could not save Dunn and

Menzies, for I did not know enough; but I will see that their murderers

are hanged. I gave Chester Wilcox warning, so that when I blew his

house in he and his folk were in hiding. There was many a crime that I

could not stop; but if you look back and think how often your man came

home the other road, or was down in town when you went for him, or

stayed indoors when you thought he would come out, you’ll see my work. You blasted traitor! Ay, John McGinty, you may call me that if it eases your smart. You and

your like have been the enemy of God and man in these parts. It took a

man to get between you and the poor devils of men and women that you

held under your grip. There was just one way of doing it, and I did it.

You call me a traitor; but I guess there’s many a thousand will call me

a deliverer that went down into hell to save them. I’ve had three

months of it. I wouldn’t have three such months again if they let me

loose in the treasury at Washington for it. I had to stay till I had it

all, every man and every secret right here in this hand. I’d have

waited a little longer if it hadn’t come to my knowledge that my secret

was coming out. A letter had come into the town that would have set you

wise to it all. Then I had to act and act quickly.



“I’ve nothing more to say to you, except that when my time comes I’ll

die the easier when I think of the work I have done in this valley.

Now, Marvin, I’ll keep you no more. Take them in and get it over. Get him out of England at any cost, There

are forces here which may be more dangerous than those he has escaped.

There is no safety for your husband in England. Dear me, Mr. Holmes. Dear me! Deviltry, Watson! I’ve had bad news—terrible news, Mr. Holmes, I feared as much, You have not had a cable, have you? I have had a note from someone who has. It’s poor Douglas. They tell me his name is Edwards; but he will

always be Jack Douglas of Benito Canyon to me. I told you that they

started together for South Africa in the Palmyra three weeks ago. Exactly. The ship reached Cape Town last night. I received this cable from Mrs.

Douglas this morning:



“Jack has been lost overboard in gale off St. Helena. No one knows how

accident occurred.





“IVY DOUGLAS. Ha! It came like that, did it? Well, I’ve

no doubt it was well stage-managed. You mean that you think there was no accident? None in the world. He was murdered? Surely! So I think also. These infernal Scowrers, this cursed vindictive nest

of criminals— No, no, my good sir, There is a master hand here. It is

no case of sawed-off shotguns and clumsy six-shooters. You can tell an

old master by the sweep of his brush. I can tell a Moriarty when I see

one. This crime is from London, not from America. But for what motive? Because it is done by a man who cannot afford to fail, one whose whole

unique position depends upon the fact that all he does must succeed. A

great brain and a huge organization have been turned to the extinction

of one man. It is crushing the nut with the triphammer—an absurd

extravagance of energy—but the nut is very effectually crushed all the

same. How came this man to have anything to do with it? I can only say that the first word that ever came to us of the

business was from one of his lieutenants. These Americans were well

advised. Having an English job to do, they took into partnership, as

any foreign criminal could do, this great consultant in crime. From

that moment their man was doomed. At first he would content himself by

using his machinery in order to find their victim. Then he would

indicate how the matter might be treated. Finally, when he read in the

reports of the failure of this agent, he would step in himself with a

master touch. You heard me warn this man at Birlstone Manor House that

the coming danger was greater than the past. Was I right? Do

not tell me that we have to sit down under this? Do you say that no one

can ever get level with this king devil? No, I don’t say that, I don’t say that he can’t be beat. But you must

give me time—you must give me time!",speaker_turn,review,Project Gutenberg #3289
