text_id,turn_id,sentence_id,speaker,current_text,pattern,fragment,start_position,end_position,suggested_spacing,decision,review_notes
VOF,VOF_T00009,VOF_T00009_S04,Unknown,"Picture to yourself the pilot fish with the shark, the jackal with the lion—anything that is insignificant in companionship with what is formidable: not only formidable, Watson, but sinister—in the highest degree sinister.",missing_space_after_em_dash,n—a,74,77,,,
VOF,VOF_T00009,VOF_T00009_S04,Unknown,"Picture to yourself the pilot fish with the shark, the jackal with the lion—anything that is insignificant in companionship with what is formidable: not only formidable, Watson, but sinister—in the highest degree sinister.",missing_space_after_em_dash,r—i,189,192,,,
VOF,VOF_T00013,VOF_T00013_S04,Holmes,But in calling Moriarty a criminal you are uttering libel in the eyes of the law—and there lie the glory and the wonder of it!,missing_space_after_em_dash,w—a,79,82,,,
VOF,VOF_T00013,VOF_T00013_S05,Holmes,"The greatest schemer of all time, the organizer of every deviltry, the controlling brain of the underworld, a brain which might have made or marred the destiny of nations—that’s the man!",missing_space_after_em_dash,s—t,169,172,,,
VOF,VOF_T00013,VOF_T00013_S09,Holmes,Foul-mouthed doctor and slandered professor—such would be your respective rôles!,missing_space_after_em_dash,r—s,42,45,,,
VOF,VOF_T00016,VOF_T00016_S01,Unknown,"Ah, yes—the so-called Porlock is a link in the chain some little way from its great attachment.",missing_space_after_em_dash,s—t,6,9,,,
VOF,VOF_T00016,VOF_T00016_S02,Unknown,Porlock is not quite a sound link—between ourselves.,missing_space_after_em_dash,k—b,32,35,,,
VOF,VOF_T00018,VOF_T00018_S03,Unknown,"Led on by some rudimentary aspirations towards right, and encouraged by the judicious stimulation of an occasional ten-pound note sent to him by devious methods, he has once or twice given me advance information which has been of value—that highest value which anticipates and prevents rather than avenges crime.",missing_space_after_em_dash,e—t,234,237,,,
VOF,VOF_T00031,VOF_T00031_S05,Unknown,It is too dangerous—he suspects me.,missing_space_after_em_dash,s—h,18,21,,,
VOF,VOF_T00037,VOF_T00037_S04,Unknown,"Anyhow, Friend Porlock is evidently scared out of his senses—kindly compare the writing in the note to that upon its envelope; which was done, he tells us, before this ill-omened visit.",missing_space_after_em_dash,s—k,59,62,,,
VOF,VOF_T00052,VOF_T00052_S02,Unknown,"One more coruscation, my dear Watson—yet another brain-wave!",missing_space_after_em_dash,n—y,35,38,,,
VOF,VOF_T00052,VOF_T00052_S07,Unknown,"He had it—and he imagined that I would have it, too.",missing_space_after_em_dash,t—a,8,11,,,
VOF,VOF_T00065,VOF_T00065_S11,Unknown,"‘There is danger—may—come—very soon—one.’ Then we have the name ‘Douglas’—‘rich—country—now—at Birlstone—House—Birlstone—confidence—is—pressing.’ There, Watson!",missing_space_after_em_dash,r—m,15,18,,,
VOF,VOF_T00065,VOF_T00065_S11,Unknown,"‘There is danger—may—come—very soon—one.’ Then we have the name ‘Douglas’—‘rich—country—now—at Birlstone—House—Birlstone—confidence—is—pressing.’ There, Watson!",missing_space_after_em_dash,y—c,19,22,,,
VOF,VOF_T00065,VOF_T00065_S11,Unknown,"‘There is danger—may—come—very soon—one.’ Then we have the name ‘Douglas’—‘rich—country—now—at Birlstone—House—Birlstone—confidence—is—pressing.’ There, Watson!",missing_space_after_em_dash,e—v,24,27,,,
VOF,VOF_T00065,VOF_T00065_S11,Unknown,"‘There is danger—may—come—very soon—one.’ Then we have the name ‘Douglas’—‘rich—country—now—at Birlstone—House—Birlstone—confidence—is—pressing.’ There, Watson!",missing_space_after_em_dash,n—o,34,37,,,
VOF,VOF_T00065,VOF_T00065_S11,Unknown,"‘There is danger—may—come—very soon—one.’ Then we have the name ‘Douglas’—‘rich—country—now—at Birlstone—House—Birlstone—confidence—is—pressing.’ There, Watson!",missing_space_after_em_dash,h—c,78,81,,,
VOF,VOF_T00065,VOF_T00065_S11,Unknown,"‘There is danger—may—come—very soon—one.’ Then we have the name ‘Douglas’—‘rich—country—now—at Birlstone—House—Birlstone—confidence—is—pressing.’ There, Watson!",missing_space_after_em_dash,y—n,86,89,,,
VOF,VOF_T00065,VOF_T00065_S11,Unknown,"‘There is danger—may—come—very soon—one.’ Then we have the name ‘Douglas’—‘rich—country—now—at Birlstone—House—Birlstone—confidence—is—pressing.’ There, Watson!",missing_space_after_em_dash,w—a,90,93,,,
VOF,VOF_T00065,VOF_T00065_S11,Unknown,"‘There is danger—may—come—very soon—one.’ Then we have the name ‘Douglas’—‘rich—country—now—at Birlstone—House—Birlstone—confidence—is—pressing.’ There, Watson!",missing_space_after_em_dash,e—H,103,106,,,
VOF,VOF_T00065,VOF_T00065_S11,Unknown,"‘There is danger—may—come—very soon—one.’ Then we have the name ‘Douglas’—‘rich—country—now—at Birlstone—House—Birlstone—confidence—is—pressing.’ There, Watson!",missing_space_after_em_dash,e—B,109,112,,,
VOF,VOF_T00065,VOF_T00065_S11,Unknown,"‘There is danger—may—come—very soon—one.’ Then we have the name ‘Douglas’—‘rich—country—now—at Birlstone—House—Birlstone—confidence—is—pressing.’ There, Watson!",missing_space_after_em_dash,e—c,119,122,,,
VOF,VOF_T00065,VOF_T00065_S11,Unknown,"‘There is danger—may—come—very soon—one.’ Then we have the name ‘Douglas’—‘rich—country—now—at Birlstone—House—Birlstone—confidence—is—pressing.’ There, Watson!",missing_space_after_em_dash,e—i,130,133,,,
VOF,VOF_T00065,VOF_T00065_S11,Unknown,"‘There is danger—may—come—very soon—one.’ Then we have the name ‘Douglas’—‘rich—country—now—at Birlstone—House—Birlstone—confidence—is—pressing.’ There, Watson!",missing_space_after_em_dash,s—p,133,136,,,
VOF,VOF_T00067,VOF_T00067_S06,Unknown,There is our result—and a very workmanlike little bit of analysis it was!,missing_space_after_em_dash,t—a,18,21,,,
VOF,VOF_T00070,VOF_T00070_S04,Unknown,But—but—,missing_space_after_em_dash,t—b,2,5,,,
VOF,VOF_T00074,VOF_T00074_S02,Unknown,But why—what’s amiss with the names?,missing_space_after_em_dash,y—w,6,9,,,
VOF,VOF_T00079,VOF_T00079_S01,he,"I was going down to Birlstone this morning, I had come to ask you if you cared to come with me—you and your friend here.",missing_space_after_em_dash,e—y,93,96,,,
VOF,VOF_T00083,VOF_T00083_S01,Unknown,Posted in Camberwell—that doesn’t help us much.,missing_space_after_em_dash,l—t,19,22,,,
VOF,VOF_T00102,VOF_T00102_S01,Unknown,"Very fine—very handsome indeed, mr. Holmes.",missing_space_after_em_dash,e—v,8,11,,,
VOF,VOF_T00108,VOF_T00108_S03,Unknown,"Yes, I saw the picture—a young woman with her head on her hands, peeping at you sideways.",missing_space_after_em_dash,e—a,21,24,,,
VOF,VOF_T00116,VOF_T00116_S01,Holmes,"All knowledge comes useful to the detective, Even the trivial fact that in the year 1865 a picture by Greuze entitled ‘La Jeune Fille à l’Agneau’ fetched one million two hundred thousand francs—more than forty thousand pounds—at the Portalis sale may start a train of reflection in your mind.",missing_space_after_em_dash,s—m,192,195,,,
VOF,VOF_T00116,VOF_T00116_S01,Holmes,"All knowledge comes useful to the detective, Even the trivial fact that in the year 1865 a picture by Greuze entitled ‘La Jeune Fille à l’Agneau’ fetched one million two hundred thousand francs—more than forty thousand pounds—at the Portalis sale may start a train of reflection in your mind.",missing_space_after_em_dash,s—a,224,227,,,
VOF,VOF_T00126,VOF_T00126_S03,Unknown,"Once—well, I can hardly tell about the once to an official detective.",missing_space_after_em_dash,e—w,3,6,,,
VOF,VOF_T00126,VOF_T00126_S04,Unknown,It was on the last occasion that I took the liberty of running over his papers—with the most unexpected results.,missing_space_after_em_dash,s—w,77,80,,,
VOF,VOF_T00132,VOF_T00132_S02,Unknown,"Of course I have other reasons for thinking so—dozens of exiguous threads which lead vaguely up towards the centre of the web where the poisonous, motionless creature is lurking.",missing_space_after_em_dash,o—d,45,48,,,
VOF,VOF_T00133,VOF_T00133_S01,Unknown,"Well, mr. Holmes, I admit that what you say is interesting: it’s more than interesting—it’s just wonderful.",missing_space_after_em_dash,g—i,85,88,,,
VOF,VOF_T00133,VOF_T00133_S03,Unknown,"Is it forgery, coining, burglary—where does the money come from?",missing_space_after_em_dash,y—w,31,34,,,
VOF,VOF_T00135,VOF_T00135_S03,Unknown,I don’t take much stock of detectives in novels—chaps that do things and never let you see how they do them.,missing_space_after_em_dash,s—c,46,49,,,
VOF,VOF_T00138,VOF_T00138_S02,Unknown,Everything comes in circles—even Professor Moriarty.,missing_space_after_em_dash,s—e,26,29,,,
VOF,VOF_T00140,VOF_T00140_S01,Unknown,"I happen to know who is the first link in his chain—a chain with this Napoleon-gone-wrong at one end, and a hundred broken fighting men, pickpockets, blackmailers, and card sharpers at the other, with every sort of crime in between.",missing_space_after_em_dash,n—a,50,53,,,
VOF,VOF_T00142,VOF_T00142_S02,Unknown,"That’s paying for brains, you see—the American business principle.",missing_space_after_em_dash,e—t,32,35,,,
VOF,VOF_T00142,VOF_T00142_S06,Unknown,Another point: I made it my business to hunt down some of Moriarty’s checks lately—just common innocent checks that he pays his household bills with.,missing_space_after_em_dash,y—j,81,84,,,
VOF,VOF_T00146,VOF_T00146_S08,Unknown,Now we might suppose that this murdered man—this Douglas whose approaching fate was known by one of the arch-criminal’s subordinates—had in some way betrayed the chief.,missing_space_after_em_dash,n—t,42,45,,,
VOF,VOF_T00146,VOF_T00146_S08,Unknown,Now we might suppose that this murdered man—this Douglas whose approaching fate was known by one of the arch-criminal’s subordinates—had in some way betrayed the chief.,missing_space_after_em_dash,s—h,131,134,,,
VOF,VOF_T00146,VOF_T00146_S09,Unknown,"His punishment followed, and would be known to all—if only to put the fear of death into them.",missing_space_after_em_dash,l—i,49,52,,,
VOF,VOF_T00154,VOF_T00154_S03,Unknown,"Wire me what train in the morning you can get for Birlstone, and I will meet it—or have it met if I am too occupied.",missing_space_after_em_dash,t—o,78,81,,,
VOF,VOF_T00160,VOF_T00160_S03,Unknown,"I can see only two things for certain at present—a great brain in London, and a dead man in Sussex.",missing_space_after_em_dash,t—a,47,50,,,
VOF,VOF_T00165,VOF_T00165_S03,Unknown,It was not very loud—it seemed to be muffled.,missing_space_after_em_dash,d—i,19,22,,,
VOF,VOF_T00165,VOF_T00165_S04,Unknown,I rushed down—I don’t suppose it was thirty seconds before I was in the room.,missing_space_after_em_dash,n—I,12,15,,,
VOF,VOF_T00186,VOF_T00186_S01,the sergeant,"Then it comes to this, If anyone came from outside—_if_ they did—they must have got in across the bridge before six and been in hiding ever since, until mr. Douglas came into the room after eleven.",missing_space_after_em_dash,d—t,63,66,,,
VOF,VOF_T00225,VOF_T00225_S08,Unknown,The sawed gun was not more than two foot long—one could carry it easily under one’s coat.,missing_space_after_em_dash,g—o,44,47,,,
VOF,VOF_T00227,VOF_T00227_S01,Unknown,"Pennsylvania Small Arms Company—well-known American firm, That is very helpful, mr. Holmes.",missing_space_after_em_dash,y—w,30,33,,,
VOF,VOF_T00235,VOF_T00235_S01,Unknown,Ten years with Sir Charles Chandos—as solid as a rock.,missing_space_after_em_dash,s—a,33,36,,,
VOF,VOF_T00249,VOF_T00249_S04,Holmes,"At the same time, mr. White Mason, I claim the right to work in my own way and give my results at my own time—complete rather than in stages.",missing_space_after_em_dash,e—c,108,111,,,
VOF,VOF_T00254,VOF_T00254_S01,White Mason,"I’ve had a good look, mr. Holmes, There is nothing there, no sign that anyone has landed—but why should he leave any sign?",missing_space_after_em_dash,d—b,87,90,,,
VOF,VOF_T00263,VOF_T00263_S01,Unknown,"Is it suicide, or is it murder—that’s our first question, gentlemen, is it not?",missing_space_after_em_dash,r—t,29,32,,,
VOF,VOF_T00266,VOF_T00266_S04,Unknown,They then did the deed with the queerest and noisiest weapon in the world so as to tell everyone what had happened—a weapon that was never seen in the house before.,missing_space_after_em_dash,d—a,113,116,,,
VOF,VOF_T00268,VOF_T00268_S01,Unknown,"Well, then, everyone is agreed that after the alarm was given only a minute at the most had passed before the whole household—not mr. Cecil Barker alone, though he claims to have been the first, but Ames and all of them were on the spot.",missing_space_after_em_dash,d—n,124,127,,,
VOF,VOF_T00273,VOF_T00273_S05,Unknown,"He demands the wedding ring—Heaven only knows why, but so it must have been. mr. Douglas gave it up.",missing_space_after_em_dash,g—H,26,29,,,
VOF,VOF_T00273,VOF_T00273_S06,Unknown,Then either in cold blood or in the course of a struggle—Douglas may have gripped the hammer that was found upon the mat—he shot Douglas in this horrible way.,missing_space_after_em_dash,e—D,55,58,,,
VOF,VOF_T00273,VOF_T00273_S06,Unknown,Then either in cold blood or in the course of a struggle—Douglas may have gripped the hammer that was found upon the mat—he shot Douglas in this horrible way.,missing_space_after_em_dash,t—h,119,122,,,
VOF,VOF_T00273,VOF_T00273_S07,Unknown,"He dropped his gun and also it would seem this queer card—V.V. 341, whatever that may mean—and he made his escape through the window and across the moat at the very moment when Cecil Barker was discovering the crime.",missing_space_after_em_dash,d—V,56,59,,,
VOF,VOF_T00273,VOF_T00273_S07,Unknown,"He dropped his gun and also it would seem this queer card—V.V. 341, whatever that may mean—and he made his escape through the window and across the moat at the very moment when Cecil Barker was discovering the crime.",missing_space_after_em_dash,n—a,89,92,,,
VOF,VOF_T00276,VOF_T00276_S03,he,"Ames, I understand that you have often seen this very unusual mark—a branded triangle inside a circle—upon mr. Douglas’s forearm?",missing_space_after_em_dash,k—a,65,68,,,
VOF,VOF_T00276,VOF_T00276_S03,he,"Ames, I understand that you have often seen this very unusual mark—a branded triangle inside a circle—upon mr. Douglas’s forearm?",missing_space_after_em_dash,e—u,100,103,,,
VOF,VOF_T00288,VOF_T00288_S01,Unknown,"Well, then, we will pass to this card—V.V. 341.",missing_space_after_em_dash,d—V,36,39,,,
VOF,VOF_T00303,VOF_T00303_S01,Ames,"mr. Douglas’s dumb-bells, Dumb-bell—there’s only one.",missing_space_after_em_dash,l—t,34,37,,,
VOF,VOF_T00331,VOF_T00331_S04,Unknown,They meant him no good—it was easy to see that.,missing_space_after_em_dash,d—i,21,24,,,
VOF,VOF_T00332,VOF_T00332_S01,Unknown,Were these men Americans—Californians?,missing_space_after_em_dash,s—C,23,26,,,
VOF,VOF_T00359,VOF_T00359_S04,Unknown,He was fond of me—no man could be fonder of a friend.,missing_space_after_em_dash,e—n,16,19,,,
VOF,VOF_T00359,VOF_T00359_S09,Unknown,"But you can take it from me, gentlemen, if it was my last word, that no man ever had a more loving, faithful wife—and I can say also no friend could be more loyal than I!",missing_space_after_em_dash,e—a,112,115,,,
VOF,VOF_T00387,VOF_T00387_S01,Unknown,We have heard from mr. Cecil Barker that you did not actually see—that you were never in the room where the tragedy occurred?,missing_space_after_em_dash,e—t,64,67,,,
VOF,VOF_T00399,VOF_T00399_S03,Unknown,It was not from want of confidence in me—there was the most complete love and confidence between us—but it was out of his desire to keep all alarm away from me.,missing_space_after_em_dash,e—t,39,42,,,
VOF,VOF_T00399,VOF_T00399_S03,Unknown,It was not from want of confidence in me—there was the most complete love and confidence between us—but it was out of his desire to keep all alarm away from me.,missing_space_after_em_dash,s—b,98,101,,,
VOF,VOF_T00408,VOF_T00408_S04,Unknown,McGinty was the name—Bodymaster McGinty.,missing_space_after_em_dash,e—B,19,22,,,
VOF,VOF_T00418,VOF_T00418_S01,MacDonald,"She’s a beautiful woman—a very beautiful woman, This man Barker has certainly been down here a good deal.",missing_space_after_em_dash,n—a,22,25,,,
VOF,VOF_T00418,VOF_T00418_S06,MacDonald,"The man who tears a wedding ring off a dead man’s—What do you say to it, mr. Holmes?",missing_space_after_em_dash,s—W,48,51,,,
VOF,VOF_T00427,VOF_T00427_S02,Unknown,I may say that I noticed that the slippers were stained with blood—so indeed were my own.,missing_space_after_em_dash,d—s,65,68,,,
VOF,VOF_T00431,VOF_T00431_S05,the inspector,"But what’s the game, mr. Holmes—what’s the game?",missing_space_after_em_dash,s—w,30,33,,,
VOF,VOF_T00444,VOF_T00444_S01,Unknown,"I beg—I implore that you will, dr. Watson!",missing_space_after_em_dash,g—I,4,7,,,
VOF,VOF_T00444,VOF_T00444_S02,Unknown,I assure you that you will be helping us—helping me greatly if you will guide us on that point.,missing_space_after_em_dash,s—h,39,42,,,
VOF,VOF_T00449,VOF_T00449_S02,Unknown,I don’t say that we have fathomed it—far from it—but when we have traced the missing dumb-bell—,missing_space_after_em_dash,t—f,35,38,,,
VOF,VOF_T00449,VOF_T00449_S02,Unknown,I don’t say that we have fathomed it—far from it—but when we have traced the missing dumb-bell—,missing_space_after_em_dash,t—b,47,50,,,
VOF,VOF_T00452,VOF_T00452_S01,Unknown,"A lie, Watson—a great, big, thumping, obtrusive, uncompromising lie—that’s what meets us on the threshold!",missing_space_after_em_dash,n—a,12,15,,,
VOF,VOF_T00452,VOF_T00452_S01,Unknown,"A lie, Watson—a great, big, thumping, obtrusive, uncompromising lie—that’s what meets us on the threshold!",missing_space_after_em_dash,e—t,66,69,,,
VOF,VOF_T00452,VOF_T00452_S13,Unknown,"According to the story given to us, the assassin had less than a minute after the murder had been committed to take that ring, which was under another ring, from the dead man’s finger, to replace the other ring—a thing which he would surely never have done—and to put that singular card beside his victim.",missing_space_after_em_dash,g—a,209,212,,,
VOF,VOF_T00452,VOF_T00452_S13,Unknown,"According to the story given to us, the assassin had less than a minute after the murder had been committed to take that ring, which was under another ring, from the dead man’s finger, to replace the other ring—a thing which he would surely never have done—and to put that singular card beside his victim.",missing_space_after_em_dash,e—a,255,258,,,
VOF,VOF_T00452,VOF_T00452_S15,Unknown,"“You may argue—but I have too much respect for your judgment, Watson, to think that you will do so—that the ring may have been taken before the man was killed.",missing_space_after_em_dash,e—b,13,16,,,
VOF,VOF_T00452,VOF_T00452_S15,Unknown,"“You may argue—but I have too much respect for your judgment, Watson, to think that you will do so—that the ring may have been taken before the man was killed.",missing_space_after_em_dash,o—t,97,100,,,
VOF,VOF_T00452,VOF_T00452_S23,Unknown,"We are in the presence, therefore, of a deliberate conspiracy upon the part of the two people who heard the gunshot—of the man Barker and of the woman Douglas.",missing_space_after_em_dash,t—o,114,117,,,
VOF,VOF_T00459,VOF_T00459_S12,Unknown,Why a cut-off shotgun of all weapons—and an American one at that?,missing_space_after_em_dash,s—a,35,38,,,
VOF,VOF_T00466,VOF_T00466_S02,I,"Well, now, to continue our supposititious case, the couple—not necessarily a guilty couple—realize after the murderer is gone that they have placed themselves in a position in which it may be difficult for them to prove that they did not themselves either do the deed or connive at it.",missing_space_after_em_dash,e—n,57,60,,,
VOF,VOF_T00466,VOF_T00466_S02,I,"Well, now, to continue our supposititious case, the couple—not necessarily a guilty couple—realize after the murderer is gone that they have placed themselves in a position in which it may be difficult for them to prove that they did not themselves either do the deed or connive at it.",missing_space_after_em_dash,e—r,89,92,,,
VOF,VOF_T00468,VOF_T00468_S03,Unknown,"But if not—well, the resources of science are far from being exhausted.",missing_space_after_em_dash,t—w,9,12,,,
VOF,VOF_T00473,VOF_T00473_S01,Unknown,Certainly—but what a wretched weapon!,missing_space_after_em_dash,y—b,8,11,,,
VOF,VOF_T00483,VOF_T00483_S03,Unknown,But his description—what of that?,missing_space_after_em_dash,n—w,18,21,,,
VOF,VOF_T00490,VOF_T00490_S01,MacDonald,"Well, mr. Holmes, when we have got our man—and you may be sure that I had his description on the wires within five minutes of hearing it—we shall be better able to judge.",missing_space_after_em_dash,n—a,41,44,,,
VOF,VOF_T00490,VOF_T00490_S01,MacDonald,"Well, mr. Holmes, when we have got our man—and you may be sure that I had his description on the wires within five minutes of hearing it—we shall be better able to judge.",missing_space_after_em_dash,t—w,135,138,,,
VOF,VOF_T00492,VOF_T00492_S03,Unknown,"My end is that the crime was committed half an hour earlier than reported; that mrs. Douglas and Barker are both in a conspiracy to conceal something; that they aided the murderer’s escape—or at least that they reached the room before he escaped—and that they fabricated evidence of his escape through the window, whereas in all probability they had themselves let him go by lowering the bridge.",missing_space_after_em_dash,e—o,187,190,,,
VOF,VOF_T00492,VOF_T00492_S03,Unknown,"My end is that the crime was committed half an hour earlier than reported; that mrs. Douglas and Barker are both in a conspiracy to conceal something; that they aided the murderer’s escape—or at least that they reached the room before he escaped—and that they fabricated evidence of his escape through the window, whereas in all probability they had themselves let him go by lowering the bridge.",missing_space_after_em_dash,d—a,244,247,,,
VOF,VOF_T00497,VOF_T00497_S02,Unknown,Darkness and dr. Watson’s umbrella—my wants are simple.,missing_space_after_em_dash,a—m,33,36,,,
VOF,VOF_T00497,VOF_T00497_S04,Unknown,All my lines of thought lead me back invariably to the one basic question—why should an athletic man develop his frame upon so unnatural an instrument as a single dumb-bell?,missing_space_after_em_dash,n—w,72,75,,,
VOF,VOF_T00507,VOF_T00507_S02,Unknown,"In three of them—East Ham, Leicester, and Liverpool—there is a clear case against him, and he has actually been arrested.",missing_space_after_em_dash,m—E,15,18,,,
VOF,VOF_T00507,VOF_T00507_S02,Unknown,"In three of them—East Ham, Leicester, and Liverpool—there is a clear case against him, and he has actually been arrested.",missing_space_after_em_dash,l—t,50,53,,,
VOF,VOF_T00508,VOF_T00508_S06,Holmes,"Therefore I am here to advise you this morning, and my advice to you is summed up in three words—abandon the case.",missing_space_after_em_dash,s—a,95,98,,,
VOF,VOF_T00531,VOF_T00531_S01,the inspector,"Well, we’re bound to take you on your own terms, but when it comes to telling us to abandon the case—why in the name of goodness should we abandon the case?",missing_space_after_em_dash,e—w,99,102,,,
VOF,VOF_T00542,VOF_T00542_S01,Unknown,"Do what you like and go where you will, but meet me here before dusk without fail—without fail, mr. Mac.",missing_space_after_em_dash,l—w,80,83,,,
VOF,VOF_T00556,VOF_T00556_S03,he,"The blunt accusation, the brutal tap upon the shoulder—what can one make of such a denouement?",missing_space_after_em_dash,r—w,53,56,,,
VOF,VOF_T00556,VOF_T00556_S04,he,"But the quick inference, the subtle trap, the clever forecast of coming events, the triumphant vindication of bold theories—are these not the pride and the justification of our life’s work?",missing_space_after_em_dash,s—a,122,125,,,
VOF,VOF_T00564,VOF_T00564_S01,Unknown,"This is what we are after, mr. Barker—this bundle, weighted with a dumb-bell, which you have just raised from the bottom of the moat.",missing_space_after_em_dash,r—t,36,39,,,
VOF,VOF_T00582,VOF_T00582_S04,he,"I’ve been cooped up two days, and I’ve spent the daylight hours—as much daylight as I could get in that rat trap—in putting the thing into words.",missing_space_after_em_dash,s—a,62,65,,,
VOF,VOF_T00582,VOF_T00582_S04,he,"I’ve been cooped up two days, and I’ve spent the daylight hours—as much daylight as I could get in that rat trap—in putting the thing into words.",missing_space_after_em_dash,p—i,111,114,,,
VOF,VOF_T00582,VOF_T00582_S05,he,You’re welcome to them—you and your public.,missing_space_after_em_dash,m—y,21,24,,,
VOF,VOF_T00594,VOF_T00594_S03,Unknown,It was the worst enemy I had among them all—one who has been after me like a hungry wolf after a caribou all these years.,missing_space_after_em_dash,l—o,42,45,,,
VOF,VOF_T00594,VOF_T00594_S09,Unknown,After the bridge was up—my mind was always more restful when that bridge was up in the evenings—I put the thing clear out of my head.,missing_space_after_em_dash,p—m,22,25,,,
VOF,VOF_T00594,VOF_T00594_S09,Unknown,After the bridge was up—my mind was always more restful when that bridge was up in the evenings—I put the thing clear out of my head.,missing_space_after_em_dash,s—I,94,97,,,
VOF,VOF_T00594,VOF_T00594_S12,Unknown,I guess when a man has had dangers in his life—and I’ve had more than most in my time—there is a kind of sixth sense that waves the red flag.,missing_space_after_em_dash,e—a,45,48,,,
VOF,VOF_T00594,VOF_T00594_S12,Unknown,I guess when a man has had dangers in his life—and I’ve had more than most in my time—there is a kind of sixth sense that waves the red flag.,missing_space_after_em_dash,e—t,84,87,,,
VOF,VOF_T00594,VOF_T00594_S34,Unknown,I said a word or two to Barker—he took it all in at a glance—and we waited for the rest to come along.,missing_space_after_em_dash,r—h,29,32,,,
VOF,VOF_T00594,VOF_T00594_S34,Unknown,I said a word or two to Barker—he took it all in at a glance—and we waited for the rest to come along.,missing_space_after_em_dash,e—a,59,62,,,
VOF,VOF_T00634,VOF_T00634_S01,Unknown,"Here is the address—Jacob Shafter, Sheridan Street.",missing_space_after_em_dash,s—J,18,21,,,
VOF,VOF_T00646,VOF_T00646_S02,McMurdo,My name’s Jack McMurdo—see?,missing_space_after_em_dash,o—s,21,24,,,
VOF,VOF_T00646,VOF_T00646_S04,McMurdo,Day or night I dare to look the like of you in the face—don’t make any mistake about that!,missing_space_after_em_dash,e—d,54,57,,,
VOF,VOF_T00668,VOF_T00668_S03,Unknown,I thought it might suit me—and now I know it will.,missing_space_after_em_dash,e—a,25,28,,,
VOF,VOF_T00671,VOF_T00671_S03,Unknown,"You can sit down by the stove in the front room until father comes along—Ah, here he is!",missing_space_after_em_dash,g—A,71,74,,,
VOF,VOF_T00676,VOF_T00676_S03,Unknown,"If you run against him—well, you mustn’t, that’s all!",missing_space_after_em_dash,m—w,21,24,,,
VOF,VOF_T00684,VOF_T00684_S01,Unknown,"Oh, it got about—things do get about for good and for bad in this district.",missing_space_after_em_dash,t—t,15,18,,,
VOF,VOF_T00703,VOF_T00703_S02,Unknown,I vould never have had you in my house if I had known it—not if you vere to pay me a hundred dollar a veek.,missing_space_after_em_dash,t—n,55,58,,,
VOF,VOF_T00712,VOF_T00712_S01,McMurdo,That’s just gossip—I want proof!,missing_space_after_em_dash,p—I,17,20,,,
VOF,VOF_T00732,VOF_T00732_S02,McMurdo,"I’ve lived among rough men, my darling, and instead of fearing them it has always ended that they have feared me—always, Ettie.",missing_space_after_em_dash,e—a,111,114,,,
VOF,VOF_T00735,VOF_T00735_S02,Unknown,That is how he speaks—the other one!,missing_space_after_em_dash,s—t,20,23,,,
VOF,VOF_T00736,VOF_T00736_S01,Unknown,"Baldwin—he speaks like that, does he?",missing_space_after_em_dash,n—h,6,9,,,
VOF,VOF_T00738,VOF_T00738_S01,Unknown,"No harm shall come to you, Ettie—nor to your father either.",missing_space_after_em_dash,e—n,31,34,,,
VOF,VOF_T00752,VOF_T00752_S01,Unknown,"Oh, Ted, be reasonable—be kind!",missing_space_after_em_dash,e—b,21,24,,,
VOF,VOF_T00758,VOF_T00758_S04,Unknown,"As to you, Ettie, you’ll come back to me on your knees—d’ye hear, girl?—on your knees—and then I’ll tell you what your punishment may be.",missing_space_after_em_dash,s—d,53,56,,,
VOF,VOF_T00758,VOF_T00758_S04,Unknown,"As to you, Ettie, you’ll come back to me on your knees—d’ye hear, girl?—on your knees—and then I’ll tell you what your punishment may be.",missing_space_after_em_dash,s—a,84,87,,,
VOF,VOF_T00758,VOF_T00758_S05,Unknown,"You’ve sowed—and by the Lord, I’ll see that you reap!",missing_space_after_em_dash,d—a,11,14,,,
VOF,VOF_T00759,VOF_T00759_S03,Unknown,To-night—Jack—to-night!,missing_space_after_em_dash,t—J,7,10,,,
VOF,VOF_T00759,VOF_T00759_S03,Unknown,To-night—Jack—to-night!,missing_space_after_em_dash,k—t,12,15,,,
VOF,VOF_T00789,VOF_T00789_S01,Unknown,"Working, the same as you—but a poorer job.",missing_space_after_em_dash,u—b,23,26,,,
VOF,VOF_T00838,VOF_T00838_S01,McGinty,"You’ve been asking for it this many a day, Ted Baldwin—now you’ve got it!",missing_space_after_em_dash,n—n,53,56,,,
VOF,VOF_T00845,VOF_T00845_S03,McGinty,"You come under lodge discipline if it goes further, and that’s a heavy hand in these parts, as Brother Baldwin knows—and as you will damn soon find out, Brother McMurdo, if you ask for trouble!",missing_space_after_em_dash,s—a,115,118,,,
VOF,VOF_T00848,VOF_T00848_S03,Unknown,"Well, it’s the colleen inside of them that must settle the question; for it’s outside the jurisdiction of a Bodymaster—and the Lord be praised for that!",missing_space_after_em_dash,r—a,117,120,,,
VOF,VOF_T00866,VOF_T00866_S04,Unknown,"Well, we can let that be bygones; for, between you and me—and perhaps I’m going further than my duty in saying it—they could get no clear case against you, and Chicago’s open to you to-morrow.",missing_space_after_em_dash,e—a,56,59,,,
VOF,VOF_T00866,VOF_T00866_S04,Unknown,"Well, we can let that be bygones; for, between you and me—and perhaps I’m going further than my duty in saying it—they could get no clear case against you, and Chicago’s open to you to-morrow.",missing_space_after_em_dash,t—t,112,115,,,
VOF,VOF_T00870,VOF_T00870_S02,Unknown,"So good-night to you—and good-night, Councillor.",missing_space_after_em_dash,u—a,19,22,,,
VOF,VOF_T00941,VOF_T00941_S02,Unknown,I am a faithful member—you all know that—and it is my fear lest evil come to the lodge which makes me speak in anxious words.,missing_space_after_em_dash,r—y,21,24,,,
VOF,VOF_T00941,VOF_T00941_S02,Unknown,I am a faithful member—you all know that—and it is my fear lest evil come to the lodge which makes me speak in anxious words.,missing_space_after_em_dash,t—a,39,42,,,
VOF,VOF_T00952,VOF_T00952_S01,Unknown,Who are you to interfere—you that are new to the lodge?,missing_space_after_em_dash,e—y,23,26,,,
VOF,VOF_T00954,VOF_T00954_S02,Unknown,"As to the lodge, wasn’t it the order of the Bodymaster that the man was not to be killed—and what are you doing but killing him?",missing_space_after_em_dash,d—a,87,90,,,
VOF,VOF_T00957,VOF_T00957_S01,Unknown,Outrage at the Herald Office—Editor Seriously Injured.,missing_space_after_em_dash,e—E,27,30,,,
VOF,VOF_T00968,VOF_T00968_S01,Morris,"I have given up looking for either the one or the other, I may be putting my very life in your hands by what I say; but, bad as you are—and it seemed to me last night that you were shaping to be as bad as the worst—still you are new to it, and your conscience cannot yet be as hardened as theirs.",missing_space_after_em_dash,e—a,134,137,,,
VOF,VOF_T00968,VOF_T00968_S01,Morris,"I have given up looking for either the one or the other, I may be putting my very life in your hands by what I say; but, bad as you are—and it seemed to me last night that you were shaping to be as bad as the worst—still you are new to it, and your conscience cannot yet be as hardened as theirs.",missing_space_after_em_dash,t—s,213,216,,,
VOF,VOF_T00974,VOF_T00974_S04,Morris,Was that crime—or what else would you call it?,missing_space_after_em_dash,e—o,13,16,,,
VOF,VOF_T00978,VOF_T00978_S03,Unknown,Then I heard of this place—curse the hour that the name first fell upon my ears!—and I came to better myself!,missing_space_after_em_dash,e—c,25,28,,,
VOF,VOF_T00978,VOF_T00978_S14,Unknown,"Oh, man, it is awful—awful!",missing_space_after_em_dash,l—a,19,22,,,
VOF,VOF_T00985,VOF_T00985_S01,McMurdo,"Well, I’ll let you know what I think when I have seen more, What is very clear is that you are not the man for the place, and that the sooner you sell out—if you only get a dime a dollar for what the business is worth—the better it will be for you.",missing_space_after_em_dash,t—i,153,156,,,
VOF,VOF_T00985,VOF_T00985_S01,McMurdo,"Well, I’ll let you know what I think when I have seen more, What is very clear is that you are not the man for the place, and that the sooner you sell out—if you only get a dime a dollar for what the business is worth—the better it will be for you.",missing_space_after_em_dash,h—t,216,219,,,
VOF,VOF_T01047,VOF_T01047_S04,Unknown,"How am I to know that you are not a married man—you, a stranger, that nobody knows?",missing_space_after_em_dash,n—y,46,49,,,
VOF,VOF_T01057,VOF_T01057_S04,Unknown,"Oh, Jack, see—I beg it of you on my bended knees!",missing_space_after_em_dash,e—I,12,15,,,
VOF,VOF_T01062,VOF_T01062_S01,Unknown,"Well, then, to the West, or to England, or to Germany, where father came from—anywhere to get away from this Valley of Fear!",missing_space_after_em_dash,m—a,76,79,,,
VOF,VOF_T01065,VOF_T01065_S05,Unknown,I can’t—take that from me once and for all.,missing_space_after_em_dash,t—t,6,9,,,
VOF,VOF_T01087,VOF_T01087_S01,Unknown,You can take two men with you—Manders and Reilly.,missing_space_after_em_dash,u—M,28,31,,,
VOF,VOF_T01089,VOF_T01089_S05,Unknown,"That’s the house—all alone at the Iron Dike crossroad, same as you see here on the map—without another within earshot.",missing_space_after_em_dash,e—a,15,18,,,
VOF,VOF_T01089,VOF_T01089_S05,Unknown,"That’s the house—all alone at the Iron Dike crossroad, same as you see here on the map—without another within earshot.",missing_space_after_em_dash,p—w,85,88,,,
VOF,VOF_T01089,VOF_T01089_S08,Unknown,"But at night—well, there he is with his wife, three children, and a hired help.",missing_space_after_em_dash,t—w,11,14,,,
VOF,VOF_T01095,VOF_T01095_S01,Unknown,They have to—else how can we get him?,missing_space_after_em_dash,o—e,11,14,,,
VOF,VOF_T01128,VOF_T01128_S01,Unknown,But this man—your friend—has he any other person that he would be likely to write to?,missing_space_after_em_dash,n—y,11,14,,,
VOF,VOF_T01128,VOF_T01128_S01,Unknown,But this man—your friend—has he any other person that he would be likely to write to?,missing_space_after_em_dash,d—h,23,26,,,
VOF,VOF_T01132,VOF_T01132_S01,Unknown,I was asking because it is likely that he may have given some description of this fellow Birdy Edwards—then we could get on his trail.,missing_space_after_em_dash,s—t,101,104,,,
VOF,VOF_T01174,VOF_T01174_S04,Unknown,He will get at our secrets—maybe has got them already.,missing_space_after_em_dash,s—m,25,28,,,
VOF,VOF_T01178,VOF_T01178_S03,McMurdo,"I would ask the lodge to choose a trusty committee, mr. Chairman—yourself, if I might suggest it, and Brother Baldwin here, and five more.",missing_space_after_em_dash,n—y,63,66,,,
VOF,VOF_T01182,VOF_T01182_S03,Unknown,I met him on the cars when I went down the line on Wednesday—a hard case if ever there was one.,missing_space_after_em_dash,y—a,59,62,,,
VOF,VOF_T01194,VOF_T01194_S04,Unknown,If I get his promise—and I’ll let you know if I do—I’d have the whole seven of you come to me by nine o’clock.,missing_space_after_em_dash,e—a,19,22,,,
VOF,VOF_T01194,VOF_T01194_S04,Unknown,If I get his promise—and I’ll let you know if I do—I’d have the whole seven of you come to me by nine o’clock.,missing_space_after_em_dash,o—I,49,52,,,
VOF,VOF_T01194,VOF_T01194_S06,Unknown,"If ever he gets out alive—well, he can talk of Birdy Edwards’s luck for the rest of his days!",missing_space_after_em_dash,e—w,24,27,,,
VOF,VOF_T01198,VOF_T01198_S01,Unknown,He’s been here some time—six weeks at the least. I guess he didn’t come into these parts to look at the prospect.,missing_space_after_em_dash,e—s,23,26,,,
VOF,VOF_T01220,VOF_T01220_S02,Unknown,You will all be in the big room—same as you saw when you had a chat with me.,missing_space_after_em_dash,m—s,30,33,,,
VOF,VOF_T01240,VOF_T01240_S02,Unknown,"Pull it out, or by the Lord that made me—There, that will do.",missing_space_after_em_dash,e—T,39,42,,,
VOF,VOF_T01248,VOF_T01248_S01,he,"I’ve had bad news—terrible news, mr. Holmes, I feared as much,",missing_space_after_em_dash,s—t,16,19,,,
VOF,VOF_T01262,VOF_T01262_S03,Unknown,It is crushing the nut with the triphammer—an absurd extravagance of energy—but the nut is very effectually crushed all the same.,missing_space_after_em_dash,r—a,41,44,,,
VOF,VOF_T01262,VOF_T01262_S03,Unknown,It is crushing the nut with the triphammer—an absurd extravagance of energy—but the nut is very effectually crushed all the same.,missing_space_after_em_dash,y—b,74,77,,,
VOF,VOF_T01266,VOF_T01266_S02,Holmes,But you must give me time—you must give me time!,missing_space_after_em_dash,e—y,24,27,,,
