text_id,turn_id,sentence_id,speaker,current_text,classification,beginning_fragment,beginning_found,ending_fragment,ending_found,short_beginning_found,short_ending_found
VOF,VOF_T00003,VOF_T00003_S01,Unknown,"If your heart is as big as your body, and your soul as fine as your face, then I’d ask for nothing better, Oh, Jack, I implore you to give it up!",both_fragments_found,If your heart is as big as your,True,"Jack, I implore you to give it up!",True,True,True
VOF,VOF_T00005,VOF_T00005_S01,I,"I am inclined to think— I should do so,",short_fragment_only,I am inclined to think- I should do,False,"am inclined to think- I should do so,",False,True,True
VOF,VOF_T00006,VOF_T00006_S01,I,"Really, Holmes, you are a little trying at times.",short_fragment_only,"Really, Holmes, you are a little trying at",False,"Holmes, you are a little trying at times.",False,False,True
VOF,VOF_T00007,VOF_T00007_S01,he,"It is Porlock’s writing, I can hardly doubt that it is Porlock’s writing, though I have seen it only twice before.",ending_only,"It is Porlock's writing, I can hardly doubt",False,though I have seen it only twice before.,True,True,True
VOF,VOF_T00029,VOF_T00029_S01,Holmes,"The same writing, and actually signed,",no_fragment_found,"The same writing, and actually signed,",False,"The same writing, and actually signed,",False,False,False
VOF,VOF_T00040,VOF_T00040_S01,I,"No doubt, Of course.",no_fragment_found,"No doubt, Of course.",False,"No doubt, Of course.",False,False,False
VOF,VOF_T00068,VOF_T00068_S01,he,"You are an early bird, mr. Mac, I wish you luck with your worm.",short_fragment_only,"You are an early bird, mr. Mac, I",False,"Mac, I wish you luck with your worm.",False,True,True
VOF,VOF_T00075,VOF_T00075_S01,he,"Just this, that mr. Douglas of Birlstone Manor House was horribly murdered last night!",ending_only,"Just this, that mr. Douglas of Birlstone Manor",False,Birlstone Manor House was horribly murdered last night!,True,False,True
VOF,VOF_T00079,VOF_T00079_S01,he,"I was going down to Birlstone this morning, I had come to ask you if you cared to come with me—you and your friend here.",both_fragments_found,"I was going down to Birlstone this morning,",True,to come with me-you and your friend here.,True,True,True
VOF,VOF_T00080,VOF_T00080_S01,Holmes,"I rather think not, Hang it all, mr. Holmes!",short_fragment_only,"I rather think not, Hang it all, mr.",False,"rather think not, Hang it all, mr. Holmes!",False,True,True
VOF,VOF_T00116,VOF_T00116_S01,Holmes,"All knowledge comes useful to the detective, Even the trivial fact that in the year 1865 a picture by Greuze entitled ‘La Jeune Fille à l’Agneau’ fetched one million two hundred thousand francs—more than forty thousand pounds—at the Portalis sale may start a train of reflection in your mind.",ending_only,"All knowledge comes useful to the detective, Even",False,start a train of reflection in your mind.,True,True,True
VOF,VOF_T00121,VOF_T00121_S01,the inspector,"Ay, that’s remarkable, Talk away, mr. Holmes.",short_fragment_only,"Ay, that's remarkable, Talk away, mr. Holmes.",False,"Ay, that's remarkable, Talk away, mr. Holmes.",False,False,True
VOF,VOF_T00123,VOF_T00123_S01,the inspector,"We’ve time yet, I’ve a cab at the door, and it won’t take us twenty minutes to Victoria.",ending_only,"We've time yet, I've a cab at the",False,it won't take us twenty minutes to Victoria.,True,False,True
VOF,VOF_T00145,VOF_T00145_S01,he,"He can keep, anyhow, You’ve got us side-tracked with your interesting anecdotes, mr. Holmes.",ending_only,"He can keep, anyhow, You've got us side-tracked",False,"us side-tracked with your interesting anecdotes, mr. Holmes.",True,True,True
VOF,VOF_T00152,VOF_T00152_S01,Holmes,"And ample for us both, While we are on our way, mr. Mac, I will ask you to be good enough to tell me all about it.",ending_only,"And ample for us both, While we are",False,good enough to tell me all about it.,True,True,True
VOF,VOF_T00154,VOF_T00154_S01,Unknown,"DEAR INSPECTOR MACDONALD, Official requisition for your services is in separate envelope.",ending_only,"DEAR INSPECTOR MACDONALD, Official requisition for your services",False,requisition for your services is in separate envelope.,True,False,True
VOF,VOF_T00155,VOF_T00155_S01,Holmes,"Your friend seems to be no fool, No, sir, White Mason is a very live man, if I am any judge.",ending_only,"Your friend seems to be no fool, No,",False,"very live man, if I am any judge.",True,True,True
VOF,VOF_T00161,VOF_T00161_S01,Ames,"An easy-going, free-handed gentleman, But, my word!",short_fragment_only,"An easy-going, free-handed gentleman, But, my word!",False,"An easy-going, free-handed gentleman, But, my word!",False,True,False
VOF,VOF_T00163,VOF_T00163_S01,Cecil Barker,"Nothing has been touched up to now, I’ll answer for that.",short_fragment_only,"Nothing has been touched up to now, I'll",False,"touched up to now, I'll answer for that.",False,True,True
VOF,VOF_T00181,VOF_T00181_S01,the police sergeant,"But, I say, It’s all very well your saying that a man escaped by wading this moat, but what I ask you is, how did he ever get into the house at all if the bridge was up?",ending_only,"But, I say, It's all very well your",False,house at all if the bridge was up?,True,False,True
VOF,VOF_T00182,VOF_T00182_S01,Barker,"Ah, that’s the question, At what o’clock was it raised?",short_fragment_only,"Ah, that's the question, At what o'clock was",False,"the question, At what o'clock was it raised?",False,True,True
VOF,VOF_T00183,VOF_T00183_S01,Ames,"It was nearly six o’clock, I’ve heard,",short_fragment_only,"It was nearly six o'clock, I've heard,",False,"It was nearly six o'clock, I've heard,",False,True,False
VOF,VOF_T00185,VOF_T00185_S01,Ames,"mrs. Douglas had visitors to tea, I couldn’t raise it until they went.",short_fragment_only,"mrs. Douglas had visitors to tea, I couldn't",False,"tea, I couldn't raise it until they went.",False,True,True
VOF,VOF_T00186,VOF_T00186_S01,the sergeant,"Then it comes to this, If anyone came from outside—_if_ they did—they must have got in across the bridge before six and been in hiding ever since, until mr. Douglas came into the room after eleven.",ending_only,"Then it comes to this, If anyone came",False,mr. Douglas came into the room after eleven.,True,True,True
VOF,VOF_T00195,VOF_T00195_S01,the sergeant,"We’d best put it back on the rug where we found it, It will want the best brains in the force to get to the bottom of this thing.",both_fragments_found,We'd best put it back on the rug,True,to get to the bottom of this thing.,True,True,True
VOF,VOF_T00198,VOF_T00198_S01,the butler,"When the lamps were lit, It would be shortly after four.",short_fragment_only,"When the lamps were lit, It would be",False,"were lit, It would be shortly after four.",False,True,True
VOF,VOF_T00201,VOF_T00201_S01,Barker,"That’s how I read it, But, I say, aren’t we wasting precious time?",ending_only,"That's how I read it, But, I say,",False,"But, I say, aren't we wasting precious time?",True,True,True
VOF,VOF_T00205,VOF_T00205_S01,the doctor,"It’s not tattooed, I never saw anything like it.",short_fragment_only,"It's not tattooed, I never saw anything like",False,"not tattooed, I never saw anything like it.",False,False,True
VOF,VOF_T00206,VOF_T00206_S01,Cecil Barker,"I don’t profess to know the meaning of it, but I have seen the mark on Douglas many times this last ten years.",both_fragments_found,I don't profess to know the meaning of,True,on Douglas many times this last ten years.,True,True,True
VOF,VOF_T00207,VOF_T00207_S01,the butler,"And so have I, Many a time when the master has rolled up his sleeves I have noticed that very mark.",ending_only,"And so have I, Many a time when",False,his sleeves I have noticed that very mark.,True,True,True
VOF,VOF_T00208,VOF_T00208_S01,the sergeant,"Then it has nothing to do with the crime, anyhow, But it’s a rum thing all the same.",both_fragments_found,Then it has nothing to do with the,True,But it's a rum thing all the same.,True,True,True
VOF,VOF_T00212,VOF_T00212_S01,Barker,"He’s right, Do you tell me,",short_fragment_only,"He's right, Do you tell me,",False,"He's right, Do you tell me,",False,False,True
VOF,VOF_T00217,VOF_T00217_S01,he,"Seems to me the sooner we get London on to this case the better, White Mason is a smart man.",beginning_only,Seems to me the sooner we get London,True,"the better, White Mason is a smart man.",False,True,True
VOF,VOF_T00222,VOF_T00222_S01,White Mason in great,"I thought you would say so, mr. Holmes, We’re well up with the times in Sussex.",both_fragments_found,"I thought you would say so, mr. Holmes,",True,We're well up with the times in Sussex.,True,True,True
VOF,VOF_T00224,VOF_T00224_S01,I,"That, of course, proves nothing at all, There has been many a hammer murder and no trace on the hammer.",ending_only,"That, of course, proves nothing at all, There",False,hammer murder and no trace on the hammer.,True,True,True
VOF,VOF_T00227,VOF_T00227_S01,Unknown,"Pennsylvania Small Arms Company—well-known American firm, That is very helpful, mr. Holmes.",short_fragment_only,"Pennsylvania Small Arms Company-well-known American firm, That is",False,"American firm, That is very helpful, mr. Holmes.",False,True,True
VOF,VOF_T00230,VOF_T00230_S01,he,"Man, you are surely travelling overfast, I have heard no evidence yet that any stranger was ever in the house at all.",ending_only,"Man, you are surely travelling overfast, I have",False,stranger was ever in the house at all.,True,True,True
VOF,VOF_T00238,VOF_T00238_S01,he,"I’m not convinced yet that there was ever anyone in the house, I’m asking you to conseedar",beginning_only,I'm not convinced yet that there was ever,True,"in the house, I'm asking you to conseedar",False,True,True
VOF,VOF_T00240,VOF_T00240_S01,Holmes,"Well, state your case, mr. Mac, The man is not a burglar, supposing that he ever existed.",ending_only,"Well, state your case, mr. Mac, The man",False,"not a burglar, supposing that he ever existed.",True,True,True
VOF,VOF_T00248,VOF_T00248_S01,I,"I have worked with mr. Holmes before, He plays the game.",short_fragment_only,"I have worked with mr. Holmes before, He",False,"with mr. Holmes before, He plays the game.",False,True,True
VOF,VOF_T00249,VOF_T00249_S01,Holmes,"My own idea of the game, at any rate, I go into a case to help the ends of justice and the work of the police.",both_fragments_found,"My own idea of the game, at any",True,of justice and the work of the police.,True,True,True
VOF,VOF_T00250,VOF_T00250_S01,White Mason,"I am sure we are honoured by your presence and to show you all we know, Come along, dr. Watson, and when the time comes we’ll all hope for a place in your book.",both_fragments_found,I am sure we are honoured by your,True,all hope for a place in your book.,True,True,True
VOF,VOF_T00251,VOF_T00251_S01,White Mason,"That’s the window, that one on the immediate right of the drawbridge.",ending_only,"That's the window, that one on the immediate",False,one on the immediate right of the drawbridge.,True,False,True
VOF,VOF_T00254,VOF_T00254_S01,White Mason,"I’ve had a good look, mr. Holmes, There is nothing there, no sign that anyone has landed—but why should he leave any sign?",ending_only,"I've had a good look, mr. Holmes, There",False,has landed-but why should he leave any sign?,True,True,True
VOF,VOF_T00264,VOF_T00264_S01,MacDonald,"We can surely dismiss that, So I think.",short_fragment_only,"We can surely dismiss that, So I think.",False,"We can surely dismiss that, So I think.",False,True,False
VOF,VOF_T00269,VOF_T00269_S01,Holmes,"You put it very clearly, I am inclined to agree with you.",short_fragment_only,"You put it very clearly, I am inclined",False,"clearly, I am inclined to agree with you.",False,True,True
VOF,VOF_T00271,VOF_T00271_S01,Holmes,"The candle shows that, Exactly.",short_fragment_only,"The candle shows that, Exactly.",False,"The candle shows that, Exactly.",False,True,False
VOF,VOF_T00276,VOF_T00276_S01,he,"I should like a few more facts before I get so far as a theory, mr. Mac, Dear me! these injuries are really appalling.",beginning_only,I should like a few more facts before,True,"Mac, Dear me! these injuries are really appalling.",False,True,True
VOF,VOF_T00295,VOF_T00295_S01,White Mason,"That’s my idea, too, Well, we can adopt it as a working hypothesis and then see how far our difficulties disappear.",ending_only,"That's my idea, too, Well, we can adopt",False,and then see how far our difficulties disappear.,True,True,True
VOF,VOF_T00303,VOF_T00303_S01,Ames,"mr. Douglas’s dumb-bells, Dumb-bell—there’s only one.",no_fragment_found,"mr. Douglas's dumb-bells, Dumb-bell-there's only one.",False,"mr. Douglas's dumb-bells, Dumb-bell-there's only one.",False,False,False
VOF,VOF_T00306,VOF_T00306_S01,he,"Sorry to interrupt your consultation, but you should hear the latest news.",short_fragment_only,"Sorry to interrupt your consultation, but you should",False,"consultation, but you should hear the latest news.",False,True,True
VOF,VOF_T00309,VOF_T00309_S01,the inspector,"It would be a grand help to the police, if these things were numbered and registered.",beginning_only,It would be a grand help to the,True,"police, if these things were numbered and registered.",False,True,True
VOF,VOF_T00342,VOF_T00342_S01,MacDonald,"I should like these dates a little clearer, It is quite six years since Douglas left California.",both_fragments_found,"I should like these dates a little clearer,",True,is quite six years since Douglas left California.,True,True,True
VOF,VOF_T00360,VOF_T00360_S01,he,"You are aware, that the dead man’s wedding ring has been taken from his finger?",ending_only,"You are aware, that the dead man's wedding",False,wedding ring has been taken from his finger?,True,False,True
VOF,VOF_T00361,VOF_T00361_S01,Barker,"So it appears, What do you mean by ‘appears’?",short_fragment_only,"So it appears, What do you mean by",False,"it appears, What do you mean by 'appears'?",False,False,True
VOF,VOF_T00367,VOF_T00367_S01,MacDonald,"I don’t know that I’ve anything else to ask you at present, There was one small point,",beginning_only,I don't know that I've anything else to,True,"you at present, There was one small point,",False,True,True
VOF,VOF_T00382,VOF_T00382_S01,the inspector,"We have taken every possible step, mrs. Douglas, You may rest assured that nothing will be neglected.",both_fragments_found,"We have taken every possible step, mrs. Douglas,",True,may rest assured that nothing will be neglected.,True,True,True
VOF,VOF_T00402,VOF_T00402_S01,Holmes,"Might I ask, what the words were which attracted your attention?",ending_only,"Might I ask, what the words were which",False,what the words were which attracted your attention?,True,False,True
VOF,VOF_T00409,VOF_T00409_S01,I,"There is one other point, You met mr. Douglas in a boarding house in London, did you not, and became engaged to him there?",ending_only,"There is one other point, You met mr.",False,"you not, and became engaged to him there?",True,True,True
VOF,VOF_T00416,VOF_T00416_S01,the inspector,"Well, we will not detain you any longer, and we are sorry to have put you to this trouble at such a time, There are some other points, no doubt; but we can refer to you as they arise.",both_fragments_found,"Well, we will not detain you any longer,",True,we can refer to you as they arise.,True,True,True
VOF,VOF_T00418,VOF_T00418_S01,MacDonald,"She’s a beautiful woman—a very beautiful woman, This man Barker has certainly been down here a good deal.",ending_only,"She's a beautiful woman-a very beautiful woman, This",False,has certainly been down here a good deal.,True,True,True
VOF,VOF_T00435,VOF_T00435_S01,he,"Excuse me, sir, but am I addressing dr. Watson?",short_fragment_only,"Excuse me, sir, but am I addressing dr.",False,"me, sir, but am I addressing dr. Watson?",False,False,True
VOF,VOF_T00437,VOF_T00437_S01,she,"I fear that you think me callous and hard-hearted, It is no business of mine,",beginning_only,I fear that you think me callous and,True,"and hard-hearted, It is no business of mine,",False,True,True
VOF,VOF_T00439,VOF_T00439_S01,Barker,"There is no need why dr. Watson should realize, As he has himself said, it is no possible business of his.",both_fragments_found,There is no need why dr. Watson should,True,"said, it is no possible business of his.",True,True,True
VOF,VOF_T00440,VOF_T00440_S01,I,"Exactly, and so I will beg leave to resume my walk.",ending_only,"Exactly, and so I will beg leave to",False,I will beg leave to resume my walk.,True,False,True
VOF,VOF_T00441,VOF_T00441_S01,Unknown,"One moment, dr. Watson, There is one question which you can answer with more authority than anyone else in the world, and it may make a very great difference to me.",ending_only,"One moment, dr. Watson, There is one question",False,may make a very great difference to me.,True,True,True
VOF,VOF_T00442,VOF_T00442_S01,Barker,"Yes, that’s it, Is he on his own or is he entirely in with them?",ending_only,"Yes, that's it, Is he on his own",False,own or is he entirely in with them?,True,False,True
VOF,VOF_T00447,VOF_T00447_S01,Holmes,"I wish none of their confidences, No confidences, Watson; for they are mighty awkward if it comes to an arrest for conspiracy and murder.",ending_only,"I wish none of their confidences, No confidences,",False,comes to an arrest for conspiracy and murder.,True,True,True
VOF,VOF_T00453,VOF_T00453_S01,I,"I am convinced myself, that there is an understanding between those two people.",ending_only,"I am convinced myself, that there is an",False,there is an understanding between those two people.,True,True,True
VOF,VOF_T00456,VOF_T00456_S01,Holmes,"There is an appalling directness about your questions, Watson, They come at me like bullets.",beginning_only,"There is an appalling directness about your questions,",True,"questions, Watson, They come at me like bullets.",False,True,True
VOF,VOF_T00457,VOF_T00457_S01,I,"That, I am sure, cannot be true, Well, at least they gave that impression.",short_fragment_only,"That, I am sure, cannot be true, Well,",False,"true, Well, at least they gave that impression.",False,True,True
VOF,VOF_T00466,VOF_T00466_S01,I,"Well, it is possible, no doubt, We have to remember, Watson, that whatever occurred is certainly something very extraordinary.",ending_only,"Well, it is possible, no doubt, We have",False,that whatever occurred is certainly something very extraordinary.,True,True,True
VOF,VOF_T00475,VOF_T00475_S01,MacDonald,"Man, I’ll admeet that I had my doubts if there was ever an outsider, but that’s all past now.",beginning_only,"Man, I'll admeet that I had my doubts",True,"ever an outsider, but that's all past now.",False,True,True
VOF,VOF_T00476,VOF_T00476_S01,Holmes,"It sounds to me like the beginning of the end, I’m sure I congratulate you both with all my heart.",both_fragments_found,It sounds to me like the beginning of,True,I congratulate you both with all my heart.,True,True,True
VOF,VOF_T00478,VOF_T00478_S01,Holmes,"Well, well, you have indeed done some solid work while I have been sitting spinning theories with my friend!",ending_only,"Well, well, you have indeed done some solid",False,have been sitting spinning theories with my friend!,True,False,True
VOF,VOF_T00479,VOF_T00479_S01,the inspector,"Ay, it’s just that, mr. Holmes, But this may all fit in with your theories,",ending_only,"Ay, it's just that, mr. Holmes, But this",False,"this may all fit in with your theories,",True,True,True
VOF,VOF_T00482,VOF_T00482_S01,White Mason,"That’s what puzzles me, mr. Holmes, If the fellow did not want the hue and cry raised over him, one would imagine that he would have returned and remained at the hotel as an inoffensive tourist. As it is, he must know that he will be reported to the police by the hotel manager and that his disappearance will be connected with the murder.",ending_only,"That's what puzzles me, mr. Holmes, If the",False,his disappearance will be connected with the murder.,True,True,True
VOF,VOF_T00485,VOF_T00485_S01,Holmes,"Well, bar the expression, that might almost be a description of Douglas himself, He is just over fifty, with grizzled hair and moustache, and about the same height.",both_fragments_found,"Well, bar the expression, that might almost be",True,"hair and moustache, and about the same height.",True,True,True
VOF,VOF_T00490,VOF_T00490_S01,MacDonald,"Well, mr. Holmes, when we have got our man—and you may be sure that I had his description on the wires within five minutes of hearing it—we shall be better able to judge.",ending_only,"Well, mr. Holmes, when we have got our",False,hearing it-we shall be better able to judge.,True,False,True
VOF,VOF_T00491,VOF_T00491_S01,Holmes,"That is all very clear, Well, mr. Douglas did not appear.",short_fragment_only,"That is all very clear, Well, mr. Douglas",False,"very clear, Well, mr. Douglas did not appear.",False,True,True
VOF,VOF_T00493,VOF_T00493_S01,the London inspector,"Well, mr. Holmes, if this is true, we only tumble out of one mystery into another, And in some ways a worse one,",beginning_only,"Well, mr. Holmes, if this is true, we",True,"another, And in some ways a worse one,",False,True,True
VOF,VOF_T00495,VOF_T00495_S01,Holmes,"I freely admit the difficulties, I propose to make a little investigation of my own to-night, and it is just possible that it may contribute something to the common cause.",ending_only,"I freely admit the difficulties, I propose to",False,it may contribute something to the common cause.,True,True,True
VOF,VOF_T00523,VOF_T00523_S01,the detective,"I’m the first to admit that, You get to your point, I admit; but you have such a deuced round-the-corner way of doing it.",ending_only,"I'm the first to admit that, You get",False,such a deuced round-the-corner way of doing it.,True,True,True
VOF,VOF_T00531,VOF_T00531_S01,the inspector,"Well, we’re bound to take you on your own terms, but when it comes to telling us to abandon the case—why in the name of goodness should we abandon the case?",both_fragments_found,"Well, we're bound to take you on your",True,name of goodness should we abandon the case?,True,True,True
VOF,VOF_T00547,VOF_T00547_S01,the inspector,"It’s impossible, I’ve made inquiry.",no_fragment_found,"It's impossible, I've made inquiry.",False,"It's impossible, I've made inquiry.",False,False,False
VOF,VOF_T00553,VOF_T00553_S01,my friend,"Well, gentlemen, I am asking you now to put everything to the test with me, and you will judge for yourselves whether the observations I have made justify the conclusions to which I have come.",ending_only,"Well, gentlemen, I am asking you now to",False,justify the conclusions to which I have come.,True,False,True
VOF,VOF_T00556,VOF_T00556_S01,he,"Watson insists that I am the dramatist in real life, Some touch of the artist wells up within me, and calls insistently for a well-staged performance.",both_fragments_found,Watson insists that I am the dramatist in,True,"me, and calls insistently for a well-staged performance.",True,True,True
VOF,VOF_T00557,VOF_T00557_S01,Unknown,"Well, I hope the pride and justification and the rest of it will come before we all get our death of cold, How long is this to last?",beginning_only,"Well, I hope the pride and justification and",True,"of cold, How long is this to last?",False,True,True
VOF,VOF_T00568,VOF_T00568_S01,Holmes,"Perhaps I should have said ‘replaced it there,’ You will remember, Inspector MacDonald, that I was somewhat struck by the absence of a dumb-bell.",both_fragments_found,"Perhaps I should have said 'replaced it there,'",True,somewhat struck by the absence of a dumb-bell.,True,True,True
VOF,VOF_T00570,VOF_T00570_S01,Holmes,"The clothes are commonplace, save only the overcoat, which is full of suggestive touches.",ending_only,"The clothes are commonplace, save only the overcoat,",False,"the overcoat, which is full of suggestive touches.",True,True,True
VOF,VOF_T00575,VOF_T00575_S01,the inspector,"Well, if you take that line, mr. Barker, we must just keep you in sight until we have the warrant and can hold you.",both_fragments_found,"Well, if you take that line, mr. Barker,",True,we have the warrant and can hold you.,True,True,True
VOF,VOF_T00576,VOF_T00576_S01,Unknown,"You can do what you damn please about that, You have done enough for now, Cecil,",beginning_only,You can do what you damn please about,True,"that, You have done enough for now, Cecil,",False,True,True
VOF,VOF_T00578,VOF_T00578_S01,She,"Enough and more than enough, I have every sympathy with you, madam, and should strongly urge you to have some confidence in the common sense of our jurisdiction and to take the police voluntarily into your complete confidence.",ending_only,"Enough and more than enough, I have every",False,take the police voluntarily into your complete confidence.,True,True,True
VOF,VOF_T00581,VOF_T00581_S01,She,"Indeed, yes, mr. Douglas, I am sure that you will find it best.",ending_only,"Indeed, yes, mr. Douglas, I am sure that",False,am sure that you will find it best.,True,True,True
VOF,VOF_T00582,VOF_T00582_S01,he,"I’ve heard of you, You are the historian of this bunch.",short_fragment_only,"I've heard of you, You are the historian",False,"you, You are the historian of this bunch.",False,True,True
VOF,VOF_T00583,VOF_T00583_S01,She,"That’s the past, mr. Douglas, What we desire now is to hear your story of the present.",ending_only,"That's the past, mr. Douglas, What we desire",False,is to hear your story of the present.,True,True,True
VOF,VOF_T00584,VOF_T00584_S01,Douglas,"You’ll have it, sir, May I smoke as I talk?",short_fragment_only,"You'll have it, sir, May I smoke as",False,"it, sir, May I smoke as I talk?",False,True,True
VOF,VOF_T00589,VOF_T00589_S01,Holmes,"Ah, mr. Mac, you would not read that excellent local compilation which described the concealment of King Charles.",ending_only,"Ah, mr. Mac, you would not read that",False,compilation which described the concealment of King Charles.,True,False,True
VOF,VOF_T00592,VOF_T00592_S01,Douglas,"Well, you figured it out about right, I thought I’d dodge your British law; for I was not sure how I stood under it, and also I saw my chance to throw these hounds once for all off my track.",ending_only,"Well, you figured it out about right, I",False,these hounds once for all off my track.,True,True,True
VOF,VOF_T00599,VOF_T00599_S01,he,"The story is not over yet, I fear, You may find worse dangers than the English law, or even than your enemies from America.",both_fragments_found,"The story is not over yet, I fear,",True,"law, or even than your enemies from America.",True,True,True
VOF,VOF_T00601,VOF_T00601_S01,he,"Yes, we need them sometimes in the place I come from.",ending_only,"Yes, we need them sometimes in the place",False,them sometimes in the place I come from.,True,False,True
VOF,VOF_T00606,VOF_T00606_S01,the workman,"You may find you need it here, Ah! is that so?",short_fragment_only,"You may find you need it here, Ah!",False,"you need it here, Ah! is that so?",False,True,True
VOF,VOF_T00618,VOF_T00618_S01,the workman,"I see you speak the truth, But it’s well to make certain.",short_fragment_only,"I see you speak the truth, But it's",False,"the truth, But it's well to make certain.",False,True,True
VOF,VOF_T00619,VOF_T00619_S01,the workman,"Dark nights are unpleasant, Yes, for strangers to travel,",short_fragment_only,"Dark nights are unpleasant, Yes, for strangers to",False,"nights are unpleasant, Yes, for strangers to travel,",False,True,True
VOF,VOF_T00623,VOF_T00623_S01,McMurdo,"I found plenty of work to do, Then why did you leave?",short_fragment_only,"I found plenty of work to do, Then",False,"work to do, Then why did you leave?",False,True,True
VOF,VOF_T00630,VOF_T00630_S01,McMurdo with the air,"It’s early days to talk of such things, I’ve my own good reasons for leaving Chicago, and let that be enough for you.",both_fragments_found,"It's early days to talk of such things,",True,"Chicago, and let that be enough for you.",True,True,True
VOF,VOF_T00636,VOF_T00636_S01,Unknown,"I guess hell must look something like that, For that matter,",beginning_only,"I guess hell must look something like that,",True,"must look something like that, For that matter,",False,True,False
VOF,VOF_T00642,VOF_T00642_S01,one,"No offense, stranger, It was a warning for your own good, seeing that you are, by your own showing, new to the place.",ending_only,"No offense, stranger, It was a warning for",False,"by your own showing, new to the place.",True,False,True
VOF,VOF_T00644,VOF_T00644_S01,one of the patrolmen,"Maybe we’ll see more of you before very long, You’re a real hand-picked one, if I am a judge.",both_fragments_found,Maybe we'll see more of you before very,True,"real hand-picked one, if I am a judge.",True,True,True
VOF,VOF_T00645,VOF_T00645_S01,the other,"I was thinking the same, I guess we may meet again.",short_fragment_only,"I was thinking the same, I guess we",False,"the same, I guess we may meet again.",False,True,True
VOF,VOF_T00650,VOF_T00650_S01,the guide,"That’s the Union House, Jack McGinty is the boss there.",short_fragment_only,"That's the Union House, Jack McGinty is the",False,"Union House, Jack McGinty is the boss there.",False,True,True
VOF,VOF_T00665,VOF_T00665_S01,McMurdo,"I thank you, I thought it was father,",short_fragment_only,"I thank you, I thought it was father,",False,"I thank you, I thought it was father,",False,False,True
VOF,VOF_T00669,VOF_T00669_S01,she,"You are quick to make up your mind, Anyone but a blind man could do as much,",both_fragments_found,"You are quick to make up your mind,",True,"but a blind man could do as much,",True,True,True
VOF,VOF_T00674,VOF_T00674_S01,he,"Say, McMurdo, I remembered your address, so I made bold to call.",ending_only,"Say, McMurdo, I remembered your address, so I",False,"your address, so I made bold to call.",True,False,True
VOF,VOF_T00688,VOF_T00688_S01,he,"You go and see him, my lad, It’s not the police but you that he’ll hate if you don’t!",ending_only,"You go and see him, my lad, It's",False,but you that he'll hate if you don't!,True,True,True
VOF,VOF_T00689,VOF_T00689_S01,he,"It seems to me, mister, that you are gettin’ set on my Ettie.",ending_only,"It seems to me, mister, that you are",False,that you are gettin' set on my Ettie.,True,True,True
VOF,VOF_T00701,VOF_T00701_S01,he,"The Scowrers, are the Eminent Order of Freemen!",short_fragment_only,"The Scowrers, are the Eminent Order of Freemen!",False,"The Scowrers, are the Eminent Order of Freemen!",False,False,True
VOF,VOF_T00741,VOF_T00741_S01,she,"I’m glad to see you, mr. Baldwin, You’re earlier than I had thought.",short_fragment_only,"I'm glad to see you, mr. Baldwin, You're",False,"mr. Baldwin, You're earlier than I had thought.",False,True,True
VOF,VOF_T00753,VOF_T00753_S01,McMurdo,"I think, Ettie, that if you were to leave us alone we could get this thing settled, Or maybe, mr. Baldwin, you will take a turn down the street with me.",both_fragments_found,"I think, Ettie, that if you were to",True,take a turn down the street with me.,True,True,True
VOF,VOF_T00754,VOF_T00754_S01,his enemy,"I’ll get even with you without needing to dirty my hands, You’ll wish you had never set foot in this house before I am through with you!",both_fragments_found,I'll get even with you without needing to,True,this house before I am through with you!,True,True,True
VOF,VOF_T00755,VOF_T00755_S01,McMurdo,"No time like the present, I’ll choose my own time, mister.",short_fragment_only,"No time like the present, I'll choose my",False,"the present, I'll choose my own time, mister.",False,True,True
VOF,VOF_T00762,VOF_T00762_S01,McMurdo,"I was thinking the same thing, I’ll go right now and fix it.",short_fragment_only,"I was thinking the same thing, I'll go",False,"thing, I'll go right now and fix it.",False,True,True
VOF,VOF_T00766,VOF_T00766_S01,Unknown,"He’s Councillor McGinty, young man, I’m sorry, Councillor.",short_fragment_only,"He's Councillor McGinty, young man, I'm sorry, Councillor.",False,"He's Councillor McGinty, young man, I'm sorry, Councillor.",False,True,False
VOF,VOF_T00768,VOF_T00768_S02,McMurdo,"If your heart is as big as your body, and your soul as fine as your face, then I’d ask for nothing better, If your heart is as big as your body, and your soul as fine as your face, then I’d ask for nothing better, By Gar! you’ve got an Irish tongue in your head anyhow,",both_fragments_found,If your heart is as big as your,True,"got an Irish tongue in your head anyhow,",True,True,True
VOF,VOF_T00770,VOF_T00770_S01,McMurdo,"Sure, And you were told to see me?",short_fragment_only,"Sure, And you were told to see me?",False,"Sure, And you were told to see me?",False,False,True
VOF,VOF_T00777,VOF_T00777_S01,he,"See here, my joker, if I thought you were playing any game on us, it would be short work for you.",ending_only,"See here, my joker, if I thought you",False,"us, it would be short work for you.",True,True,True
VOF,VOF_T00780,VOF_T00780_S01,McGinty,"Ay, but it’s just that same that you have to prove, and God help you if you fail!",beginning_only,"Ay, but it's just that same that you",True,"prove, and God help you if you fail!",False,True,True
VOF,VOF_T00804,VOF_T00804_S01,McMurdo,"You are right, Councillor, I should apologize.",short_fragment_only,"You are right, Councillor, I should apologize.",False,"You are right, Councillor, I should apologize.",False,True,False
VOF,VOF_T00815,VOF_T00815_S01,he,"Those never passed the Philadelphia mint, You don’t say!",short_fragment_only,"Those never passed the Philadelphia mint, You don't",False,"never passed the Philadelphia mint, You don't say!",False,True,False
VOF,VOF_T00826,VOF_T00826_S01,he,"So, you got here first, did you?",short_fragment_only,"So, you got here first, did you?",False,"So, you got here first, did you?",False,False,True
VOF,VOF_T00827,VOF_T00827_S01,McMurdo,"Then say it here and now before my face, I’ll say it at my own time, in my own way.",both_fragments_found,Then say it here and now before my,True,"at my own time, in my own way.",True,True,True
VOF,VOF_T00835,VOF_T00835_S01,McGinty,"Yes, it is, Ted Baldwin, Is it you that would dispute it?",short_fragment_only,"Yes, it is, Ted Baldwin, Is it you",False,"Baldwin, Is it you that would dispute it?",False,True,True
VOF,VOF_T00840,VOF_T00840_S01,the other,"Well, then, we are all good friends again and there’s an end of the matter.",ending_only,"Well, then, we are all good friends again",False,again and there's an end of the matter.,True,True,True
VOF,VOF_T00843,VOF_T00843_S01,Baldwin,"The clouds are heavy, But they will forever brighten.",short_fragment_only,"The clouds are heavy, But they will forever",False,"clouds are heavy, But they will forever brighten.",False,True,True
VOF,VOF_T00846,VOF_T00846_S01,Unknown,"Faith, I’d be slow to do that, I’m quick to quarrel and quick to forgive.",ending_only,"Faith, I'd be slow to do that, I'm",False,I'm quick to quarrel and quick to forgive.,True,True,True
VOF,VOF_T00851,VOF_T00851_S01,the police officer,"A straight whisky; for the night is bitter, I don’t think we have met before, Councillor?",both_fragments_found,"A straight whisky; for the night is bitter,",True,"I don't think we have met before, Councillor?",True,True,True
VOF,VOF_T00853,VOF_T00853_S01,McGinty,"We’d do better without you, Captain Marvin, for we have our own police of the township, and no need for any imported goods.",ending_only,"We'd do better without you, Captain Marvin, for",False,"township, and no need for any imported goods.",True,True,True
VOF,VOF_T00854,VOF_T00854_S01,the police officer,"Well, well, we won’t argue about that, I expect we all do our duty same as we see it; but we can’t all see it the same.",ending_only,"Well, well, we won't argue about that, I",False,but we can't all see it the same.,True,True,True
VOF,VOF_T00857,VOF_T00857_S01,he,"I was never a friend to you nor any other cursed copper in my life, An acquaintance isn’t always a friend,",beginning_only,I was never a friend to you nor,True,"my life, An acquaintance isn't always a friend,",False,True,True
VOF,VOF_T00859,VOF_T00859_S01,he,"I’m not denying it, D’ye think I’m ashamed of my own name?",ending_only,"I'm not denying it, D'ye think I'm ashamed",False,D'ye think I'm ashamed of my own name?,True,True,True
VOF,VOF_T00869,VOF_T00869_S01,McMurdo,"Well, I suppose you mean well, and I do thank you, It’s mum with me so long as I see you living on the straight,",both_fragments_found,"Well, I suppose you mean well, and I",True,"as I see you living on the straight,",True,True,True
VOF,VOF_T00872,VOF_T00872_S01,he,"The Bodymaster orders that he shall be trussed, blinded, and entered, John McMurdo,",beginning_only,"The Bodymaster orders that he shall be trussed,",True,"shall be trussed, blinded, and entered, John McMurdo,",False,True,False
VOF,VOF_T00875,VOF_T00875_S01,the voice,"Dark nights are unpleasant, Yes, for strangers to travel,",short_fragment_only,"Dark nights are unpleasant, Yes, for strangers to",False,"nights are unpleasant, Yes, for strangers to travel,",False,True,True
VOF,VOF_T00884,VOF_T00884_S01,the voice,"He is of stout heart, Can you bear pain?",short_fragment_only,"He is of stout heart, Can you bear",False,"is of stout heart, Can you bear pain?",False,True,True
VOF,VOF_T00887,VOF_T00887_S01,he,"I can take more than that, One last word, Brother McMurdo,",short_fragment_only,"I can take more than that, One last",False,"more than that, One last word, Brother McMurdo,",False,True,True
VOF,VOF_T00889,VOF_T00889_S01,McMurdo,"I am, And you accept the rule of the Bodymaster for the time being under all circumstances?",ending_only,"I am, And you accept the rule of",False,Bodymaster for the time being under all circumstances?,True,False,True
VOF,VOF_T00892,VOF_T00892_S01,one,"We’ve all had it, but not all as brave as you over it.",ending_only,"We've all had it, but not all as",False,not all as brave as you over it.,True,True,True
VOF,VOF_T00893,VOF_T00893_S02,he,"It was nothing, The first business on the agenda paper,",short_fragment_only,"It was nothing, The first business on the",False,"nothing, The first business on the agenda paper,",False,False,True
VOF,VOF_T00898,VOF_T00898_S01,the volunteer,"I’ve no pistol, It’s your first, is it not?",short_fragment_only,"I've no pistol, It's your first, is it",False,"no pistol, It's your first, is it not?",False,False,True
VOF,VOF_T00906,VOF_T00906_S01,he,"I like it well, ’Tis a proper place for a lad of mettle.",ending_only,"I like it well, 'Tis a proper place",False,a proper place for a lad of mettle.,True,True,True
VOF,VOF_T00909,VOF_T00909_S01,the secretary,"I would move, that Brother McMurdo should wait until it is the good pleasure of the lodge to employ him.",ending_only,"I would move, that Brother McMurdo should wait",False,good pleasure of the lodge to employ him.,True,False,True
VOF,VOF_T00910,VOF_T00910_S01,McMurdo,"Sure, that was what I meant; I’m in your hands, Your time will come, Brother,",beginning_only,"Sure, that was what I meant; I'm in",True,"in your hands, Your time will come, Brother,",False,True,True
VOF,VOF_T00916,VOF_T00916_S01,the treasurer,"The funds are good at the moment, The firms have been generous of late.",short_fragment_only,"The funds are good at the moment, The",False,"moment, The firms have been generous of late.",False,True,True
VOF,VOF_T00925,VOF_T00925_S01,the chairman,"I don’t see, Brother Morris, that it matters to us who buys them, since they can’t carry them out of the district.",ending_only,"I don't see, Brother Morris, that it matters",False,they can't carry them out of the district.,True,True,True
VOF,VOF_T00929,VOF_T00929_S01,he,"Brother Morris, you were always a croaker.",short_fragment_only,"Brother Morris, you were always a croaker.",False,"Brother Morris, you were always a croaker.",False,False,True
VOF,VOF_T00933,VOF_T00933_S01,he,"Boys, there’s one man in this town that wants trimming up, and it’s for you to see that he gets it.",ending_only,"Boys, there's one man in this town that",False,for you to see that he gets it.,True,False,True
VOF,VOF_T00938,VOF_T00938_S01,Unknown,"There is a Judge Lynch that might try the case, I have but to raise my finger,",beginning_only,There is a Judge Lynch that might try,True,"case, I have but to raise my finger,",False,True,True
VOF,VOF_T00946,VOF_T00946_S01,Unknown,"I promised the new brother he should go, Well, he can come if he wants,",beginning_only,"I promised the new brother he should go,",True,"go, Well, he can come if he wants,",False,True,True
VOF,VOF_T00949,VOF_T00949_S01,Baldwin to McMurdo,"Here, you, you can stand below at the door and see that the road is kept open for us.",ending_only,"Here, you, you can stand below at the",False,that the road is kept open for us.,True,False,True
VOF,VOF_T00950,VOF_T00950_S01,he,"You’ll kill the man, Drop it!",short_fragment_only,"You'll kill the man, Drop it!",False,"You'll kill the man, Drop it!",False,True,False
VOF,VOF_T00955,VOF_T00955_S01,one of the men,"It’s truth he says, By Gar! you’d best hurry yourselves!",short_fragment_only,"It's truth he says, By Gar! you'd best",False,"he says, By Gar! you'd best hurry yourselves!",False,True,True
VOF,VOF_T00958,VOF_T00958_S01,the older man,"I wanted to have a word with you, mr. McMurdo, It was kind of you to come.",beginning_only,"I wanted to have a word with you,",True,"McMurdo, It was kind of you to come.",False,True,True
VOF,VOF_T00962,VOF_T00962_S01,Morris,"No, no, not always, Whatever we say, even what we think, seems to go back to that man McGinty.",ending_only,"No, no, not always, Whatever we say, even",False,seems to go back to that man McGinty.,True,True,True
VOF,VOF_T00964,VOF_T00964_S01,Morris,"If that is the view you take, I can only say that I am sorry I gave you the trouble to come and meet me.",ending_only,"If that is the view you take, I",False,you the trouble to come and meet me.,True,True,True
VOF,VOF_T00965,VOF_T00965_S01,he,"Sure I spoke for myself only, I am a newcomer, as you know, and I am strange to it all.",ending_only,"Sure I spoke for myself only, I am",False,"know, and I am strange to it all.",True,True,True
VOF,VOF_T00968,VOF_T00968_S01,Morris,"I have given up looking for either the one or the other, I may be putting my very life in your hands by what I say; but, bad as you are—and it seemed to me last night that you were shaping to be as bad as the worst—still you are new to it, and your conscience cannot yet be as hardened as theirs.",both_fragments_found,I have given up looking for either the,True,conscience cannot yet be as hardened as theirs.,True,True,True
VOF,VOF_T00975,VOF_T00975_S01,McMurdo,"There are some would say it was war, a war of two classes with all in, so that each struck as best it could.",both_fragments_found,"There are some would say it was war,",True,so that each struck as best it could.,True,True,True
VOF,VOF_T00979,VOF_T00979_S01,he,"You were too soft for the job, You are the wrong sort for such work.",ending_only,"You were too soft for the job, You",False,You are the wrong sort for such work.,True,True,True
VOF,VOF_T00983,VOF_T00983_S01,McMurdo,"That’s well, I’m thinking that you are a weak man and that you make too much of the matter.",ending_only,"That's well, I'm thinking that you are a",False,that you make too much of the matter.,True,False,True
VOF,VOF_T00985,VOF_T00985_S01,McMurdo,"Well, I’ll let you know what I think when I have seen more, What is very clear is that you are not the man for the place, and that the sooner you sell out—if you only get a dime a dollar for what the business is worth—the better it will be for you.",both_fragments_found,"Well, I'll let you know what I think",True,is worth-the better it will be for you.,True,True,True
VOF,VOF_T00987,VOF_T00987_S01,Morris,"One word before you go, We may have been seen together.",short_fragment_only,"One word before you go, We may have",False,"you go, We may have been seen together.",False,True,True
VOF,VOF_T01007,VOF_T01007_S01,McMurdo,"It may be enough for most folk; but it ain’t enough for me, Councillor, If you are a judge of men, you’ll know that.",both_fragments_found,It may be enough for most folk; but,True,"are a judge of men, you'll know that.",True,True,True
VOF,VOF_T01008,VOF_T01008_S01,he,"You’re a queer card, for sure, Well, if you want reasons, I’ll give them.",ending_only,"You're a queer card, for sure, Well, if",False,"Well, if you want reasons, I'll give them.",True,True,True
VOF,VOF_T01015,VOF_T01015_S01,McGinty,"Well, that’s enough, I came down to give you a word in season, and you’ve had it.",ending_only,"Well, that's enough, I came down to give",False,"a word in season, and you've had it.",True,False,True
VOF,VOF_T01016,VOF_T01016_S01,McMurdo,"I’d like to know, how you ever came to learn that I had spoken with Morris at all?",ending_only,"I'd like to know, how you ever came",False,that I had spoken with Morris at all?,True,True,True
VOF,VOF_T01017,VOF_T01017_S01,he,"It’s my business to know what goes on in this township, I guess you’d best reckon on my hearing all that passes.",both_fragments_found,It's my business to know what goes on,True,best reckon on my hearing all that passes.,True,True,True
VOF,VOF_T01018,VOF_T01018_S01,he,"I thought you’d be getting into trouble, mr. Crooked McMurdo of Chicago, Can’t keep out of it, can you?",beginning_only,"I thought you'd be getting into trouble, mr.",True,"Chicago, Can't keep out of it, can you?",False,True,True
VOF,VOF_T01019,VOF_T01019_S01,McGinty,"I guess you’ll pay for this, Captain Marvin, Who are you, I’d like to know, to break into a house in this fashion and molest honest, law-abiding men?",both_fragments_found,"I guess you'll pay for this, Captain Marvin,",True,"in this fashion and molest honest, law-abiding men?",True,True,True
VOF,VOF_T01020,VOF_T01020_S01,the police captain,"You’re standing out in this deal, Councillor McGinty, We are not out after you, but after this man McMurdo.",both_fragments_found,"You're standing out in this deal, Councillor McGinty,",True,"out after you, but after this man McMurdo.",True,True,True
VOF,VOF_T01021,VOF_T01021_S01,the Boss,"He is a friend of mine, and I’ll answer for his conduct, By all accounts, mr. McGinty, you may have to answer for your own conduct some of these days,",both_fragments_found,"He is a friend of mine, and I'll",True,"for your own conduct some of these days,",True,True,True
VOF,VOF_T01023,VOF_T01023_S01,McMurdo,"There’s my pistol, Maybe, Captain Marvin, if you and I were alone and face to face you would not take me so easily.",ending_only,"There's my pistol, Maybe, Captain Marvin, if you",False,face you would not take me so easily.,True,False,True
VOF,VOF_T01027,VOF_T01027_S01,McGinty,"Well, if that’s all you have against him, you can save yourself a deal of trouble by dropping it right now.",both_fragments_found,"Well, if that's all you have against him,",True,deal of trouble by dropping it right now.,True,True,True
VOF,VOF_T01030,VOF_T01030_S01,McMurdo,"All right, I’ll bid you good-bye,",short_fragment_only,"All right, I'll bid you good-bye,",False,"All right, I'll bid you good-bye,",False,False,True
VOF,VOF_T01037,VOF_T01037_S01,Unknown,"He’ll be the boy for the clean job, It’s you!",beginning_only,"He'll be the boy for the clean job,",True,"the boy for the clean job, It's you!",False,True,False
VOF,VOF_T01051,VOF_T01051_S01,he,"I’ll tell you, acushla, I’m under oath not to show it, and just as I wouldn’t break my word to you so I would keep it to those who hold my promise.",ending_only,"I'll tell you, acushla, I'm under oath not",False,keep it to those who hold my promise.,True,True,True
VOF,VOF_T01063,VOF_T01063_S01,he,"Sure, it is the second time I have heard the valley so named, The shadow does indeed seem to lie heavy on some of you.",both_fragments_found,"Sure, it is the second time I have",True,seem to lie heavy on some of you.,True,True,True
VOF,VOF_T01073,VOF_T01073_S01,Scanlan,"Sure, we are all in it together, That’s true enough, and we’ll talk till the cows come home of the killing of Charlie Williams or of Simon Bird, or any other job in the past. But till the work is done we say nothing.",ending_only,"Sure, we are all in it together, That's",False,till the work is done we say nothing.,True,True,True
VOF,VOF_T01074,VOF_T01074_S01,McMurdo,"There are half a dozen about here that I have a word to say to, I suppose it isn’t Jack Knox of Ironhill that you are after.",both_fragments_found,There are half a dozen about here that,True,Jack Knox of Ironhill that you are after.,True,True,True
VOF,VOF_T01085,VOF_T01085_S01,he,"See here, my lad, I’ve got a job that’s worthy of you at last. You’ll have the doing of it in your own hands.",ending_only,"See here, my lad, I've got a job",False,the doing of it in your own hands.,True,True,True
VOF,VOF_T01103,VOF_T01103_S01,McGinty,"Very good, I leave it with you.",short_fragment_only,"Very good, I leave it with you.",False,"Very good, I leave it with you.",False,False,True
VOF,VOF_T01104,VOF_T01104_S01,McMurdo,"Leave him to me, He’s my man, and I’ll get him sure if I have to wait a year for him.",ending_only,"Leave him to me, He's my man, and",False,I have to wait a year for him.,True,True,True
VOF,VOF_T01111,VOF_T01111_S01,he,"That’s the physic for the likes of you, Now let me hear of it.",beginning_only,"That's the physic for the likes of you,",True,"of you, Now let me hear of it.",False,True,True
VOF,VOF_T01112,VOF_T01112_S01,he,"I can tell it to you all in one sentence, There’s a detective on our trail.",beginning_only,I can tell it to you all in,True,"one sentence, There's a detective on our trail.",False,True,True
VOF,VOF_T01143,VOF_T01143_S01,McMurdo,"Self-protection is no murder, anyhow, It’s him or us.",short_fragment_only,"Self-protection is no murder, anyhow, It's him or",False,"is no murder, anyhow, It's him or us.",False,True,True
VOF,VOF_T01160,VOF_T01160_S01,Unknown,"It’s Lander and Egan, They both claim the head money given by the lodge for the shooting of old man Crabbe over at Stylestown, and who’s to say which fired the bullet?",ending_only,"It's Lander and Egan, They both claim the",False,and who's to say which fired the bullet?,True,True,True
VOF,VOF_T01163,VOF_T01163_S01,McGinty,"Brother McMurdo claims urgency, It’s a claim that by the rules of this lodge takes precedence.",ending_only,"Brother McMurdo claims urgency, It's a claim that",False,by the rules of this lodge takes precedence.,True,True,True
VOF,VOF_T01167,VOF_T01167_S01,Unknown,"It is in this letter which has come into my hands, It is a matter of honour with me that I can give no further particulars about the letter, nor put it into your hands; but I assure you that there is nothing else in it which can affect the interests of the lodge.",both_fragments_found,It is in this letter which has come,True,which can affect the interests of the lodge.,True,True,True
VOF,VOF_T01168,VOF_T01168_S01,one of the older,"Let me say, mr. Chairman, that I have heard of Birdy Edwards, and that he has the name of being the best man in the Pinkerton service.",ending_only,"Let me say, mr. Chairman, that I have",False,being the best man in the Pinkerton service.,True,True,True
VOF,VOF_T01175,VOF_T01175_S01,Unknown,"That he never leaves the valley, Good for you, Brother Baldwin,",short_fragment_only,"That he never leaves the valley, Good for",False,"leaves the valley, Good for you, Brother Baldwin,",False,True,True
VOF,VOF_T01178,VOF_T01178_S01,McMurdo,"Eminent Bodymaster, I would put it to you that this is too vital a thing for us to discuss in open lodge.",ending_only,"Eminent Bodymaster, I would put it to you",False,thing for us to discuss in open lodge.,True,False,True
VOF,VOF_T01187,VOF_T01187_S02,McGinty,"I believe you are right, But what do you allow that we should do about it?",ending_only,"I believe you are right, But what do",False,you allow that we should do about it?,True,True,True
VOF,VOF_T01190,VOF_T01190_S01,McMurdo,"I’d start this next minute if I knew where we could find him, He’s in Hobson’s Patch; but I don’t know the house.",both_fragments_found,I'd start this next minute if I knew,True,Hobson's Patch; but I don't know the house.,True,True,True
VOF,VOF_T01199,VOF_T01199_S01,McGinty,"There’s not a weak man in the lodge, True as steel, every man of them.",beginning_only,"There's not a weak man in the lodge,",True,"lodge, True as steel, every man of them.",False,True,True
VOF,VOF_T01205,VOF_T01205_S01,McGinty,"True for you, And we’ll learn from Birdy Edwards himself where he got his news if we have to cut his heart out first. Did he seem to scent a trap?",ending_only,"True for you, And we'll learn from Birdy",False,first. Did he seem to scent a trap?,True,False,True
VOF,VOF_T01211,VOF_T01211_S01,McGinty,"Faith, he’s right there, Didn’t he ask you why you didn’t bring him the papers?",ending_only,"Faith, he's right there, Didn't he ask you",False,you why you didn't bring him the papers?,True,True,True
VOF,VOF_T01213,VOF_T01213_S01,McGinty,"Ay, I heard of that, I guess the heavy end of this business is coming on to you.",ending_only,"Ay, I heard of that, I guess the",False,of this business is coming on to you.,True,True,True
VOF,VOF_T01214,VOF_T01214_S01,he,"If we handle it right, they can never prove the killing, No one can see him come to the house after dark, and I’ll lay to it that no one will see him go.",both_fragments_found,"If we handle it right, they can never",True,it that no one will see him go.,True,True,True
VOF,VOF_T01221,VOF_T01221_S01,McGinty,"It’s a good plan, The lodge will owe you a debt for this.",ending_only,"It's a good plan, The lodge will owe",False,lodge will owe you a debt for this.,True,True,True
VOF,VOF_T01222,VOF_T01222_S01,McMurdo,"Sure, Councillor, I am little more than a recruit, And if I were you, Mike Scanlan, I would take a night off and keep clear of it.",both_fragments_found,"Sure, Councillor, I am little more than a",True,a night off and keep clear of it.,True,True,True
VOF,VOF_T01225,VOF_T01225_S01,he,"That will do, Ay,",no_fragment_found,"That will do, Ay,",False,"That will do, Ay,",False,False,False
VOF,VOF_T01227,VOF_T01227_S01,Unknown,"We’ll have the truth out of him, never fear, You are the one to handle him,",beginning_only,"We'll have the truth out of him, never",True,"fear, You are the one to handle him,",False,True,True
VOF,VOF_T01230,VOF_T01230_S02,the secretary,"Maybe he’ll get a sniff of danger, He’ll come, never fear,",short_fragment_only,"Maybe he'll get a sniff of danger, He'll",False,"a sniff of danger, He'll come, never fear,",False,True,True
VOF,VOF_T01240,VOF_T01240_S01,Unknown,"You’re safer there, Councillor, And you, Baldwin, if you don’t take your hand off your pistol, you’ll cheat the hangman yet.",ending_only,"You're safer there, Councillor, And you, Baldwin, if",False,"off your pistol, you'll cheat the hangman yet.",True,True,True
VOF,VOF_T01241,VOF_T01241_S01,Unknown,"I’d like to say a word to you before we separate, I guess we may not meet again until you see me on the stand in the courthouse.",both_fragments_found,I'd like to say a word to you,True,see me on the stand in the courthouse.,True,True,True
VOF,VOF_T01248,VOF_T01248_S01,he,"I’ve had bad news—terrible news, mr. Holmes, I feared as much,",short_fragment_only,"I've had bad news-terrible news, mr. Holmes, I",False,"news-terrible news, mr. Holmes, I feared as much,",False,True,True
VOF,VOF_T01260,VOF_T01260_S01,Holmes,"No, no, my good sir, There is a master hand here.",short_fragment_only,"No, no, my good sir, There is a",False,"good sir, There is a master hand here.",False,True,True
VOF,VOF_T01266,VOF_T01266_S01,Holmes,"No, I don’t say that, I don’t say that he can’t be beat.",ending_only,"No, I don't say that, I don't say",False,I don't say that he can't be beat.,True,True,True
