text_id,turn_id,speaker,dialogue_text,internal_attributions,source_context
VOF,VOF_T00013,Holmes,"A touch! A distinct touch! You are developing a certain unexpected vein of pawky humour, Watson, against which I must learn to guard myself. But in calling Moriarty a criminal you are uttering libel in the eyes of the law—and there lie the glory and the wonder of it! The greatest schemer of all time, the organizer of every deviltry, the controlling brain of the underworld, a brain which might have made or marred the destiny of nations—that’s the man! But so aloof is he from general suspicion, so immune from criticism, so admirable in his management and self-effacement, that for those very words that you have uttered he could hale you to a court and emerge with your year’s pension as a solatium for his wounded character. Is he not the celebrated author of The Dynamics of an Asteroid, a book which ascends to such rarefied heights of pure mathematics that it is said that there was no man in the scientific press capable of criticizing it? Is this a man to traduce? Foul-mouthed doctor and slandered professor—such would be your respective rôles! That’s genius, Watson. But if I am spared by lesser men, our day will surely come.",said that there was no,
VOF,VOF_T00404,Unknown,"That was an expression he has used when I questioned him. ‘I have been in the Valley of Fear. I am not out of it yet.’—‘Are we never to get out of the Valley of Fear?’ I have asked him when I have seen him more serious than usual. ‘Sometimes I think that we never shall,’ he has answered.",asked him when I have,"e. “Can a husband ever carry about a secret all his life and a woman who loves him have no suspicion of it? I knew it by his refusal to talk about some episodes in his American life. I knew it by certain precautions he took. I knew it by certain words he let fall. I knew it by the way he looked at unexpected strangers. I was perfectly certain that he had some powerful enemies, that he believed they were on his track, and that he was always on his guard against them. I was so sure of it that for years I have been terrified if ever he came home later than was expected.” “Might I ask,” asked Holmes, “what the words were which attracted your attention?” “The Valley of Fear,” the lady answered. “That was an expression he has used when I questioned him. ‘I have been in the Valley of Fear. I am not out of it yet.’—‘Are we never to get out of the Valley of Fear?’ I have asked him when I have seen him more serious than usual. ‘Sometimes I think that we never shall,’ he has answered.” “Surely you asked him what he meant by the Valley of Fear?” “I did; but his face would become very grave and he would shake his head. ‘It is bad enough that one of us should have been in its shadow,’ he said. ‘Please God it shall never fall upon you!’ It was some real valley in which he had lived and in which something terrible had occurred to him, of that I am certain; but I can tell you no more.” “And he never mentioned any names?” “Yes, he was delirious with fever once when he had his hunting accident three years ago. Then I remember that there was a name that came continually to his lips. He spoke it with anger and a sort of horror. McGinty was the name—Bodymaster McGinty. I asked him "
VOF,VOF_T00405,Unknown,Surely you asked him what he meant by the Valley of Fear?,asked him what he meant,"oked at unexpected strangers. I was perfectly certain that he had some powerful enemies, that he believed they were on his track, and that he was always on his guard against them. I was so sure of it that for years I have been terrified if ever he came home later than was expected.” “Might I ask,” asked Holmes, “what the words were which attracted your attention?” “The Valley of Fear,” the lady answered. “That was an expression he has used when I questioned him. ‘I have been in the Valley of Fear. I am not out of it yet.’—‘Are we never to get out of the Valley of Fear?’ I have asked him when I have seen him more serious than usual. ‘Sometimes I think that we never shall,’ he has answered.” “Surely you asked him what he meant by the Valley of Fear?” “I did; but his face would become very grave and he would shake his head. ‘It is bad enough that one of us should have been in its shadow,’ he said. ‘Please God it shall never fall upon you!’ It was some real valley in which he had lived and in which something terrible had occurred to him, of that I am certain; but I can tell you no more.” “And he never mentioned any names?” “Yes, he was delirious with fever once when he had his hunting accident three years ago. Then I remember that there was a name that came continually to his lips. He spoke it with anger and a sort of horror. McGinty was the name—Bodymaster McGinty. I asked him when he recovered who Bodymaster McGinty was, and whose body"
VOF,VOF_T00408,Unknown,"Yes, he was delirious with fever once when he had his hunting accident three years ago. Then I remember that there was a name that came continually to his lips. He spoke it with anger and a sort of horror. McGinty was the name—Bodymaster McGinty. I asked him when he recovered who Bodymaster McGinty was, and whose body he was master of. ‘Never of mine, thank God!’ he answered with a laugh, and that was all I could get from him. But there is a connection between Bodymaster McGinty and the Valley of Fear.",asked him when he recovered | answered with a laugh," used when I questioned him. ‘I have been in the Valley of Fear. I am not out of it yet.’—‘Are we never to get out of the Valley of Fear?’ I have asked him when I have seen him more serious than usual. ‘Sometimes I think that we never shall,’ he has answered.” “Surely you asked him what he meant by the Valley of Fear?” “I did; but his face would become very grave and he would shake his head. ‘It is bad enough that one of us should have been in its shadow,’ he said. ‘Please God it shall never fall upon you!’ It was some real valley in which he had lived and in which something terrible had occurred to him, of that I am certain; but I can tell you no more.” “And he never mentioned any names?” “Yes, he was delirious with fever once when he had his hunting accident three years ago. Then I remember that there was a name that came continually to his lips. He spoke it with anger and a sort of horror. McGinty was the name—Bodymaster McGinty. I asked him when he recovered who Bodymaster McGinty was, and whose body he was master of. ‘Never of mine, thank God!’ he answered with a laugh, and that was all I could get from him. But there is a connection between Bodymaster McGinty and the Valley of Fear.” “There is one other point,” said Inspector MacDonald. “You met Mr. Douglas in a boarding house in London, did you not, and became engaged to him there? Was there any romance, anything secret or mysterious, about the wedding?” “There was romance. There is always romance. There was nothing mysterious.” “He had no rival?” “No, I was quite free.” “You have heard, no doubt, that his wedding ring has been taken. Does that suggest anything to you? Suppose that some enemy of his old life had tracked him down and committed this crime, what possible reason could he have for taking his wedding ring?” For an instant I could have sworn that the faintest shadow of a smile flickered over the woman’s lips"
VOF,VOF_T00431,he,"there’s not a doubt of it! Barker has just marked the window himself. It’s a good deal broader than any bootmark. I mind that you said it was a splay-foot, and here’s the explanation. But what’s the game, Mr. Holmes—what’s the game?",said i,"ed were my own.” “That is natural enough, considering the condition of the room. Very good, Ames. We will ring if we want you.” A few minutes later we were in the study. Holmes had brought with him the carpet slippers from the hall. As Ames had observed, the soles of both were dark with blood. “Strange!” murmured Holmes, as he stood in the light of the window and examined them minutely. “Very strange indeed!” Stooping with one of his quick feline pounces, he placed the slipper upon the blood mark on the sill. It exactly corresponded. He smiled in silence at his colleagues. The inspector was transfigured with excitement. His native accent rattled like a stick upon railings. “Man,” he cried, “there’s not a doubt of it! Barker has just marked the window himself. It’s a good deal broader than any bootmark. I mind that you said it was a splay-foot, and here’s the explanation. But what’s the game, Mr. Holmes—what’s the game?” “Ay, what’s the game?” my friend repeated thoughtfully. White Mason chuckled and rubbed his fat hands together in his professional satisfaction. “I said it was a snorter!” he cried. “And a real snorter it is!” Chapter VI A Dawning Light The three detectives had many matters of detail into which to inquire; so I returned alone to our modest quarters at the village inn. But before doing so I took a stroll in the curious old-world garden which flanked the house. Rows of very ancient yew trees cut into strange designs girded it round. Inside was a beautiful stretch of lawn with an old sundial in the middle, the whole effect so soothing and restful that it was welcome to my somewhat jangled ner"
VOF,VOF_T00433,Unknown,I said it was a snorter!,said i,"minutely. “Very strange indeed!” Stooping with one of his quick feline pounces, he placed the slipper upon the blood mark on the sill. It exactly corresponded. He smiled in silence at his colleagues. The inspector was transfigured with excitement. His native accent rattled like a stick upon railings. “Man,” he cried, “there’s not a doubt of it! Barker has just marked the window himself. It’s a good deal broader than any bootmark. I mind that you said it was a splay-foot, and here’s the explanation. But what’s the game, Mr. Holmes—what’s the game?” “Ay, what’s the game?” my friend repeated thoughtfully. White Mason chuckled and rubbed his fat hands together in his professional satisfaction. “I said it was a snorter!” he cried. “And a real snorter it is!” Chapter VI A Dawning Light The three detectives had many matters of detail into which to inquire; so I returned alone to our modest quarters at the village inn. But before doing so I took a stroll in the curious old-world garden which flanked the house. Rows of very ancient yew trees cut into strange designs girded it round. Inside was a beautiful stretch of lawn with an old sundial in the middle, the whole effect so soothing and restful that it was welcome to my somewhat jangled nerves. In that deeply peaceful atmosphere one could forget, or remember only as some fantastic nightmare, that darkened study with the sprawling, bloodstained figure on the f"
VOF,VOF_T00452,Unknown,"A lie, Watson—a great, big, thumping, obtrusive, uncompromising lie—that’s what meets us on the threshold! There is our starting point. The whole story told by Barker is a lie. But Barker’s story is corroborated by Mrs. Douglas. Therefore she is lying also. They are both lying, and in a conspiracy. So now we have the clear problem. Why are they lying, and what is the truth which they are trying so hard to conceal? Let us try, Watson, you and I, if we can get behind the lie and reconstruct the truth. “How do I know that they are lying? Because it is a clumsy fabrication which simply could not be true. Consider! According to the story given to us, the assassin had less than a minute after the murder had been committed to take that ring, which was under another ring, from the dead man’s finger, to replace the other ring—a thing which he would surely never have done—and to put that singular card beside his victim. I say that this was obviously impossible. “You may argue—but I have too much respect for your judgment, Watson, to think that you will do so—that the ring may have been taken before the man was killed. The fact that the candle had been lit only a short time shows that there had been no lengthy interview. Was Douglas, from what we hear of his fearless character, a man who would be likely to give up his wedding ring at such short notice, or could we conceive of his giving it up at all? No, no, Watson, the assassin was alone with the dead man for some time with the lamp lit. Of that I have no doubt at all. “But the gunshot was apparently the cause of death. Therefore the shot must have been fired some time earlier than we are told. But there could be no mistake about such a matter as that. We are in the presence, therefore, of a deliberate conspiracy upon the part of the two people who heard the gunshot—of the man Barker and of the woman Douglas. When on the top of this I am able to show that the blood mark on the windowsill was deliberately placed there by Barker, in order to give a false clue to the police, you will admit that the case grows dark against him. “Now we have to ask ourselves at what hour the murder actually did occur. Up to half-past ten the servants were moving about the house; so it was certainly not before that time. At a quarter to eleven they had all gone to their rooms with the exception of Ames, who was in the pantry. I have been trying some experiments after you left us this afternoon, and I find that no noise which MacDonald can make in the study can penetrate to me in the pantry when the doors are all shut. “It is otherwise, however, from the housekeeper’s room. It is not so far down the corridor, and from it I could vaguely hear a voice when it was very loudly raised. The sound from a shotgun is to some extent muffled when the discharge is at very close range, as it undoubtedly was in this instance. It would not be very loud, and yet in the silence of the night it should have easily penetrated to Mrs. Allen’s room. She is, as she has told us, somewhat deaf; but none the less she mentioned in her evidence that she did hear something like a door slamming half an hour before the alarm was given. Half an hour before the alarm was given would be a quarter to eleven. I have no doubt that what she heard was the report of the gun, and that this was the real instant of the murder. “If this is so, we have now to determine what Barker and Mrs. Douglas, presuming that they are not the actual murderers, could have been doing from quarter to eleven, when the sound of the shot brought them down, until quarter past eleven, when they rang the bell and summoned the servants. What were they doing, and why did they not instantly give the alarm? That is the question which faces us, and when it has been answered we shall surely have gone some way to solve our problem.",answered we," the imminent danger of a spinal curvature. Shocking, Watson, shocking!” He sat with his mouth full of toast and his eyes sparkling with mischief, watching my intellectual entanglement. The mere sight of his excellent appetite was an assurance of success; for I had very clear recollections of days and nights without a thought of food, when his baffled mind had chafed before some problem while his thin, eager features became more attenuated with the asceticism of complete mental concentration. Finally he lit his pipe, and sitting in the inglenook of the old village inn he talked slowly and at random about his case, rather as one who thinks aloud than as one who makes a considered statement. “A lie, Watson—a great, big, thumping, obtrusive, uncompromising lie—that’s what meets us on the threshold! There is our starting point. The whole story told by Barker is a lie. But Barker’s story is corroborated by Mrs. Douglas. Therefore she is lying also. They are both lying, and in a conspiracy. So now we have the clear problem. Why are they lying, and what is the truth which they are trying so hard to conceal? Let us try, Watson, you and I, if we can get behind the lie and reconstruct the truth. “How do I know that they are lying? Because it is a clumsy fabrication which simply could not be true. Consider! According to the story given to us, the assassin had less than a minute after the murder had been committed to take that ring, which was under another ring, from the dead man’s finger, to replace the other ring—a thing which he would surely never have done—and to put that singular card beside his victim. I say that this was obviously impossible. “You may argue—but I have too much respect for your judgment, Watson, to think that you will do so—that the ring may have been taken before the man was killed. The fact that the candle had been lit only a short time shows that there had been no lengthy interview. Was Douglas, from what we hear of his fearless character, a man who would be likely to give up his wedding ring at such short notice, or could we conceive of his giving it up at all? No, no, Watson, the assassin was alone with the dead man for some time with the lamp lit. Of that I have no doubt at all. “But the gunshot was apparently the cause of death. Therefore the shot must have been fired some time earlier than we are told. But there could be no mistake about such a matter as that. We are in the presence, therefore, of a deliberate conspiracy upon the part of the two people who heard the gunshot—of the man Barker and of the woman Douglas. When on the top of this I am able to show that the blood mark on the windowsill was deliberately placed there by Barker, in order to give a false clue to the police, you will admit that the case grows dark against him. “Now we have to ask ourselves at what hour the murder actually did occur. Up to half-past ten the servants were moving about the house; so it was certainly not before that time. At a quarter to eleven they had all gone to their rooms with the exception of Ames, who was in the pantry. I have been trying some experiments after you left us this afternoon, and I find that no noise which MacDonald can make in the study can penetrate to me in the pantry when the doors are all shut. “It is otherwise, however, from the housekeeper’s room. It is not so far down the corridor, and from it I could vaguely hear a voice when it was very loudly raised. The sound from a shotgun is to some extent muffled when the discharge is at very close range, as it undoubtedly was in this instance. It would not be very loud, and yet in the silence of the night it should have easily penetrated to Mrs. Allen’s room. She is, as she has told us, somewhat deaf; but none the less she mentioned in her evidence that she did hear something like a door slamming half an hour before the alarm was given. Half an hour before the alarm was given would be a quarter to eleven. I have no doubt that what she heard was the report of the gun, and that this was the real instant of the murder. “If this is so, we have now to determine what Barker and Mrs. Douglas, presuming that they are not the actual murderers, could have been doing from quarter to eleven, when the sound of the shot brought them down, until quarter past eleven, when they rang the bell and summoned the servants. What were they doing, and why did they not instantly give the alarm? That is the question which faces us, and when it has been answered we shall surely have gone some way to solve our problem.” “I am convinced myself,” said I, “that there is an understanding between those two people. She must be a heartless creature to sit laughing at some jest within a few hours of her husband’s murder.” “Exactly. She does not shine as a wife even in her own account of what occurred. I am not a whole-souled admirer of womankind, as you are aware, Watson, but my experience of life has taught me that there are few wives, having any regard for their husbands, who would let any man’s spoken word stand between them and that husband’s dead body. Should I ever marry, Watson, I should hope to inspire my wife with some feeling which would prevent her from being walked off by a housekeeper when my corpse "
VOF,VOF_T00508,Holmes,"Dear me! Now, Mr. Mac and you, Mr. White Mason, I wish to give you a very earnest piece of advice. When I went into this case with you I bargained, as you will no doubt remember, that I should not present you with half-proved theories, but that I should retain and work out my own ideas until I had satisfied myself that they were correct. For this reason I am not at the present moment telling you all that is in my mind. On the other hand, I said that I would play the game fairly by you, and I do not think it is a fair game to allow you for one unnecessary moment to waste your energies upon a profitless task. Therefore I am here to advise you this morning, and my advice to you is summed up in three words—abandon the case.",said that I would play,
VOF,VOF_T00594,Unknown,"and I acted for the best. “Well, gentlemen, the day before these happenings I was over in Tunbridge Wells, and I got a glimpse of a man in the street. It was only a glimpse; but I have a quick eye for these things, and I never doubted who it was. It was the worst enemy I had among them all—one who has been after me like a hungry wolf after a caribou all these years. I knew there was trouble coming, and I came home and made ready for it. I guessed I’d fight through it all right on my own, my luck was a proverb in the States about ’76. I never doubted that it would be with me still. “I was on my guard all that next day, and never went out into the park. It’s as well, or he’d have had the drop on me with that buckshot gun of his before ever I could draw on him. After the bridge was up—my mind was always more restful when that bridge was up in the evenings—I put the thing clear out of my head. I never dreamed of his getting into the house and waiting for me. But when I made my round in my dressing gown, as was my habit, I had no sooner entered the study than I scented danger. I guess when a man has had dangers in his life—and I’ve had more than most in my time—there is a kind of sixth sense that waves the red flag. I saw the signal clear enough, and yet I couldn’t tell you why. Next instant I spotted a boot under the window curtain, and then I saw why plain enough. “I’d just the one candle that was in my hand; but there was a good light from the hall lamp through the open door. I put down the candle and jumped for a hammer that I’d left on the mantel. At the same moment he sprang at me. I saw the glint of a knife, and I lashed at him with the hammer. I got him somewhere; for the knife tinkled down on the floor. He dodged round the table as quick as an eel, and a moment later he’d got his gun from under his coat. I heard him cock it; but I had got hold of it before he could fire. I had it by the barrel, and we wrestled for it all ends up for a minute or more. It was death to the man that lost his grip. “He never lost his grip; but he got it butt downward for a moment too long. Maybe it was I that pulled the trigger. Maybe we just jolted it off between us. Anyhow, he got both barrels in the face, and there I was, staring down at all that was left of Ted Baldwin. I’d recognized him in the township, and again when he sprang for me; but his own mother wouldn’t recognize him as I saw him then. I’m used to rough work; but I fairly turned sick at the sight of him. “I was hanging on the side of the table when Barker came hurrying down. I heard my wife coming, and I ran to the door and stopped her. It was no sight for a woman. I promised I’d come to her soon. I said a word or two to Barker—he took it all in at a glance—and we waited for the rest to come along. But there was no sign of them. Then we understood that they could hear nothing, and that all that had happened was known only to ourselves. “It was at that instant that the idea came to me. I was fairly dazzled by the brilliance of it. The man’s sleeve had slipped up and there was the branded mark of the lodge upon his forearm. See here!",said a word or two," spot I thought my last years were going to be peaceable. “I never explained to my wife how things were. Why should I pull her into it? She would never have a quiet moment again; but would always be imagining trouble. I fancy she knew something, for I may have dropped a word here or a word there; but until yesterday, after you gentlemen had seen her, she never knew the rights of the matter. She told you all she knew, and so did Barker here; for on the night when this thing happened there was mighty little time for explanations. She knows everything now, and I would have been a wiser man if I had told her sooner. But it was a hard question, dear,” he took her hand for an instant in his own, “and I acted for the best. “Well, gentlemen, the day before these happenings I was over in Tunbridge Wells, and I got a glimpse of a man in the street. It was only a glimpse; but I have a quick eye for these things, and I never doubted who it was. It was the worst enemy I had among them all—one who has been after me like a hungry wolf after a caribou all these years. I knew there was trouble coming, and I came home and made ready for it. I guessed I’d fight through it all right on my own, my luck was a proverb in the States about ’76. I never doubted that it would be with me still. “I was on my guard all that next day, and never went out into the park. It’s as well, or he’d have had the drop on me with that buckshot gun of his before ever I could draw on him. After the bridge was up—my mind was always more restful when that bridge was up in the evenings—I put the thing clear out of my head. I never dreamed of his getting into the house and waiting for me. But when I made my round in my dressing gown, as was my habit, I had no sooner entered the study than I scented danger. I guess when a man has had dangers in his life—and I’ve had more than most in my time—there is a kind of sixth sense that waves the red flag. I saw the signal clear enough, and yet I couldn’t tell you why. Next instant I spotted a boot under the window curtain, and then I saw why plain enough. “I’d just the one candle that was in my hand; but there was a good light from the hall lamp through the open door. I put down the candle and jumped for a hammer that I’d left on the mantel. At the same moment he sprang at me. I saw the glint of a knife, and I lashed at him with the hammer. I got him somewhere; for the knife tinkled down on the floor. He dodged round the table as quick as an eel, and a moment later he’d got his gun from under his coat. I heard him cock it; but I had got hold of it before he could fire. I had it by the barrel, and we wrestled for it all ends up for a minute or more. It was death to the man that lost his grip. “He never lost his grip; but he got it butt downward for a moment too long. Maybe it was I that pulled the trigger. Maybe we just jolted it off between us. Anyhow, he got both barrels in the face, and there I was, staring down at all that was left of Ted Baldwin. I’d recognized him in the township, and again when he sprang for me; but his own mother wouldn’t recognize him as I saw him then. I’m used to rough work; but I fairly turned sick at the sight of him. “I was hanging on the side of the table when Barker came hurrying down. I heard my wife coming, and I ran to the door and stopped her. It was no sight for a woman. I promised I’d come to her soon. I said a word or two to Barker—he took it all in at a glance—and we waited for the rest to come along. But there was no sign of them. Then we understood that they could hear nothing, and that all that had happened was known only to ourselves. “It was at that instant that the idea came to me. I was fairly dazzled by the brilliance of it. The man’s sleeve had slipped up and there was the branded mark of the lodge upon his forearm. See here!” The man whom we had known as Douglas turned up his own coat and cuff to show a brown triangle within a circle exactly like that which we had seen upon the dead man. “It was the sight of that which started me on it. I seemed to see it all clear at a glance. There were his height and hair and figure, about the same as my own. No one could swear to his face, poor devil! I brought down this suit of clothes, and in a quarter of an hour Barker and I had put my dressing gown on him and he lay as you found him. We tied all his things into a bundle, and I weighted them with the only weight I could find and put them through the window. The card he had meant to lay upon my body was lying beside his o"
VOF,VOF_T00694,Unknown,"No, I asked her; but she wouldn’t tell.",asked he,"m in the same direction. It may have been that his attentions to Ettie had been more evident than before, or that they had gradually obtruded themselves into the slow mind of his good German host; but, whatever the cause, the boarding-house keeper beckoned the young man into his private room and started on the subject without any circumlocution. “It seems to me, mister,” said he, “that you are gettin’ set on my Ettie. Ain’t that so, or am I wrong?” “Yes, that is so,” the young man answered. “Vell, I vant to tell you right now that it ain’t no manner of use. There’s someone slipped in afore you.” “She told me so.” “Vell, you can lay that she told you truth. But did she tell you who it vas?” “No, I asked her; but she wouldn’t tell.” “I dare say not, the leetle baggage! Perhaps she did not vish to frighten you avay.” “Frighten!” McMurdo was on fire in a moment. “Ah, yes, my friend! You need not be ashamed to be frightened of him. It is Teddy Baldwin.” “And who the devil is he?” “He is a boss of Scowrers.” “Scowrers! I’ve heard of them before. It’s Scowrers here and Scowrers there, and always in a whisper! What are you all afraid of? Who are the Scowrers?” The boarding-house keeper instinctively sank his voice, as everyone did who talked about that terrible society. “The Scowrers,” said he, “are the Eminent Order of Freemen!” The young man stared. “Why, I am a member of that order myself.” “You! I vould never have had y"
VOF,VOF_T00749,McMurdo,That I am! You never said a more welcome word.,said a more welcome word.,
VOF,VOF_T00809,Unknown,"Well, it means to pass the dollars out into circulation. Then he said he would split. Maybe he did split. I didn’t wait to see. I just killed him and lighted out for the coal country.",said he,"” said he. “I’ll wipe my hand across your face if you say such words to me!” cried McGinty hotly. “You are right, Councillor,” said McMurdo meekly. “I should apologize. I spoke without thought. Well, I know that I am safe in your hands. Look at that clipping.” McGinty glanced his eyes over the account of the shooting of one Jonas Pinto, in the Lake Saloon, Market Street, Chicago, in the New Year week of 1874. “Your work?” he asked, as he handed back the paper. McMurdo nodded. “Why did you shoot him?” “I was helping Uncle Sam to make dollars. Maybe mine were not as good gold as his, but they looked as well and were cheaper to make. This man Pinto helped me to shove the queer—” “To do what?” “Well, it means to pass the dollars out into circulation. Then he said he would split. Maybe he did split. I didn’t wait to see. I just killed him and lighted out for the coal country.” “Why the coal country?” “’Cause I’d read in the papers that they weren’t too particular in those parts.” McGinty laughed. “You were first a coiner and then a murderer, and you came to these parts because you thought you’d be welcome.” “That’s about the size of it,” McMurdo answered. “Well, I guess you’ll go far. Say, can you make those dollars yet?” McMurdo took half a dozen from his pocket. “Those never passed the Philadelphia mint,” said he. “You don’t say!” McGinty held them to the light in his enormous hand, which was hairy as a gorilla’s. “I can see no difference. Gar! you’ll be a mighty useful brother, I’m thinking! We can do with a bad man or two among us, Friend McMurdo: for there "
VOF,VOF_T00941,Unknown,"I apologize, Eminent Bodymaster, to you and to every brother in this lodge if I have said more than I should. I am a faithful member—you all know that—and it is my fear lest evil come to the lodge which makes me speak in anxious words. But I have greater trust in your judgment than in my own, Eminent Bodymaster, and I promise you that I will not offend again.",said more than I should.,"raise my finger,” cried McGinty, “and I could put two hundred men into this town that would clear it out from end to end.” Then suddenly raising his voice and bending his huge black brows into a terrible frown, “See here, Brother Morris, I have my eye on you, and have had for some time! You’ve no heart yourself, and you try to take the heart out of others. It will be an ill day for you, Brother Morris, when your own name comes on our agenda paper, and I’m thinking that it’s just there that I ought to place it.” Morris had turned deadly pale, and his knees seemed to give way under him as he fell back into his chair. He raised his glass in his trembling hand and drank before he could answer. “I apologize, Eminent Bodymaster, to you and to every brother in this lodge if I have said more than I should. I am a faithful member—you all know that—and it is my fear lest evil come to the lodge which makes me speak in anxious words. But I have greater trust in your judgment than in my own, Eminent Bodymaster, and I promise you that I will not offend again.” The Bodymaster’s scowl relaxed as he listened to the humble words. “Very good, Brother Morris. It’s myself that would be sorry if it were needful to give you a lesson. But so long as I am in this chair we shall be a united lodge in word and in deed. And now, boys,” he continued, looking round at the company, “I’ll say this much, that if Stanger got his full deserts there would be more trouble than we need ask for. These editors hang together, and every journal in the state would be crying out for police and troops. But I guess you can give him a pretty severe warning. Will you fix it, Brother Baldwin?” “Sure!” said the young man eagerly. “How many will you take?” “Half a dozen, and two to "
VOF,VOF_T00971,Unknown,"Sure, I said I would not.",said I,"do. “For myself I am loyal to the lodge, and so I tell you straight; but I would be a poor creature if I were to repeat to any other what you might say to me in confidence. It will go no further than me; though I warn you that you may get neither help nor sympathy.” “I have given up looking for either the one or the other,” said Morris. “I may be putting my very life in your hands by what I say; but, bad as you are—and it seemed to me last night that you were shaping to be as bad as the worst—still you are new to it, and your conscience cannot yet be as hardened as theirs. That was why I thought to speak with you.” “Well, what have you to say?” “If you give me away, may a curse be on you!” “Sure, I said I would not.” “I would ask you, then, when you joined the Freeman’s society in Chicago and swore vows of charity and fidelity, did ever it cross your mind that you might find it would lead you to crime?” “If you call it crime,” McMurdo answered. “Call it crime!” cried Morris, his voice vibrating with passion. “You have seen little of it if you can call it anything else. Was it crime last night when a man old enough to be your father was beaten till the blood dripped from his white hairs? Was that crime—or what else would you call it?” “There are some would say it was war,” said McMurdo, “a war of two classes with all in, so that each struck as best it could.” “Well, did you think of such a thing when yo"
VOF,VOF_T00978,Unknown,"Nor did I when I joined it at Philadelphia. It was just a benefit club and a meeting place for one’s fellows. Then I heard of this place—curse the hour that the name first fell upon my ears!—and I came to better myself! My God! to better myself! My wife and three children came with me. I started a drygoods store on Market Square, and I prospered well. The word had gone round that I was a Freeman, and I was forced to join the local lodge, same as you did last night. I’ve the badge of shame on my forearm and something worse branded on my heart. I found that I was under the orders of a black villain and caught in a meshwork of crime. What could I do? Every word I said to make things better was taken as treason, same as it was last night. I can’t get away; for all I have in the world is in my store. If I leave the society, I know well that it means murder to me, and God knows what to my wife and children. Oh, man, it is awful—awful!",said to make things better,"swore vows of charity and fidelity, did ever it cross your mind that you might find it would lead you to crime?” “If you call it crime,” McMurdo answered. “Call it crime!” cried Morris, his voice vibrating with passion. “You have seen little of it if you can call it anything else. Was it crime last night when a man old enough to be your father was beaten till the blood dripped from his white hairs? Was that crime—or what else would you call it?” “There are some would say it was war,” said McMurdo, “a war of two classes with all in, so that each struck as best it could.” “Well, did you think of such a thing when you joined the Freeman’s society at Chicago?” “No, I’m bound to say I did not.” “Nor did I when I joined it at Philadelphia. It was just a benefit club and a meeting place for one’s fellows. Then I heard of this place—curse the hour that the name first fell upon my ears!—and I came to better myself! My God! to better myself! My wife and three children came with me. I started a drygoods store on Market Square, and I prospered well. The word had gone round that I was a Freeman, and I was forced to join the local lodge, same as you did last night. I’ve the badge of shame on my forearm and something worse branded on my heart. I found that I was under the orders of a black villain and caught in a meshwork of crime. What could I do? Every word I said to make things better was taken as treason, same as it was last night. I can’t get away; for all I have in the world is in my store. If I leave the society, I know well that it means murder to me, and God knows what to my wife and children. Oh, man, it is awful—awful!” He put his hands to his face, and his body shook with convulsive sobs. McMurdo shrugged his shoulders. “You were too soft for the job,” said he. “You are the wrong sort for such work.” “I had a conscience and a religion; but they made me a criminal among them. I was chosen for a job. If I backed down I knew well what would come to me. Maybe I’m a coward. Maybe it’s the thought of my poor little woman and the children that makes me one. Anyhow I went. I guess it will haunt me forever. “It was a lonely house, twenty miles from here, over the range yonder. I was told off for the door, same as you were last night. They could not trust me with the job. The others went in. When they came out the"
VOF,VOF_T00985,McMurdo,"Well, I’ll let you know what I think when I have seen more, What is very clear is that you are not the man for the place, and that the sooner you sell out—if you only get a dime a dollar for what the business is worth—the better it will be for you. What you have said is safe with me; but, by Gar! if I thought you were an informer—",said i,
VOF,VOF_T00986,Morris,"No, no! Well, let it rest at that. I’ll bear what you have said in mind, and maybe some day I’ll come back to it. I expect you meant kindly by speaking to me like this. Now I’ll be getting home.",said i,
VOF,VOF_T01098,Unknown,"Easy, Councillor, easy! What have I ever said or done that you should think I would be after standing back from an order of the Bodymaster of my own lodge? If it’s right or if it’s wrong, it’s for you to decide.",said or done that you," with no questions asked. But at night—well, there he is with his wife, three children, and a hired help. You can’t pick or choose. It’s all or none. If you could get a bag of blasting powder at the front door with a slow match to it—” “What’s the man done?” “Didn’t I tell you he shot Jim Carnaway?” “Why did he shoot him?” “What in thunder has that to do with you? Carnaway was about his house at night, and he shot him. That’s enough for me and you. You’ve got to settle the thing right.” “There’s these two women and the children. Do they go up too?” “They have to—else how can we get him?” “It seems hard on them; for they’ve done nothing.” “What sort of fool’s talk is this? Do you back out?” “Easy, Councillor, easy! What have I ever said or done that you should think I would be after standing back from an order of the Bodymaster of my own lodge? If it’s right or if it’s wrong, it’s for you to decide.” “You’ll do it, then?” “Of course I will do it.” “When?” “Well, you had best give me a night or two that I may see the house and make my plans. Then—” “Very good,” said McGinty, shaking him by the hand. “I leave it with you. It will be a great day when you bring us the news. It’s just the last stroke that will bring them all to their knees.” McMurdo thought long and deeply over the commission which had been so suddenly placed in his hands. The isolated house in which Chester Wilcox lived was about five miles off in an adjacent valley. That very night he started off all alone to prepare for the attempt. It was daylight before he returned from his reconnaissance. Next day he interviewed his t"
VOF,VOF_T01150,Unknown,"Well, a Pinkerton. But, sure, you wouldn’t know what that is, acushla, nor what it may mean to the likes of me. I’m too deep in this thing, and I may have to get out of it quick. You said you would come with me if I went.",said you,"f satisfaction; for it seemed to him that he was safe. And yet the danger must still have pressed somewhat upon him; for on his way to the lodge he stopped at old man Shafter’s. The house was forbidden him; but when he tapped at the window Ettie came out to him. The dancing Irish deviltry had gone from her lover’s eyes. She read his danger in his earnest face. “Something has happened!” she cried. “Oh, Jack, you are in danger!” “Sure, it is not very bad, my sweetheart. And yet it may be wise that we make a move before it is worse.” “Make a move?” “I promised you once that I would go some day. I think the time is coming. I had news to-night, bad news, and I see trouble coming.” “The police?” “Well, a Pinkerton. But, sure, you wouldn’t know what that is, acushla, nor what it may mean to the likes of me. I’m too deep in this thing, and I may have to get out of it quick. You said you would come with me if I went.” “Oh, Jack, it would be the saving of you!” “I’m an honest man in some things, Ettie. I wouldn’t hurt a hair of your bonny head for all that the world can give, nor ever pull you down one inch from the golden throne above the clouds where I always see you. Would you trust me?” She put her hand in his without a word. “Well, then, listen to what I say, and do as I order you, for indeed it’s the only way for us. Things are going to happen in this valley. I feel it in my bones. There may be many of us that will have to look out for ourselves. I’m one, anyhow. If I go, by day or night, it’s you that must come with me!” “I’d come after you, Jack.” “No, no, you shall come _with_ me. If this valley"
VOF,VOF_T01176,Unknown,"You and I have had our differences, but you have said the true word to-night.",said the true word to-night.," we hold him in the hollow of our hands,” he continued with an exulting smile upon his face. “If we act quickly and wisely, we can cut this thing short. If I have your confidence and your help, it is little that we have to fear.” “What have we to fear, anyhow? What can he know of our affairs?” “You might say so if all were as stanch as you, Councillor. But this man has all the millions of the capitalists at his back. Do you think there is no weaker brother among all our lodges that could not be bought? He will get at our secrets—maybe has got them already. There’s only one sure cure.” “That he never leaves the valley,” said Baldwin. McMurdo nodded. “Good for you, Brother Baldwin,” he said. “You and I have had our differences, but you have said the true word to-night.” “Where is he, then? Where shall we know him?” “Eminent Bodymaster,” said McMurdo, earnestly, “I would put it to you that this is too vital a thing for us to discuss in open lodge. God forbid that I should throw a doubt on anyone here; but if so much as a word of gossip got to the ears of this man, there would be an end of any chance of our getting him. I would ask the lodge to choose a trusty committee, Mr. Chairman—yourself, if I might suggest it, and Brother Baldwin here, and five more. Then I can talk freely of what I know and of what I advise should be done.” The proposition was at once adopted, and the committee chosen. Besides the chairman and Baldwin there were the vulture-faced sec"
VOF,VOF_T01179,Unknown,"Now, McMurdo! I said just now that I knew Birdy Edwards,",said just now that I,
VOF,VOF_T01182,Unknown,"Because I fell into talk with him. I thought little of it at the time, nor would have given it a second thought but for this letter; but now I’m sure it’s the man. I met him on the cars when I went down the line on Wednesday—a hard case if ever there was one. He said he was a reporter. I believed it for the moment. Wanted to know all he could about the Scowrers and what he called ‘the outrages’ for a New York paper. Asked me every kind of question so as to get something. You bet I was giving nothing away. ‘I’d pay for it and pay well,’ said he, ‘if I could get some stuff that would suit my editor.’ I said what I thought would please him best, and he handed me a twenty-dollar bill for my information. ‘There’s ten times that for you,’ said he, ‘if you can find me all that I want.’",said he | said he | said what I thought would | said he | Asked me every kind of,"fting up in that serene sky under which they had dwelt so long. The horrors they had dealt out to others had been so much a part of their settled lives that the thought of retribution had become a remote one, and so seemed the more startling now that it came so closely upon them. They broke up early and left their leaders to their council. “Now, McMurdo!” said McGinty when they were alone. The seven men sat frozen in their seats. “I said just now that I knew Birdy Edwards,” McMurdo explained. “I need not tell you that he is not here under that name. He’s a brave man, but not a crazy one. He passes under the name of Steve Wilson, and he is lodging at Hobson’s Patch.” “How do you know this?” “Because I fell into talk with him. I thought little of it at the time, nor would have given it a second thought but for this letter; but now I’m sure it’s the man. I met him on the cars when I went down the line on Wednesday—a hard case if ever there was one. He said he was a reporter. I believed it for the moment. Wanted to know all he could about the Scowrers and what he called ‘the outrages’ for a New York paper. Asked me every kind of question so as to get something. You bet I was giving nothing away. ‘I’d pay for it and pay well,’ said he, ‘if I could get some stuff that would suit my editor.’ I said what I thought would please him best, and he handed me a twenty-dollar bill for my information. ‘There’s ten times that for you,’ said he, ‘if you can find me all that I want.’” “What did you tell him, then?” “Any stuff I could make up.” “How do you know he wasn’t a newspaper man?” “I’ll tell you. He got out at Hobson’s Patch, and so did I. I chanced into the telegraph bureau, and he was leaving it. “‘See here,’ said the operator after he’d gone out, ‘I guess we should charge double rates for this.’—‘I guess you should,’ said I. He had filled the form with stuff that might have been Chinese, for all we could make of it. ‘He fires a sheet of this off every day,’ said the clerk. ‘Yes,’ said I; ‘it’s special news for his paper, and he’s scared that the others should tap it.’ That was what the operator thought and what I thought at the time; but I think differently no"
VOF,VOF_T01186,Unknown,"I’ll tell you. He got out at Hobson’s Patch, and so did I. I chanced into the telegraph bureau, and he was leaving it. “‘See here,’ said the operator after he’d gone out, ‘I guess we should charge double rates for this.’—‘I guess you should,’ said I. He had filled the form with stuff that might have been Chinese, for all we could make of it. ‘He fires a sheet of this off every day,’ said the clerk. ‘Yes,’ said I; ‘it’s special news for his paper, and he’s scared that the others should tap it.’ That was what the operator thought and what I thought at the time; but I think differently now.",said the operator after he’d | said I | said the clerk. | said I," down the line on Wednesday—a hard case if ever there was one. He said he was a reporter. I believed it for the moment. Wanted to know all he could about the Scowrers and what he called ‘the outrages’ for a New York paper. Asked me every kind of question so as to get something. You bet I was giving nothing away. ‘I’d pay for it and pay well,’ said he, ‘if I could get some stuff that would suit my editor.’ I said what I thought would please him best, and he handed me a twenty-dollar bill for my information. ‘There’s ten times that for you,’ said he, ‘if you can find me all that I want.’” “What did you tell him, then?” “Any stuff I could make up.” “How do you know he wasn’t a newspaper man?” “I’ll tell you. He got out at Hobson’s Patch, and so did I. I chanced into the telegraph bureau, and he was leaving it. “‘See here,’ said the operator after he’d gone out, ‘I guess we should charge double rates for this.’—‘I guess you should,’ said I. He had filled the form with stuff that might have been Chinese, for all we could make of it. ‘He fires a sheet of this off every day,’ said the clerk. ‘Yes,’ said I; ‘it’s special news for his paper, and he’s scared that the others should tap it.’ That was what the operator thought and what I thought at the time; but I think differently now.” “By Gar! I believe you are right,” said McGinty. “But what do you allow that we should do about it?” “Why not go right down now and fix him?” someone suggested. “Ay, the sooner the better.” “I’d start this next minute if I knew where we could find him,” said McMurdo. “He’s in Hobson’s Patch; but I don’t know the house. I’ve got a plan, though, if you’ll only take my advice.” “Well, what is it?” “I’ll go to the Patch to-morrow morning. I’ll find him through the operator. He can locate him, I guess. Well, then I’ll tell him that I’m a Freeman myself. I’ll offer him all the secrets of the lodge for a price. You bet he’ll tumble to it. I’ll tell him the papers are at my house, and that it’s as"
