candidate_id,quoted_text,start_char,end_char,speaker_after_raw,speaker_before_raw,proposed_speaker,attribution_source,candidate_status,context_before,context_after,speaker_before
OWT_C00505,"Is that you, Mrs. Baines?",211297,211324,Gerald Scales,,Gerald Scales,AFTER_QUOTE_LEADING_NAMED,ATTRIBUTED_DIALOGUE_CANDIDATE,"rd his being on the  doorstep as the most natural and characteristic thing in the world.  Real miracles never seem to be miracles, and that which at the first  blush resembles one usually proves to be an instance of the extremely  prosaic.    III","asked Gerald Scales, in a half-witted  voice, looking up, and then getting to his feet. ""Is this your house?  So it is! Well, I'd no idea I was sitting on your doorstep.""    He smiled timidly, nay, sheepishly, while the women and Mr. Povey  surround",Gerald Scales
OWT_C00817,Ay!,321423,321428,James Boon,,James Boon,AFTER_QUOTE_LEADING_NAMED,ATTRIBUTED_DIALOGUE_CANDIDATE,"erred  to dogs; she had not, however, imagined that he regarded a dog as aught  but a beautiful dream. No dog had ever put paw into that house, and it  seemed impossible that one should ever do so. As for those beasts of  prey on the pavement...!","said James Boon, calmly.    ""I'll tell him you're here,"" said Constance. ""But I don't know if he's  at liberty. He seldom is at this time of day. Maggie, you'd better come  in.""    She went slowly to the shop, full of fear for the future.    ""Sam,""",James Boon
OWT_C01114,"I want ye,",459125,459137,Daniel Povey,,Daniel Povey,AFTER_QUOTE_LEADING_NAMED,ATTRIBUTED_DIALOGUE_CANDIDATE,"uspected by the  woman from whom their lives have no secrets.    Samuel put his head out of the window.    A man was standing there.    ""That you, Samuel?"" The voice came low.    ""Yes,"" replied Samuel, cautiously. ""It's not Cousin Daniel, is it?""","said Daniel Povey, curtly.    Samuel paused. ""I'll be down in a minute,"" he said.    Cyril at length received the command to get back into bed at once.    ""Whatever's up, father?"" he asked joyously.    ""I don't know. I must put some things on and go",Daniel Povey
OWT_C01648,Yes.,740557,740563,,Between resignation and anticipation she,Between,BEFORE_QUOTE_LEADING_NAMED,ATTRIBUTED_DIALOGUE_CANDIDATE,"lf-confidence. How could it be eleven o'clock, with  the dawn scarcely finished?    ""He says it is very important,"" repeated the waiter, imperturbably and  solemnly. ""Will madame see him an instant?""    Between resignation and anticipation she said:","""It is well, madame,"" said the waiter, disappearing without a sound.    She sat up and managed to drag her matinee from a chair and put it  around her shoulders. Then she sank back from weakness, physical and  spiritual. She hated to receive Chir",Between
OWT_C02078,"He is never too prompt, the Governor. It is a quality!",910886,910942,Carlier,,Carlier,AFTER_QUOTE_LEADING_NAMED,ATTRIBUTED_DIALOGUE_CANDIDATE,"sponded, bent down to  make an inquiry, which Chirac answered, and then, with another exchange  of salutes, the official telegram was handed over to Chirac, and the  horse backed away from the crowd. It was quite thrilling. Carlier was  thrilled.","said Carlier,  with irony.    Chirac entered the car. And then the old man with the watch drew a  black bag from the shadow behind him and entrusted it to Chirac, who  accepted it with a profound deference and hid it. The sailor began to  issue comm",Carlier
OWT_C02094,"House-agent,",934405,934419,Lewis Mardon,,Lewis Mardon,AFTER_QUOTE_LEADING_NAMED,ATTRIBUTED_DIALOGUE_CANDIDATE,"here,"" said the other. ""Very convenient for a bachelor, you  know. Have done for years. My office is just close by. You may know my  name--Lewis Mardon.""    Peel-Swynnerton hesitated. The hesitation convicted him of not 'knowing  his Paris' well.","said Lewis Mardon, quickly.    ""Oh yes,"" said Peel-Swynnerton, vaguely recalling a vision of the name  among the advertisements on newspaper kiosks.    ""I expect,"" Mr. Mardon went on, ""my name is as well-known as anybody's  in Paris.""    ""I suppose",Lewis Mardon
OWT_C02146,"Have a cigarette,",952543,952562,Cyril Povey,,Cyril Povey,AFTER_QUOTE_LEADING_NAMED,ATTRIBUTED_DIALOGUE_CANDIDATE,"he twelve-five.""    He looked at his friend, and could positively see no feature of it that  was not a feature of Mrs. Scales's face. Also, the elderly woman held  her body in exactly the same way as the young man. It was entirely  disconcerting.","answered Cyril Povey, imperturbably. He was two  years younger than Matthew, from whom he had acquired most of his vast  and intricate knowledge of life and art, with certain leading notions  of deportment; whose pupil indeed he was in all the thing",Cyril Povey
OWT_C02207,"Just take care of yourself, missis,",965208,965245,Mr. Shawcross to her,,Mr. Shawcross,AFTER_QUOTE_LEADING_NAMED,ATTRIBUTED_DIALOGUE_CANDIDATE,"nique cab that stands for ever at the  grand entrance to the Town Hall.    ""Mr. Matthew will come with me,"" said Constance.    ""Certainly, with pleasure,"" said Matthew.    And she passed through the little crowd of gapers on Mr. Shawcross's  arm.","said Mr. Shawcross to her,  through the window of the cab. ""It's fainting weather, and we're none  of us any younger, seemingly.""    She nodded.    ""I'm awfully sorry I upset you, Mrs. Povey,"" said Matthew, when the cab  moved.    She shook her head",Mr. Shawcross
OWT_C02230,"I will fetch the doctor--myself,",980597,980631,Jacqueline,,Jacqueline,AFTER_QUOTE_LEADING_NAMED,ATTRIBUTED_DIALOGUE_CANDIDATE,"acqueline!""    It came out of her, a horribly difficult and misshapen birth, but it  came. She was exhausted.    ""Yes, madame."" Jacqueline entered.    As soon as she had a glimpse of Sophia she threw up her hands. Sophia  stared at her, wordless.","whispered Jacqueline, and fled.    ""Jacqueline!"" The woman stopped. Then Sophia determined to force  herself to make a speech, and she braced her muscles to an  unprecedented effort. ""Say not a word to the others."" She could not  bear that the whole",Jacqueline
OWT_C02693,"Yes, ma'am,",1150819,1150832,Maud,,Maud,AFTER_QUOTE_LEADING_NAMED,ATTRIBUTED_DIALOGUE_CANDIDATE,"employers and employed. The pretence was ludicrous.  The young wench saw through it instantly, and her mysterious smile  developed almost into a laugh.    ""Please shut the door after you, Maud,"" said Sophia, as the girl picked  up her empty tray.","replied Maud, politely.    She went out and left the door open.    It was a defiance, offered from sheer, youthful, wanton mischief.    The sisters looked at each other, their faces gravely troubled, aghast,  as though they had glimpsed the end of c",Maud
OWT_C02718,"Of course,",1159663,1159675,Dr. Stirling,,Dr. Stirling,AFTER_QUOTE_LEADING_NAMED,ATTRIBUTED_DIALOGUE_CANDIDATE,", and she said so,  tartly. Then she recommenced the tale of Spot's death from the  beginning, and took it as far as his burial, that afternoon, by Mr.  Critchlow's manager, in the yard. It had been necessary to remove and  replace paving-stones.","said Dr. Stirling, ""ten years is a long time. He was an  old dog. Well, you've still got the celebrated Fossette."" He turned to  Sophia.    ""Oh yes,"" said Constance, perfunctorily. ""Fossette's ill. The fact is  that if Fossette hadn't been ill, Spot",Dr. Stirling
OWT_C02772,"Yes,",1179715,1179721,Mr. Till Boldero,,Mr. Till,AFTER_QUOTE_LEADING_NAMED,ATTRIBUTED_DIALOGUE_CANDIDATE,"weakly. She was conscious of a profound sadness  which was not grief, though it resembled grief. And she had also a  feeling that she was responsible to Mr. Till Boldero for anything  untoward that might have occurred to him by reason of Gerald.","said Mr. Till Boldero, deliberately and softly. ""He came in last  night just as we were closing. We had very heavy rain here. I don't  know how it was with you. He was wet, in a dreadful state, simply  dreadful. Of course, I didn't recognize him. I'",Mr. Till
OWT_C02895,"By Jove! I'd better go and see if I can help, hadn't I?",1228955,1229012,Dick  Povey,,Dick Povey,AFTER_QUOTE_LEADING_NAMED,ATTRIBUTED_DIALOGUE_CANDIDATE,"tried to commit suicide!""    Constance started back. Lily went towards her, with an instinctive  gesture of supporting consolation.    ""Maria Critchlow tried to commit suicide!"" Constance muttered.    ""Yes, ma'am! But they say she's not done it.""","cried Dick  Povey, hobbling off, excited and speedy. ""Strange, isn't it?"" he  exclaimed afterwards, ""how I manage to come in for things? Sheer chance  that I was here to-day! But it's always like that! Somehow something  extraordinary is always happ",Dick Povey
