turn_id,speaker,dialogue_text,extraction_confidence,source
VOF_T00005,I,"I am inclined to think— I should do so,",high,Project Gutenberg #3289 - The Valley of Fear
VOF_T00006,I,"Really, Holmes, you are a little trying at times.",high,Project Gutenberg #3289 - The Valley of Fear
VOF_T00007,he,"It is Porlock’s writing, I can hardly doubt that it is Porlock’s writing, though I have seen it only twice before. The Greek e with the peculiar top flourish is distinctive. But if it is Porlock, then it must be something of the very first importance.",high,Project Gutenberg #3289 - The Valley of Fear
VOF_T00013,Holmes,"A touch! A distinct touch! You are developing a certain unexpected vein of pawky humour, Watson, against which I must learn to guard myself. But in calling Moriarty a criminal you are uttering libel in the eyes of the law—and there lie the glory and the wonder of it! The greatest schemer of all time, the organizer of every deviltry, the controlling brain of the underworld, a brain which might have made or marred the destiny of nations—that’s the man! But so aloof is he from general suspicion, so immune from criticism, so admirable in his management and self-effacement, that for those very words that you have uttered he could hale you to a court and emerge with your year’s pension as a solatium for his wounded character. Is he not the celebrated author of The Dynamics of an Asteroid, a book which ascends to such rarefied heights of pure mathematics that it is said that there was no man in the scientific press capable of criticizing it? Is this a man to traduce? Foul-mouthed doctor and slandered professor—such would be your respective rôles! That’s genius, Watson. But if I am spared by lesser men, our day will surely come.",high,Project Gutenberg #3289 - The Valley of Fear
VOF_T00029,Holmes,"The same writing, and actually signed,",high,Project Gutenberg #3289 - The Valley of Fear
VOF_T00040,I,"No doubt, Of course.",high,Project Gutenberg #3289 - The Valley of Fear
VOF_T00042,he,I wonder! Perhaps there are points which have escaped your Machiavellian intellect. Let us consider the problem in the light of pure reason. This man’s reference is to a book. That is our point of departure.,high,Project Gutenberg #3289 - The Valley of Fear
VOF_T00066,I,"What a queer, scrambling way of expressing his meaning! On the contrary, he has done quite remarkably well,",high,Project Gutenberg #3289 - The Valley of Fear
VOF_T00068,he,"You are an early bird, Mr. Mac, I wish you luck with your worm. I fear this means that there is some mischief afoot.",high,Project Gutenberg #3289 - The Valley of Fear
VOF_T00075,he,"Just this, that Mr. Douglas of Birlstone Manor House was horribly murdered last night!",high,Project Gutenberg #3289 - The Valley of Fear
VOF_T00076,he,Remarkable! Remarkable!,high,Project Gutenberg #3289 - The Valley of Fear
VOF_T00079,he,"I was going down to Birlstone this morning, I had come to ask you if you cared to come with me—you and your friend here. But from what you say we might perhaps be doing better work in London.",high,Project Gutenberg #3289 - The Valley of Fear
VOF_T00080,Holmes,"I rather think not, Hang it all, Mr. Holmes!",high,Project Gutenberg #3289 - The Valley of Fear
VOF_T00116,Holmes,"All knowledge comes useful to the detective, Even the trivial fact that in the year 1865 a picture by Greuze entitled ‘La Jeune Fille à l’Agneau’ fetched one million two hundred thousand francs—more than forty thousand pounds—at the Portalis sale may start a train of reflection in your mind.",high,Project Gutenberg #3289 - The Valley of Fear
VOF_T00118,Holmes,that the professor’s salary can be ascertained in several trustworthy books of reference. It is seven hundred a year.,high,Project Gutenberg #3289 - The Valley of Fear
VOF_T00121,the inspector,"Ay, that’s remarkable, Talk away, Mr. Holmes. I’m just loving it. It’s fine!",high,Project Gutenberg #3289 - The Valley of Fear
VOF_T00123,the inspector,"We’ve time yet, I’ve a cab at the door, and it won’t take us twenty minutes to Victoria. But about this picture: I thought you told me once, Mr. Holmes, that you had never met Professor Moriarty.",high,Project Gutenberg #3289 - The Valley of Fear
VOF_T00145,he,"He can keep, anyhow, You’ve got us side-tracked with your interesting anecdotes, Mr. Holmes. What really counts is your remark that there is some connection between the professor and the crime. That you get from the warning received through the man Porlock. Can we for our present practical needs get any further than that?",high,Project Gutenberg #3289 - The Valley of Fear
VOF_T00151,MacDonald,"Then to Birlstone we must go! My word! it’s later than I thought. I can give you, gentlemen, five minutes for preparation, and that is all.",high,Project Gutenberg #3289 - The Valley of Fear
VOF_T00152,Holmes,"And ample for us both, While we are on our way, Mr. Mac, I will ask you to be good enough to tell me all about it.",high,Project Gutenberg #3289 - The Valley of Fear
VOF_T00155,Holmes,"Your friend seems to be no fool, No, sir, White Mason is a very live man, if I am any judge.",high,Project Gutenberg #3289 - The Valley of Fear
VOF_T00161,Ames,"An easy-going, free-handed gentleman, But, my word! I had rather not be the man that crossed him!",high,Project Gutenberg #3289 - The Valley of Fear
VOF_T00163,Cecil Barker,"Nothing has been touched up to now, I’ll answer for that. You see it all exactly as I found it.",high,Project Gutenberg #3289 - The Valley of Fear
VOF_T00180,the doctor,Horrible enough! I’ve never seen such injuries since the Birlstone railway smash.,high,Project Gutenberg #3289 - The Valley of Fear
VOF_T00181,the police sergeant,"But, I say, It’s all very well your saying that a man escaped by wading this moat, but what I ask you is, how did he ever get into the house at all if the bridge was up?",high,Project Gutenberg #3289 - The Valley of Fear
VOF_T00182,Barker,"Ah, that’s the question, At what o’clock was it raised?",high,Project Gutenberg #3289 - The Valley of Fear
VOF_T00183,Ames,"It was nearly six o’clock, I’ve heard,",high,Project Gutenberg #3289 - The Valley of Fear
VOF_T00185,Ames,"Mrs. Douglas had visitors to tea, I couldn’t raise it until they went. Then I wound it up myself.",high,Project Gutenberg #3289 - The Valley of Fear
VOF_T00186,the sergeant,"Then it comes to this, If anyone came from outside—_if_ they did—they must have got in across the bridge before six and been in hiding ever since, until Mr. Douglas came into the room after eleven.",high,Project Gutenberg #3289 - The Valley of Fear
VOF_T00195,the sergeant,"We’d best put it back on the rug where we found it, It will want the best brains in the force to get to the bottom of this thing. It will be a London job before it is finished.",high,Project Gutenberg #3289 - The Valley of Fear
VOF_T00198,the butler,"When the lamps were lit, It would be shortly after four.",high,Project Gutenberg #3289 - The Valley of Fear
VOF_T00201,Barker,"That’s how I read it, But, I say, aren’t we wasting precious time? Couldn’t we start out and scout the country before the fellow gets away?",high,Project Gutenberg #3289 - The Valley of Fear
VOF_T00205,the doctor,"It’s not tattooed, I never saw anything like it. The man has been branded at some time as they brand cattle. What is the meaning of this?",high,Project Gutenberg #3289 - The Valley of Fear
VOF_T00206,Cecil Barker,"I don’t profess to know the meaning of it, but I have seen the mark on Douglas many times this last ten years.",high,Project Gutenberg #3289 - The Valley of Fear
VOF_T00207,the butler,"And so have I, Many a time when the master has rolled up his sleeves I have noticed that very mark. I’ve often wondered what it could be.",high,Project Gutenberg #3289 - The Valley of Fear
VOF_T00208,the sergeant,"Then it has nothing to do with the crime, anyhow, But it’s a rum thing all the same. Everything about this case is rum. Well, what is it now?",high,Project Gutenberg #3289 - The Valley of Fear
VOF_T00212,Barker,"He’s right, Do you tell me,",high,Project Gutenberg #3289 - The Valley of Fear
VOF_T00217,he,"Seems to me the sooner we get London on to this case the better, White Mason is a smart man. No local job has ever been too much for White Mason. It won’t be long now before he is here to help us. But I expect we’ll have to look to London before we are through. Anyhow, I’m not ashamed to say that it is a deal too thick for the likes of me.",high,Project Gutenberg #3289 - The Valley of Fear
VOF_T00222,White Mason in great,"I thought you would say so, Mr. Holmes, We’re well up with the times in Sussex. I’ve told you now how matters were, up to the time when I took over from Sergeant Wilson between three and four this morning. My word! I made the old mare go! But I need not have been in such a hurry, as it turned out; for there was nothing immediate that I could do. Sergeant Wilson had all the facts. I checked them and considered them and maybe added a few of my own.",high,Project Gutenberg #3289 - The Valley of Fear
VOF_T00223,Holmes,"What were they? Well, I first had the hammer examined. There was Dr. Wood there to help me. We found no signs of violence upon it. I was hoping that if Mr. Douglas defended himself with the hammer, he might have left his mark upon the murderer before he dropped it on the mat. But there was no stain.",high,Project Gutenberg #3289 - The Valley of Fear
VOF_T00224,I,"That, of course, proves nothing at all, There has been many a hammer murder and no trace on the hammer.",high,Project Gutenberg #3289 - The Valley of Fear
VOF_T00226,Holmes,"A big P with a flourish above it, E and N smaller? Exactly.",high,Project Gutenberg #3289 - The Valley of Fear
VOF_T00230,he,"Man, you are surely travelling overfast, I have heard no evidence yet that any stranger was ever in the house at all.",high,Project Gutenberg #3289 - The Valley of Fear
VOF_T00238,he,"I’m not convinced yet that there was ever anyone in the house, I’m asking you to conseedar",high,Project Gutenberg #3289 - The Valley of Fear
VOF_T00240,Holmes in his most,"Well, state your case, Mr. Mac, The man is not a burglar, supposing that he ever existed. The ring business and the card point to premeditated murder for some private reason. Very good. Here is a man who slips into a house with the deliberate intention of committing murder. He knows, if he knows anything, that he will have a deeficulty in making his escape, as the house is surrounded with water. What weapon would he choose? You would say the most silent in the world. Then he could hope when the deed was done to slip quickly from the window, to wade the moat, and to get away at his leisure. That’s understandable. But is it understandable that he should go out of his way to bring with him the most noisy weapon he could select, knowing well that it will fetch every human being in the house to the spot as quick as they can run, and that it is all odds that he will be seen before he can get across the moat? Is that credible, Mr. Holmes?",high,Project Gutenberg #3289 - The Valley of Fear
VOF_T00248,I,"I have worked with Mr. Holmes before, He plays the game.",high,Project Gutenberg #3289 - The Valley of Fear
VOF_T00249,Holmes,"My own idea of the game, at any rate, I go into a case to help the ends of justice and the work of the police. If I have ever separated myself from the official force, it is because they have first separated themselves from me. I have no wish ever to score at their expense. At the same time, Mr. White Mason, I claim the right to work in my own way and give my results at my own time—complete rather than in stages.",high,Project Gutenberg #3289 - The Valley of Fear
VOF_T00250,White Mason cordially,"I am sure we are honoured by your presence and to show you all we know, Come along, Dr. Watson, and when the time comes we’ll all hope for a place in your book.",high,Project Gutenberg #3289 - The Valley of Fear
VOF_T00251,White Mason,"That’s the window, that one on the immediate right of the drawbridge. It’s open just as it was found last night.",high,Project Gutenberg #3289 - The Valley of Fear
VOF_T00254,White Mason,"I’ve had a good look, Mr. Holmes, There is nothing there, no sign that anyone has landed—but why should he leave any sign?",high,Project Gutenberg #3289 - The Valley of Fear
VOF_T00261,White Mason,"Anything fresh, Sergeant Wilson? No, sir.",high,Project Gutenberg #3289 - The Valley of Fear
VOF_T00264,MacDonald,"We can surely dismiss that, So I think. Suicide is out of the question. Then a murder has been done. What we have to determine is, whether it was done by someone outside or inside the house.",high,Project Gutenberg #3289 - The Valley of Fear
VOF_T00269,Holmes,"You put it very clearly, I am inclined to agree with you.",high,Project Gutenberg #3289 - The Valley of Fear
VOF_T00271,Holmes,"The candle shows that, Exactly. The candle, which was a new one, is not burned more than half an inch. He must have placed it on the table before he was attacked; otherwise, of course, it would have fallen when he fell. This shows that he was not attacked the instant that he entered the room. When Mr. Barker arrived the candle was lit and the lamp was out.",high,Project Gutenberg #3289 - The Valley of Fear
VOF_T00275,MacDonald,"Man, it would be absolute nonsense if it wasn’t that anything else is even worse! Somebody killed the man, and whoever it was I could clearly prove to you that he should have done it some other way. What does he mean by allowing his retreat to be cut off like that? What does he mean by using a shotgun when silence was his one chance of escape? Come, Mr. Holmes, it’s up to you to give us a lead, since you say Mr. White Mason’s theory is unconvincing.",high,Project Gutenberg #3289 - The Valley of Fear
VOF_T00276,he,"I should like a few more facts before I get so far as a theory, Mr. Mac, Dear me! these injuries are really appalling. Can we have the butler in for a moment?... Ames, I understand that you have often seen this very unusual mark—a branded triangle inside a circle—upon Mr. Douglas’s forearm?",high,Project Gutenberg #3289 - The Valley of Fear
VOF_T00284,Holmes,"Suggestive! It may, of course, be a mere coincidence, or it may point to some nervousness which would indicate that he had reason to apprehend danger. Had you noticed anything unusual in his conduct, yesterday, Ames?",high,Project Gutenberg #3289 - The Valley of Fear
VOF_T00295,White Mason,"That’s my idea, too, Well, we can adopt it as a working hypothesis and then see how far our difficulties disappear. An agent from such a society makes his way into the house, waits for Mr. Douglas, blows his head nearly off with this weapon, and escapes by wading the moat, after leaving a card beside the dead man, which will, when mentioned in the papers, tell other members of the society that vengeance has been done. That all hangs together. But why this gun, of all weapons?",high,Project Gutenberg #3289 - The Valley of Fear
VOF_T00303,Ames,"Mr. Douglas’s dumb-bells, Dumb-bell—there’s only one. Where’s the other?",high,Project Gutenberg #3289 - The Valley of Fear
VOF_T00306,he,"Sorry to interrupt your consultation, but you should hear the latest news.",high,Project Gutenberg #3289 - The Valley of Fear
VOF_T00309,the inspector,"It would be a grand help to the police, if these things were numbered and registered. But we must be thankful for what we’ve got. If we can’t find where he went to, at least we are likely to get where he came from. But what in the name of all that is wonderful made the fellow leave it behind? And how in the world has he got away without it? We don’t seem to get a gleam of light in the case, Mr. Holmes.",high,Project Gutenberg #3289 - The Valley of Fear
VOF_T00312,White Mason as we,"Have you seen all you want of the study? For the time,",high,Project Gutenberg #3289 - The Valley of Fear
VOF_T00317,I,How long were you with Douglas in California? Five years altogether.,high,Project Gutenberg #3289 - The Valley of Fear
VOF_T00342,MacDonald,"I should like these dates a little clearer, It is quite six years since Douglas left California. You followed him next year, did you not?",high,Project Gutenberg #3289 - The Valley of Fear
VOF_T00360,he,"You are aware, that the dead man’s wedding ring has been taken from his finger?",high,Project Gutenberg #3289 - The Valley of Fear
VOF_T00361,Barker,"So it appears, What do you mean by ‘appears’? You know it as a fact.",high,Project Gutenberg #3289 - The Valley of Fear
VOF_T00367,MacDonald,"I don’t know that I’ve anything else to ask you at present, There was one small point,",high,Project Gutenberg #3289 - The Valley of Fear
VOF_T00382,the inspector,"We have taken every possible step, Mrs. Douglas, You may rest assured that nothing will be neglected.",high,Project Gutenberg #3289 - The Valley of Fear
VOF_T00402,Holmes,"Might I ask, what the words were which attracted your attention?",high,Project Gutenberg #3289 - The Valley of Fear
VOF_T00409,I,"There is one other point, You met Mr. Douglas in a boarding house in London, did you not, and became engaged to him there? Was there any romance, anything secret or mysterious, about the wedding?",high,Project Gutenberg #3289 - The Valley of Fear
VOF_T00416,the inspector,"Well, we will not detain you any longer, and we are sorry to have put you to this trouble at such a time, There are some other points, no doubt; but we can refer to you as they arise.",high,Project Gutenberg #3289 - The Valley of Fear
VOF_T00418,MacDonald,"She’s a beautiful woman—a very beautiful woman, This man Barker has certainly been down here a good deal. He is a man who might be attractive to a woman. He admits that the dead man was jealous, and maybe he knew best himself what cause he had for jealousy. Then there’s that wedding ring. You can’t get past that. The man who tears a wedding ring off a dead man’s—What do you say to it, Mr. Holmes?",high,Project Gutenberg #3289 - The Valley of Fear
VOF_T00429,Holmes,Strange! Very strange indeed!,high,Project Gutenberg #3289 - The Valley of Fear
VOF_T00431,he,"there’s not a doubt of it! Barker has just marked the window himself. It’s a good deal broader than any bootmark. I mind that you said it was a splay-foot, and here’s the explanation. But what’s the game, Mr. Holmes—what’s the game?",high,Project Gutenberg #3289 - The Valley of Fear
VOF_T00435,he,"Excuse me, sir, but am I addressing Dr. Watson?",high,Project Gutenberg #3289 - The Valley of Fear
VOF_T00437,she,"I fear that you think me callous and hard-hearted, It is no business of mine,",high,Project Gutenberg #3289 - The Valley of Fear
VOF_T00439,Barker,"There is no need why Dr. Watson should realize, As he has himself said, it is no possible business of his.",high,Project Gutenberg #3289 - The Valley of Fear
VOF_T00440,I,"Exactly, and so I will beg leave to resume my walk.",high,Project Gutenberg #3289 - The Valley of Fear
VOF_T00441,the woman in a,"One moment, Dr. Watson, There is one question which you can answer with more authority than anyone else in the world, and it may make a very great difference to me. You know Mr. Holmes and his relations with the police better than anyone else can. Supposing that a matter were brought confidentially to his knowledge, is it absolutely necessary that he should pass it on to the detectives?",high,Project Gutenberg #3289 - The Valley of Fear
VOF_T00442,Barker,"Yes, that’s it, Is he on his own or is he entirely in with them?",high,Project Gutenberg #3289 - The Valley of Fear
VOF_T00447,Holmes,"I wish none of their confidences, No confidences, Watson; for they are mighty awkward if it comes to an arrest for conspiracy and murder.",high,Project Gutenberg #3289 - The Valley of Fear
VOF_T00453,I,"I am convinced myself, that there is an understanding between those two people. She must be a heartless creature to sit laughing at some jest within a few hours of her husband’s murder.",high,Project Gutenberg #3289 - The Valley of Fear
VOF_T00456,Holmes,"There is an appalling directness about your questions, Watson, They come at me like bullets. If you put it that Mrs. Douglas and Barker know the truth about the murder, and are conspiring to conceal it, then I can give you a whole-souled answer. I am sure they do. But your more deadly proposition is not so clear. Let us for a moment consider the difficulties which stand in the way. “We will suppose that this couple are united by the bonds of a guilty love, and that they have determined to get rid of the man who stands between them. It is a large supposition; for discreet inquiry among servants and others has failed to corroborate it in any way. On the contrary, there is a good deal of evidence that the Douglases were very attached to each other.",high,Project Gutenberg #3289 - The Valley of Fear
VOF_T00457,I,"That, I am sure, cannot be true, Well, at least they gave that impression. However, we will suppose that they are an extraordinarily astute couple, who deceive everyone upon this point, and conspire to murder the husband. He happens to be a man over whose head some danger hangs—",high,Project Gutenberg #3289 - The Valley of Fear
VOF_T00466,I,"Well, it is possible, no doubt, We have to remember, Watson, that whatever occurred is certainly something very extraordinary. Well, now, to continue our supposititious case, the couple—not necessarily a guilty couple—realize after the murderer is gone that they have placed themselves in a position in which it may be difficult for them to prove that they did not themselves either do the deed or connive at it. They rapidly and rather clumsily met the situation. The mark was put by Barker’s bloodstained slipper upon the windowsill to suggest how the fugitive got away. They obviously were the two who must have heard the sound of the gun; so they gave the alarm exactly as they would have done, but a good half hour after the event.",high,Project Gutenberg #3289 - The Valley of Fear
VOF_T00475,MacDonald,"Man, I’ll admeet that I had my doubts if there was ever an outsider, but that’s all past now. We’ve had the bicycle identified, and we have a description of our man; so that’s a long step on our journey.",high,Project Gutenberg #3289 - The Valley of Fear
VOF_T00476,Holmes,"It sounds to me like the beginning of the end, I’m sure I congratulate you both with all my heart.",high,Project Gutenberg #3289 - The Valley of Fear
VOF_T00478,Holmes gleefully,"Well, well, you have indeed done some solid work while I have been sitting spinning theories with my friend! It’s a lesson in being practical, Mr. Mac.",high,Project Gutenberg #3289 - The Valley of Fear
VOF_T00479,the inspector,"Ay, it’s just that, Mr. Holmes, But this may all fit in with your theories,",high,Project Gutenberg #3289 - The Valley of Fear
VOF_T00482,White Mason,"That’s what puzzles me, Mr. Holmes, If the fellow did not want the hue and cry raised over him, one would imagine that he would have returned and remained at the hotel as an inoffensive tourist. As it is, he must know that he will be reported to the police by the hotel manager and that his disappearance will be connected with the murder.",high,Project Gutenberg #3289 - The Valley of Fear
VOF_T00485,Holmes,"Well, bar the expression, that might almost be a description of Douglas himself, He is just over fifty, with grizzled hair and moustache, and about the same height. Did you get anything else?",high,Project Gutenberg #3289 - The Valley of Fear
VOF_T00490,MacDonald,"Well, Mr. Holmes, when we have got our man—and you may be sure that I had his description on the wires within five minutes of hearing it—we shall be better able to judge. But, even as it stands, we have surely gone a long way. We know that an American calling himself Hargrave came to Tunbridge Wells two days ago with bicycle and valise. In the latter was a sawed-off shotgun; so he came with the deliberate purpose of crime. Yesterday morning he set off for this place on his bicycle, with his gun concealed in his overcoat. No one saw him arrive, so far as we can learn; but he need not pass through the village to reach the park gates, and there are many cyclists upon the road. Presumably he at once concealed his cycle among the laurels where it was found, and possibly lurked there himself, with his eye on the house, waiting for Mr. Douglas to come out. The shotgun is a strange weapon to use inside a house; but he had intended to use it outside, and there it has very obvious advantages, as it would be impossible to miss with it, and the sound of shots is so common in an English sporting neighbourhood that no particular notice would be taken.",high,Project Gutenberg #3289 - The Valley of Fear
VOF_T00491,Holmes,"That is all very clear, Well, Mr. Douglas did not appear. What was he to do next? He left his bicycle and approached the house in the twilight. He found the bridge down and no one about. He took his chance, intending, no doubt, to make some excuse if he met anyone. He met no one. He slipped into the first room that he saw, and concealed himself behind the curtain. Thence he could see the drawbridge go up, and he knew that his only escape was through the moat. He waited until quarter-past eleven, when Mr. Douglas upon his usual nightly round came into the room. He shot him and escaped, as arranged. He was aware that the bicycle would be described by the hotel people and be a clue against him; so he left it there and made his way by some other means to London or to some safe hiding place which he had already arranged. How is that, Mr. Holmes?",high,Project Gutenberg #3289 - The Valley of Fear
VOF_T00493,the London inspector,"Well, Mr. Holmes, if this is true, we only tumble out of one mystery into another, And in some ways a worse one,",high,Project Gutenberg #3289 - The Valley of Fear
VOF_T00495,Holmes,"I freely admit the difficulties, I propose to make a little investigation of my own to-night, and it is just possible that it may contribute something to the common cause.",high,Project Gutenberg #3289 - The Valley of Fear
VOF_T00499,I,have you found anything out?,high,Project Gutenberg #3289 - The Valley of Fear
VOF_T00501,he,"would you be afraid to sleep in the same room with a lunatic, a man with softening of the brain, an idiot whose mind has lost its grip?",high,Project Gutenberg #3289 - The Valley of Fear
VOF_T00508,Holmes sympathetically,"Dear me! Now, Mr. Mac and you, Mr. White Mason, I wish to give you a very earnest piece of advice. When I went into this case with you I bargained, as you will no doubt remember, that I should not present you with half-proved theories, but that I should retain and work out my own ideas until I had satisfied myself that they were correct. For this reason I am not at the present moment telling you all that is in my mind. On the other hand, I said that I would play the game fairly by you, and I do not think it is a fair game to allow you for one unnecessary moment to waste your energies upon a profitless task. Therefore I am here to advise you this morning, and my advice to you is summed up in three words—abandon the case.",high,Project Gutenberg #3289 - The Valley of Fear
VOF_T00509,the inspector,You consider it hopeless! I consider your case to be hopeless. I do not consider that it is hopeless to arrive at the truth.,high,Project Gutenberg #3289 - The Valley of Fear
VOF_T00523,the detective,"I’m the first to admit that, You get to your point, I admit; but you have such a deuced round-the-corner way of doing it.",high,Project Gutenberg #3289 - The Valley of Fear
VOF_T00531,the inspector,"Well, we’re bound to take you on your own terms, but when it comes to telling us to abandon the case—why in the name of goodness should we abandon the case?",high,Project Gutenberg #3289 - The Valley of Fear
VOF_T00540,Holmes,"Capital! Well, then, I should recommend a nice, cheery country walk for both of you. They tell me that the views from Birlstone Ridge over the Weald are very remarkable. No doubt lunch could be got at some suitable hostelry; though my ignorance of the country prevents me from recommending one. In the evening, tired but happy—",high,Project Gutenberg #3289 - The Valley of Fear
VOF_T00541,MacDonald,"Man, this is getting past a joke! Well, well, spend the day as you like,",high,Project Gutenberg #3289 - The Valley of Fear
VOF_T00547,the inspector,"It’s impossible, I’ve made inquiry.",high,Project Gutenberg #3289 - The Valley of Fear
VOF_T00553,my friend,"Well, gentlemen, I am asking you now to put everything to the test with me, and you will judge for yourselves whether the observations I have made justify the conclusions to which I have come. It is a chill evening, and I do not know how long our expedition may last; so I beg that you will wear your warmest coats. It is of the first importance that we should be in our places before it grows dark; so with your permission we shall get started at once.",high,Project Gutenberg #3289 - The Valley of Fear
VOF_T00554,MacDonald,"Well, what are we to do now? Possess our souls in patience and make as little noise as possible,",high,Project Gutenberg #3289 - The Valley of Fear
VOF_T00556,he,"Watson insists that I am the dramatist in real life, Some touch of the artist wells up within me, and calls insistently for a well-staged performance. Surely our profession, Mr. Mac, would be a drab and sordid one if we did not sometimes set the scene so as to glorify our results. The blunt accusation, the brutal tap upon the shoulder—what can one make of such a denouement? But the quick inference, the subtle trap, the clever forecast of coming events, the triumphant vindication of bold theories—are these not the pride and the justification of our life’s work? At the present moment you thrill with the glamour of the situation and the anticipation of the hunt. Where would be that thrill if I had been as definite as a timetable? I only ask a little patience, Mr. Mac, and all will be clear to you.",high,Project Gutenberg #3289 - The Valley of Fear
VOF_T00557,the London detective with,"Well, I hope the pride and justification and the rest of it will come before we all get our death of cold, How long is this to last?",high,Project Gutenberg #3289 - The Valley of Fear
VOF_T00561,Holmes,Now! Now!,high,Project Gutenberg #3289 - The Valley of Fear
VOF_T00568,Holmes,"Perhaps I should have said ‘replaced it there,’ You will remember, Inspector MacDonald, that I was somewhat struck by the absence of a dumb-bell. I drew your attention to it; but with the pressure of other events you had hardly the time to give it the consideration which would have enabled you to draw deductions from it. When water is near and a weight is missing it is not a very far-fetched supposition that something has been sunk in the water. The idea was at least worth testing; so with the help of Ames, who admitted me to the room, and the crook of Dr. Watson’s umbrella, I was able last night to fish up and inspect this bundle. “It was of the first importance, however, that we should be able to prove who placed it there. This we accomplished by the very obvious device of announcing that the moat would be dried to-morrow, which had, of course, the effect that whoever had hidden the bundle would most certainly withdraw it the moment that darkness enabled him to do so. We have no less than four witnesses as to who it was who took advantage of the opportunity, and so, Mr. Barker, I think the word lies now with you.",high,Project Gutenberg #3289 - The Valley of Fear
VOF_T00570,Holmes,"The clothes are commonplace, save only the overcoat, which is full of suggestive touches.",high,Project Gutenberg #3289 - The Valley of Fear
VOF_T00575,the inspector,"Well, if you take that line, Mr. Barker, we must just keep you in sight until we have the warrant and can hold you.",high,Project Gutenberg #3289 - The Valley of Fear
VOF_T00578,She,"Enough and more than enough, I have every sympathy with you, madam, and should strongly urge you to have some confidence in the common sense of our jurisdiction and to take the police voluntarily into your complete confidence. It may be that I am myself at fault for not following up the hint which you conveyed to me through my friend, Dr. Watson; but, at that time I had every reason to believe that you were directly concerned in the crime. Now I am assured that this is not so. At the same time, there is much that is unexplained, and I should strongly recommend that you ask Mr. Douglas to tell us his own story.",high,Project Gutenberg #3289 - The Valley of Fear
VOF_T00581,She,"Indeed, yes, Mr. Douglas, I am sure that you will find it best.",high,Project Gutenberg #3289 - The Valley of Fear
VOF_T00582,he,"I’ve heard of you, You are the historian of this bunch. Well, Dr. Watson, you’ve never had such a story as that pass through your hands before, and I’ll lay my last dollar on that. Tell it your own way; but there are the facts, and you can’t miss the public so long as you have those. I’ve been cooped up two days, and I’ve spent the daylight hours—as much daylight as I could get in that rat trap—in putting the thing into words. You’re welcome to them—you and your public. There’s the story of the Valley of Fear.",high,Project Gutenberg #3289 - The Valley of Fear
VOF_T00583,She,"That’s the past, Mr. Douglas, What we desire now is to hear your story of the present.",high,Project Gutenberg #3289 - The Valley of Fear
VOF_T00584,Douglas,"You’ll have it, sir, May I smoke as I talk? Well, thank you, Mr. Holmes. You’re a smoker yourself, if I remember right, and you’ll guess what it is to be sitting for two days with tobacco in your pocket and afraid that the smell will give you away.",high,Project Gutenberg #3289 - The Valley of Fear
VOF_T00589,Holmes,"Ah, Mr. Mac, you would not read that excellent local compilation which described the concealment of King Charles. People did not hide in those days without excellent hiding places, and the hiding place that has once been used may be again. I had persuaded myself that we should find Mr. Douglas under this roof.",high,Project Gutenberg #3289 - The Valley of Fear
VOF_T00590,the inspector,"And how long have you been playing this trick upon us, Mr. Holmes? How long have you allowed us to waste ourselves upon a search that you knew to be an absurd one?",high,Project Gutenberg #3289 - The Valley of Fear
VOF_T00592,Douglas approvingly,"Well, you figured it out about right, I thought I’d dodge your British law; for I was not sure how I stood under it, and also I saw my chance to throw these hounds once for all off my track. Mind you, from first to last I have done nothing to be ashamed of, and nothing that I would not do again; but you’ll judge that for yourselves when I tell you my story. Never mind warning me, Inspector: I’m ready to stand pat upon the truth. “I’m not going to begin at the beginning. That’s all there,",high,Project Gutenberg #3289 - The Valley of Fear
VOF_T00599,he,"The story is not over yet, I fear, You may find worse dangers than the English law, or even than your enemies from America. I see trouble before you, Mr. Douglas. You’ll take my advice and still be on your guard.",high,Project Gutenberg #3289 - The Valley of Fear
VOF_T00600,he,"Hullo, mate! You seem heeled and ready.",high,Project Gutenberg #3289 - The Valley of Fear
VOF_T00601,he,"Yes, we need them sometimes in the place I come from.",high,Project Gutenberg #3289 - The Valley of Fear
VOF_T00606,the workman,"You may find you need it here, Ah! is that so?",high,Project Gutenberg #3289 - The Valley of Fear
VOF_T00618,the workman,"I see you speak the truth, But it’s well to make certain.",high,Project Gutenberg #3289 - The Valley of Fear
VOF_T00619,the workman,"Dark nights are unpleasant, Yes, for strangers to travel,",high,Project Gutenberg #3289 - The Valley of Fear
VOF_T00623,McMurdo,"I found plenty of work to do, Then why did you leave?",high,Project Gutenberg #3289 - The Valley of Fear
VOF_T00630,McMurdo with the air,"It’s early days to talk of such things, I’ve my own good reasons for leaving Chicago, and let that be enough for you. Who are you that you should take it on yourself to ask such things?",high,Project Gutenberg #3289 - The Valley of Fear
VOF_T00642,one,"No offense, stranger, It was a warning for your own good, seeing that you are, by your own showing, new to the place.",high,Project Gutenberg #3289 - The Valley of Fear
VOF_T00643,McMurdo in cold fury,"I’m new to the place; but I’m not new to you and your kind! I guess you’re the same in all places, shoving your advice in when nobody asks for it.",high,Project Gutenberg #3289 - The Valley of Fear
VOF_T00644,one of the patrolmen,"Maybe we’ll see more of you before very long, You’re a real hand-picked one, if I am a judge.",high,Project Gutenberg #3289 - The Valley of Fear
VOF_T00645,the other,"I was thinking the same, I guess we may meet again.",high,Project Gutenberg #3289 - The Valley of Fear
VOF_T00646,McMurdo,"I’m not afraid of you, and don’t you think it! My name’s Jack McMurdo—see? If you want me, you’ll find me at Jacob Shafter’s on Sheridan Street, Vermissa; so I’m not hiding from you, am I? Day or night I dare to look the like of you in the face—don’t make any mistake about that!",high,Project Gutenberg #3289 - The Valley of Fear
VOF_T00650,the guide,"That’s the Union House, Jack McGinty is the boss there.",high,Project Gutenberg #3289 - The Valley of Fear
VOF_T00661,the miner,"Hush, on your life! Man, you won’t live long in these parts if you speak in the open street like that. Many a man has had the life beaten out of him for less.",high,Project Gutenberg #3289 - The Valley of Fear
VOF_T00665,McMurdo,"I thank you, I thought it was father,",high,Project Gutenberg #3289 - The Valley of Fear
VOF_T00669,she,"You are quick to make up your mind, Anyone but a blind man could do as much,",high,Project Gutenberg #3289 - The Valley of Fear
VOF_T00674,he,"Say, McMurdo, I remembered your address, so I made bold to call. I’m surprised that you’ve not reported to the Bodymaster. Why haven’t you seen Boss McGinty yet?",high,Project Gutenberg #3289 - The Valley of Fear
VOF_T00688,he,"You go and see him, my lad, It’s not the police but you that he’ll hate if you don’t! Now, take a friend’s advice and go at once!",high,Project Gutenberg #3289 - The Valley of Fear
VOF_T00689,he,"It seems to me, mister, that you are gettin’ set on my Ettie. Ain’t that so, or am I wrong?",high,Project Gutenberg #3289 - The Valley of Fear
VOF_T00701,he,"The Scowrers, are the Eminent Order of Freemen!",high,Project Gutenberg #3289 - The Valley of Fear
VOF_T00710,McMurdo earnestly,"See here! I want you to take back what you’ve said, or else make it good. One or the other you must do before I quit this room. Put yourself in my place. Here am I, a stranger in the town. I belong to a society that I know only as an innocent one. You’ll find it through the length and breadth of the States, but always as an innocent one. Now, when I am counting upon joining it here, you tell me that it is the same as a murder society called the Scowrers. I guess you owe me either an apology or else an explanation, Mr. Shafter.",high,Project Gutenberg #3289 - The Valley of Fear
VOF_T00712,McMurdo,"That’s just gossip—I want proof! If you live here long you vill get your proof. But I forget that you are yourself one of them. You vill soon be as bad as the rest. But you vill find other lodgings, mister. I cannot have you here. Is it not bad enough that one of these people come courting my Ettie, and that I dare not turn him down, but that I should have another for my boarder? Yes, indeed, you shall not sleep here after to-night!",high,Project Gutenberg #3289 - The Valley of Fear
VOF_T00715,the girl,"Oh, hush, Mr. McMurdo, don’t speak so! I have told you, have I not, that you are too late? There is another, and if I have not promised to marry him at once, at least I can promise no one else.",high,Project Gutenberg #3289 - The Valley of Fear
VOF_T00732,McMurdo,"No, I don’t know them, and I don’t fear them, and I don’t believe in them! I’ve lived among rough men, my darling, and instead of fearing them it has always ended that they have feared me—always, Ettie. It’s mad on the face of it! If these men, as your father says, have done crime after crime in the valley, and if everyone knows them by name, how comes it that none are brought to justice? You answer me that, Ettie!",high,Project Gutenberg #3289 - The Valley of Fear
VOF_T00741,she,"I’m glad to see you, Mr. Baldwin, You’re earlier than I had thought. Come and sit down.",high,Project Gutenberg #3289 - The Valley of Fear
VOF_T00744,Baldwin,Maybe Miss Ettie has told you how it is with us? I didn’t understand that there was any relation between you.,high,Project Gutenberg #3289 - The Valley of Fear
VOF_T00749,McMurdo,That I am! You never said a more welcome word.,high,Project Gutenberg #3289 - The Valley of Fear
VOF_T00750,poor,"For God’s sake, Jack! Oh, for God’s sake! Oh, Jack, Jack, he will hurt you!",high,Project Gutenberg #3289 - The Valley of Fear
VOF_T00751,Baldwin with an oath,"Oh, it’s Jack, is it? You’ve come to that already, have you?",high,Project Gutenberg #3289 - The Valley of Fear
VOF_T00753,McMurdo,"I think, Ettie, that if you were to leave us alone we could get this thing settled, Or maybe, Mr. Baldwin, you will take a turn down the street with me. It’s a fine evening, and there’s some open ground beyond the next block.",high,Project Gutenberg #3289 - The Valley of Fear
VOF_T00754,his enemy,"I’ll get even with you without needing to dirty my hands, You’ll wish you had never set foot in this house before I am through with you!",high,Project Gutenberg #3289 - The Valley of Fear
VOF_T00755,McMurdo,"No time like the present, I’ll choose my own time, mister. You can leave the time to me. See here!",high,Project Gutenberg #3289 - The Valley of Fear
VOF_T00762,McMurdo,"I was thinking the same thing, I’ll go right now and fix it. You can tell your father that I’ll sleep here to-night and find some other quarters in the morning.",high,Project Gutenberg #3289 - The Valley of Fear
VOF_T00766,a voice from the,"He’s Councillor McGinty, young man, I’m sorry, Councillor. I’m strange to the ways of the place. But I was advised to see you.",high,Project Gutenberg #3289 - The Valley of Fear
VOF_T00768,McMurdo,"Well, it’s early days. If your heart is as big as your body, and your soul as fine as your face, then I’d ask for nothing better, If your heart is as big as your body, and your soul as fine as your face, then I’d ask for nothing better, By Gar! you’ve got an Irish tongue in your head anyhow,",high,Project Gutenberg #3289 - The Valley of Fear
VOF_T00770,McMurdo,"Sure, And you were told to see me?",high,Project Gutenberg #3289 - The Valley of Fear
VOF_T00774,he,"Oh, it’s like that, is it? I’ll have to look a bit closer into this, Mister—",high,Project Gutenberg #3289 - The Valley of Fear
VOF_T00777,he,"See here, my joker, if I thought you were playing any game on us, it would be short work for you.",high,Project Gutenberg #3289 - The Valley of Fear
VOF_T00780,McGinty,"Ay, but it’s just that same that you have to prove, and God help you if you fail! Where were you made?",high,Project Gutenberg #3289 - The Valley of Fear
VOF_T00803,he,You wouldn’t squeal on a fellow? I’ll wipe my hand across your face if you say such words to me!,high,Project Gutenberg #3289 - The Valley of Fear
VOF_T00804,McMurdo meekly,"You are right, Councillor, I should apologize. I spoke without thought. Well, I know that I am safe in your hands. Look at that clipping.",high,Project Gutenberg #3289 - The Valley of Fear
VOF_T00815,he,"Those never passed the Philadelphia mint, You don’t say!",high,Project Gutenberg #3289 - The Valley of Fear
VOF_T00826,he,"So, you got here first, did you? I’ve a word to say to you, Councillor, about this man.",high,Project Gutenberg #3289 - The Valley of Fear
VOF_T00827,McMurdo,"Then say it here and now before my face, I’ll say it at my own time, in my own way.",high,Project Gutenberg #3289 - The Valley of Fear
VOF_T00828,McGinty,"Tut! Tut! This will never do. We have a new brother here, Baldwin, and it’s not for us to greet him in such fashion. Hold out your hand, man, and make it up!",high,Project Gutenberg #3289 - The Valley of Fear
VOF_T00829,Baldwin in a fury,"Never! I’ve offered to fight him if he thinks I have wronged him,",high,Project Gutenberg #3289 - The Valley of Fear
VOF_T00833,Baldwin,"Is she? As between two brothers of the lodge I should say that she was,",high,Project Gutenberg #3289 - The Valley of Fear
VOF_T00835,McGinty,"Yes, it is, Ted Baldwin, Is it you that would dispute it?",high,Project Gutenberg #3289 - The Valley of Fear
VOF_T00838,McGinty,"You’ve been asking for it this many a day, Ted Baldwin—now you’ve got it! Maybe you think if I was voted down from Bodymaster you would find yourself in my shoes. It’s for the lodge to say that. But so long as I am the chief I’ll have no man lift his voice against me or my rulings.",high,Project Gutenberg #3289 - The Valley of Fear
VOF_T00840,the other,"Well, then, we are all good friends again and there’s an end of the matter.",high,Project Gutenberg #3289 - The Valley of Fear
VOF_T00843,Baldwin,"The clouds are heavy, But they will forever brighten.",high,Project Gutenberg #3289 - The Valley of Fear
VOF_T00845,McGinty,"There! That’s the end of the black blood. You come under lodge discipline if it goes further, and that’s a heavy hand in these parts, as Brother Baldwin knows—and as you will damn soon find out, Brother McMurdo, if you ask for trouble!",high,Project Gutenberg #3289 - The Valley of Fear
VOF_T00851,the police officer,"A straight whisky; for the night is bitter, I don’t think we have met before, Councillor?",high,Project Gutenberg #3289 - The Valley of Fear
VOF_T00852,McGinty,"You’ll be the new captain? That’s so. We’re looking to you, Councillor, and to the other leading citizens, to help us in upholding law and order in this township. Captain Marvin is my name.",high,Project Gutenberg #3289 - The Valley of Fear
VOF_T00853,McGinty,"We’d do better without you, Captain Marvin, for we have our own police of the township, and no need for any imported goods. What are you but the paid tool of the capitalists, hired by them to club or shoot your poorer fellow citizen?",high,Project Gutenberg #3289 - The Valley of Fear
VOF_T00854,the police officer,"Well, well, we won’t argue about that, I expect we all do our duty same as we see it; but we can’t all see it the same.",high,Project Gutenberg #3289 - The Valley of Fear
VOF_T00857,he,"I was never a friend to you nor any other cursed copper in my life, An acquaintance isn’t always a friend,",high,Project Gutenberg #3289 - The Valley of Fear
VOF_T00859,he,"I’m not denying it, D’ye think I’m ashamed of my own name?",high,Project Gutenberg #3289 - The Valley of Fear
VOF_T00869,McMurdo in no very,"Well, I suppose you mean well, and I do thank you, It’s mum with me so long as I see you living on the straight,",high,Project Gutenberg #3289 - The Valley of Fear
VOF_T00871,of making what they,a clean job.,high,Project Gutenberg #3289 - The Valley of Fear
VOF_T00872,he,"The Bodymaster orders that he shall be trussed, blinded, and entered, John McMurdo,",high,Project Gutenberg #3289 - The Valley of Fear
VOF_T00875,the voice,"Dark nights are unpleasant, Yes, for strangers to travel,",high,Project Gutenberg #3289 - The Valley of Fear
VOF_T00884,the voice,"He is of stout heart, Can you bear pain?",high,Project Gutenberg #3289 - The Valley of Fear
VOF_T00887,he,"I can take more than that, One last word, Brother McMurdo,",high,Project Gutenberg #3289 - The Valley of Fear
VOF_T00889,McMurdo,"I am, And you accept the rule of the Bodymaster for the time being under all circumstances?",high,Project Gutenberg #3289 - The Valley of Fear
VOF_T00892,one,"We’ve all had it, but not all as brave as you over it.",high,Project Gutenberg #3289 - The Valley of Fear
VOF_T00893,he,"Tut! It was nothing, The first business on the agenda paper,",high,Project Gutenberg #3289 - The Valley of Fear
VOF_T00898,the volunteer,"I’ve no pistol, It’s your first, is it not? Well, you have to be blooded some time. It will be a great start for you. As to the pistol, you’ll find it waiting for you, or I’m mistaken. If you report yourselves on Monday, it will be time enough. You’ll get a great welcome when you return.",high,Project Gutenberg #3289 - The Valley of Fear
VOF_T00899,Cormac,Any reward this time? Tiger.,high,Project Gutenberg #3289 - The Valley of Fear
VOF_T00901,you,"What has the man done? Sure, it’s not for the likes of you to ask what the man has done. He has been judged over there. That’s no business of ours. All we have to do is to carry it out for them, same as they would for us. Speaking of that, two brothers from the Merton lodge are coming over to us next week to do some business in this quarter.",high,Project Gutenberg #3289 - The Valley of Fear
VOF_T00902,someone,"Who are they? Faith, it is wiser not to ask. If you know nothing, you can testify nothing, and no trouble can come of it. But they are men who will make a clean job when they are about it.",high,Project Gutenberg #3289 - The Valley of Fear
VOF_T00903,Ted Baldwin,"And time, too! Folk are gettin’ out of hand in these parts. It was only last week that three of our men were turned off by Foreman Blaker. It’s been owing him a long time, and he’ll get it full and proper.",high,Project Gutenberg #3289 - The Valley of Fear
VOF_T00905,the man with a,"The business end of a buckshot cartridge! What think you of our ways, Brother?",high,Project Gutenberg #3289 - The Valley of Fear
VOF_T00906,he,"I like it well, ’Tis a proper place for a lad of mettle.",high,Project Gutenberg #3289 - The Valley of Fear
VOF_T00907,the black-maned Bodymaster from,"What’s that? ’Tis our new brother, sir, who finds our ways to his taste.",high,Project Gutenberg #3289 - The Valley of Fear
VOF_T00909,the secretary,"I would move, that Brother McMurdo should wait until it is the good pleasure of the lodge to employ him.",high,Project Gutenberg #3289 - The Valley of Fear
VOF_T00910,McMurdo,"Sure, that was what I meant; I’m in your hands, Your time will come, Brother,",high,Project Gutenberg #3289 - The Valley of Fear
VOF_T00916,the treasurer,"The funds are good at the moment, The firms have been generous of late. Max Linder & Co. paid five hundred to be left alone. Walker Brothers sent in a hundred; but I took it on myself to return it and ask for five. If I do not hear by Wednesday, their winding gear may get out of order. We had to burn their breaker last year before they became reasonable. Then the West Section Coaling Company has paid its annual contribution. We have enough on hand to meet any obligations.",high,Project Gutenberg #3289 - The Valley of Fear
VOF_T00917,a brother,What about Archie Swindon? He has sold out and left the district. The old devil left a note for us to say that he had rather be a free crossing sweeper in New York than a large mine owner under the power of a ring of blackmailers. By Gar! it was as well that he made a break for it before the note reached us! I guess he won’t show his face in this valley again.,high,Project Gutenberg #3289 - The Valley of Fear
VOF_T00919,he,may I ask who has bought the property of this man that we have driven out of the district?,high,Project Gutenberg #3289 - The Valley of Fear
VOF_T00925,the chairman,"I don’t see, Brother Morris, that it matters to us who buys them, since they can’t carry them out of the district.",high,Project Gutenberg #3289 - The Valley of Fear
VOF_T00928,the speaker,that we go easier upon the small men. On the day that they have all been driven out the power of this society will have been broken.,high,Project Gutenberg #3289 - The Valley of Fear
VOF_T00929,he,"Brother Morris, you were always a croaker. So long as the members of this lodge stand together there is no power in the United States that can touch them. Sure, have we not tried it often enough in the lawcourts? I expect the big companies will find it easier to pay than to fight, same as the little companies do. And now, Brethren,",high,Project Gutenberg #3289 - The Valley of Fear
VOF_T00933,he,"Boys, there’s one man in this town that wants trimming up, and it’s for you to see that he gets it. I’m speaking of James Stanger of the Herald. You’ve seen how he’s been opening his mouth against us again?",high,Project Gutenberg #3289 - The Valley of Fear
VOF_T00934,the chairman,"‘Law and Order!’ That’s how he heads it. ‘Reign of Terror in the Coal and Iron District. Twelve years have now elapsed since the first assassinations which proved the existence of a criminal organization in our midst. From that day these outrages have never ceased, until now they have reached a pitch which makes us the opprobrium of the civilized world. Is it for such results as this that our great country welcomes to its bosom the alien who flies from the despotisms of Europe? Is it that they shall themselves become tyrants over the very men who have given them shelter, and that a state of terrorism and lawlessness should be established under the very shadow of the sacred folds of the starry Flag of Freedom which would raise horror in our minds if we read of it as existing under the most effete monarchy of the East? The men are known. The organization is patent and public. How long are we to endure it? Can we forever live—’ Sure, I’ve read enough of the slush! That’s what he says of us. The question I’m asking you is what shall we say to him?",high,Project Gutenberg #3289 - The Valley of Fear
VOF_T00935,a dozen fierce voices,"Kill him! I protest against that,",high,Project Gutenberg #3289 - The Valley of Fear
VOF_T00937,McGinty,"And how would they bring about our destruction, Mr. Standback? Is it by the police? Sure, half of them are in our pay and half of them afraid of us. Or is it by the law courts and the judge? Haven’t we tried that before now, and what ever came of it?",high,Project Gutenberg #3289 - The Valley of Fear
VOF_T00944,the young man,Sure! How many will you take?,high,Project Gutenberg #3289 - The Valley of Fear
VOF_T00949,Baldwin to McMurdo,"Here, you, you can stand below at the door and see that the road is kept open for us. Arthur Willaby can stay with you. You others come with me. Have no fears, boys; for we have a dozen witnesses that we are in the Union Bar at this very moment.",high,Project Gutenberg #3289 - The Valley of Fear
VOF_T00950,he,"You’ll kill the man, Drop it!",high,Project Gutenberg #3289 - The Valley of Fear
VOF_T00955,one of the men,"It’s truth he says, By Gar! you’d best hurry yourselves!",high,Project Gutenberg #3289 - The Valley of Fear
VOF_T00958,the older man,"I wanted to have a word with you, Mr. McMurdo, It was kind of you to come.",high,Project Gutenberg #3289 - The Valley of Fear
VOF_T00962,Morris with vehemence,"No, no, not always, Whatever we say, even what we think, seems to go back to that man McGinty.",high,Project Gutenberg #3289 - The Valley of Fear
VOF_T00963,McMurdo,"Look here! It was only last night, as you know well, that I swore good faith to our Bodymaster. Would you be asking me to break my oath?",high,Project Gutenberg #3289 - The Valley of Fear
VOF_T00964,Morris,"If that is the view you take, I can only say that I am sorry I gave you the trouble to come and meet me. Things have come to a bad pass when two free citizens cannot speak their thoughts to each other.",high,Project Gutenberg #3289 - The Valley of Fear
VOF_T00965,he,"Sure I spoke for myself only, I am a newcomer, as you know, and I am strange to it all. It is not for me to open my mouth, Mr. Morris, and if you think well to say anything to me I am here to hear it.",high,Project Gutenberg #3289 - The Valley of Fear
VOF_T00966,Morris bitterly,"And to take it back to Boss McGinty! Indeed, then, you do me injustice there,",high,Project Gutenberg #3289 - The Valley of Fear
VOF_T00968,Morris,"I have given up looking for either the one or the other, I may be putting my very life in your hands by what I say; but, bad as you are—and it seemed to me last night that you were shaping to be as bad as the worst—still you are new to it, and your conscience cannot yet be as hardened as theirs. That was why I thought to speak with you.",high,Project Gutenberg #3289 - The Valley of Fear
VOF_T00974,Morris,Call it crime! You have seen little of it if you can call it anything else. Was it crime last night when a man old enough to be your father was beaten till the blood dripped from his white hairs? Was that crime—or what else would you call it?,high,Project Gutenberg #3289 - The Valley of Fear
VOF_T00975,McMurdo,"There are some would say it was war, a war of two classes with all in, so that each struck as best it could.",high,Project Gutenberg #3289 - The Valley of Fear
VOF_T00979,he,"You were too soft for the job, You are the wrong sort for such work.",high,Project Gutenberg #3289 - The Valley of Fear
VOF_T00981,McMurdo abruptly,What would you do? You would not inform?,high,Project Gutenberg #3289 - The Valley of Fear
VOF_T00982,Morris,"God forbid! Sure, the very thought would cost me my life.",high,Project Gutenberg #3289 - The Valley of Fear
VOF_T00983,McMurdo,"That’s well, I’m thinking that you are a weak man and that you make too much of the matter.",high,Project Gutenberg #3289 - The Valley of Fear
VOF_T00985,McMurdo,"Well, I’ll let you know what I think when I have seen more, What is very clear is that you are not the man for the place, and that the sooner you sell out—if you only get a dime a dollar for what the business is worth—the better it will be for you. What you have said is safe with me; but, by Gar! if I thought you were an informer—",high,Project Gutenberg #3289 - The Valley of Fear
VOF_T00986,Morris,"No, no! Well, let it rest at that. I’ll bear what you have said in mind, and maybe some day I’ll come back to it. I expect you meant kindly by speaking to me like this. Now I’ll be getting home.",high,Project Gutenberg #3289 - The Valley of Fear
VOF_T00987,Morris,"One word before you go, We may have been seen together. They may want to know what we have spoken about.",high,Project Gutenberg #3289 - The Valley of Fear
VOF_T00998,the other,to those that are loyal and go through with it and are a help to the lodge. What were you speaking to Brother Morris about on Miller Hill this morning?,high,Project Gutenberg #3289 - The Valley of Fear
VOF_T01007,McMurdo,"It may be enough for most folk; but it ain’t enough for me, Councillor, If you are a judge of men, you’ll know that.",high,Project Gutenberg #3289 - The Valley of Fear
VOF_T01008,he,"You’re a queer card, for sure, Well, if you want reasons, I’ll give them. Did Morris say nothing to you against the lodge?",high,Project Gutenberg #3289 - The Valley of Fear
VOF_T01015,McGinty,"Well, that’s enough, I came down to give you a word in season, and you’ve had it.",high,Project Gutenberg #3289 - The Valley of Fear
VOF_T01016,McMurdo,"I’d like to know, how you ever came to learn that I had spoken with Morris at all?",high,Project Gutenberg #3289 - The Valley of Fear
VOF_T01017,he,"It’s my business to know what goes on in this township, I guess you’d best reckon on my hearing all that passes. Well, time’s up, and I’ll just say—",high,Project Gutenberg #3289 - The Valley of Fear
VOF_T01018,he,"I thought you’d be getting into trouble, Mr. Crooked McMurdo of Chicago, Can’t keep out of it, can you? Take your hat and come along with us.",high,Project Gutenberg #3289 - The Valley of Fear
VOF_T01019,McGinty,"I guess you’ll pay for this, Captain Marvin, Who are you, I’d like to know, to break into a house in this fashion and molest honest, law-abiding men?",high,Project Gutenberg #3289 - The Valley of Fear
VOF_T01020,the police captain,"You’re standing out in this deal, Councillor McGinty, We are not out after you, but after this man McMurdo. It is for you to help, not to hinder us in our duty.",high,Project Gutenberg #3289 - The Valley of Fear
VOF_T01021,the Boss,"He is a friend of mine, and I’ll answer for his conduct, By all accounts, Mr. McGinty, you may have to answer for your own conduct some of these days,",high,Project Gutenberg #3289 - The Valley of Fear
VOF_T01023,McMurdo,"There’s my pistol, Maybe, Captain Marvin, if you and I were alone and face to face you would not take me so easily.",high,Project Gutenberg #3289 - The Valley of Fear
VOF_T01024,McGinty,"Where’s your warrant? By Gar! a man might as well live in Russia as in Vermissa while folk like you are running the police. It’s a capitalist outrage, and you’ll hear more of it, I reckon.",high,Project Gutenberg #3289 - The Valley of Fear
VOF_T01026,McMurdo,What am I accused of? Of being concerned in the beating of old Editor Stanger at the Herald office. It wasn’t your fault that it isn’t a murder charge.,high,Project Gutenberg #3289 - The Valley of Fear
VOF_T01027,McGinty,"Well, if that’s all you have against him, you can save yourself a deal of trouble by dropping it right now. This man was with me in my saloon playing poker up to midnight, and I can bring a dozen to prove it.",high,Project Gutenberg #3289 - The Valley of Fear
VOF_T01030,McMurdo,"All right, I’ll bid you good-bye,",high,Project Gutenberg #3289 - The Valley of Fear
VOF_T01037,the oldsters to one,"He’ll be the boy for the clean job, It’s you!",high,Project Gutenberg #3289 - The Valley of Fear
VOF_T01050,she,why will you not show me the letter?,high,Project Gutenberg #3289 - The Valley of Fear
VOF_T01051,he,"I’ll tell you, acushla, I’m under oath not to show it, and just as I wouldn’t break my word to you so I would keep it to those who hold my promise. It’s the business of the lodge, and even to you it’s secret. And if I was scared when a hand fell on me, can’t you understand it when it might have been the hand of a detective?",high,Project Gutenberg #3289 - The Valley of Fear
VOF_T01063,he,"Sure, it is the second time I have heard the valley so named, The shadow does indeed seem to lie heavy on some of you.",high,Project Gutenberg #3289 - The Valley of Fear
VOF_T01073,Scanlan,"Sure, we are all in it together, That’s true enough, and we’ll talk till the cows come home of the killing of Charlie Williams or of Simon Bird, or any other job in the past. But till the work is done we say nothing.",high,Project Gutenberg #3289 - The Valley of Fear
VOF_T01074,McMurdo,"There are half a dozen about here that I have a word to say to, I suppose it isn’t Jack Knox of Ironhill that you are after. I’d go some way to see him get his deserts.",high,Project Gutenberg #3289 - The Valley of Fear
VOF_T01079,present at what they,the fun.,high,Project Gutenberg #3289 - The Valley of Fear
VOF_T01085,he,"See here, my lad, I’ve got a job that’s worthy of you at last. You’ll have the doing of it in your own hands.",high,Project Gutenberg #3289 - The Valley of Fear
VOF_T01103,McGinty,"Very good, I leave it with you. It will be a great day when you bring us the news. It’s just the last stroke that will bring them all to their knees.",high,Project Gutenberg #3289 - The Valley of Fear
VOF_T01104,McMurdo,"Leave him to me, He’s my man, and I’ll get him sure if I have to wait a year for him.",high,Project Gutenberg #3289 - The Valley of Fear
VOF_T01111,he,"That’s the physic for the likes of you, Now let me hear of it.",high,Project Gutenberg #3289 - The Valley of Fear
VOF_T01112,he,"I can tell it to you all in one sentence, There’s a detective on our trail.",high,Project Gutenberg #3289 - The Valley of Fear
VOF_T01135,he,"I’ve got him. What a fool I was not to know it. Lord! but we’re in luck! We will fix him before he can do any harm. See here, Morris, will you leave this thing in my hands?",high,Project Gutenberg #3289 - The Valley of Fear
VOF_T01143,McMurdo,"Self-protection is no murder, anyhow, It’s him or us. I guess this man would destroy us all if we left him long in the valley. Why, Brother Morris, we’ll have to elect you Bodymaster yet; for you’ve surely saved the lodge.",high,Project Gutenberg #3289 - The Valley of Fear
VOF_T01159,the chairman,"Indeed, it’s glad we are to see you, Brother! There’s business here that wants a Solomon in judgment to set it right.",high,Project Gutenberg #3289 - The Valley of Fear
VOF_T01160,his neighbour as he,"It’s Lander and Egan, They both claim the head money given by the lodge for the shooting of old man Crabbe over at Stylestown, and who’s to say which fired the bullet?",high,Project Gutenberg #3289 - The Valley of Fear
VOF_T01163,McGinty,"Brother McMurdo claims urgency, It’s a claim that by the rules of this lodge takes precedence. Now Brother, we attend you.",high,Project Gutenberg #3289 - The Valley of Fear
VOF_T01165,he,"I am the bearer of ill news this day; but it is better that it should be known and discussed, than that a blow should fall upon us without warning which would destroy us all. I have information that the most powerful and richest organizations in this state have bound themselves together for our destruction, and that at this very moment there is a Pinkerton detective, one Birdy Edwards, at work in the valley collecting the evidence which may put a rope round the necks of many of us, and send every man in this room into a felon’s cell. That is the situation for the discussion of which I have made a claim of urgency.",high,Project Gutenberg #3289 - The Valley of Fear
VOF_T01168,one of the older,"Let me say, Mr. Chairman, that I have heard of Birdy Edwards, and that he has the name of being the best man in the Pinkerton service.",high,Project Gutenberg #3289 - The Valley of Fear
VOF_T01169,McGinty,"Does anyone know him by sight? Yes,",high,Project Gutenberg #3289 - The Valley of Fear
VOF_T01178,McMurdo,"Eminent Bodymaster, I would put it to you that this is too vital a thing for us to discuss in open lodge. God forbid that I should throw a doubt on anyone here; but if so much as a word of gossip got to the ears of this man, there would be an end of any chance of our getting him. I would ask the lodge to choose a trusty committee, Mr. Chairman—yourself, if I might suggest it, and Brother Baldwin here, and five more. Then I can talk freely of what I know and of what I advise should be done.",high,Project Gutenberg #3289 - The Valley of Fear
VOF_T01187,McGinty,"By Gar! I believe you are right, But what do you allow that we should do about it?",high,Project Gutenberg #3289 - The Valley of Fear
VOF_T01190,McMurdo,"I’d start this next minute if I knew where we could find him, He’s in Hobson’s Patch; but I don’t know the house. I’ve got a plan, though, if you’ll only take my advice.",high,Project Gutenberg #3289 - The Valley of Fear
VOF_T01199,McGinty,"There’s not a weak man in the lodge, True as steel, every man of them. And yet, by the Lord! there is that skunk Morris. What about him? If any man gives us away, it would be he. I’ve a mind to send a couple of the boys round before evening to give him a beating up and see what they can get from him.",high,Project Gutenberg #3289 - The Valley of Fear
VOF_T01202,McGinty with an oath,I’ll fix the old devil! I’ve had my eye on him this year past.,high,Project Gutenberg #3289 - The Valley of Fear
VOF_T01205,McGinty,"True for you, And we’ll learn from Birdy Edwards himself where he got his news if we have to cut his heart out first. Did he seem to scent a trap?",high,Project Gutenberg #3289 - The Valley of Fear
VOF_T01211,McGinty grimly,"Faith, he’s right there, Didn’t he ask you why you didn’t bring him the papers?",high,Project Gutenberg #3289 - The Valley of Fear
VOF_T01213,McGinty,"Ay, I heard of that, I guess the heavy end of this business is coming on to you. We could put him down an old shaft when we’ve done with him; but however we work it we can’t get past the man living at Hobson’s Patch and you being there to-day.",high,Project Gutenberg #3289 - The Valley of Fear
VOF_T01214,he,"If we handle it right, they can never prove the killing, No one can see him come to the house after dark, and I’ll lay to it that no one will see him go. Now see here, Councillor, I’ll show you my plan and I’ll ask you to fit the others into it. You will all come in good time. Very well. He comes at ten. He is to tap three times, and me to open the door for him. Then I’ll get behind him and shut it. He’s our man then.",high,Project Gutenberg #3289 - The Valley of Fear
VOF_T01221,McGinty,"It’s a good plan, The lodge will owe you a debt for this. I guess when I move out of the chair I can put a name to the man that’s coming after me.",high,Project Gutenberg #3289 - The Valley of Fear
VOF_T01222,McMurdo,"Sure, Councillor, I am little more than a recruit, And if I were you, Mike Scanlan, I would take a night off and keep clear of it. There will be bloody work here before morning.",high,Project Gutenberg #3289 - The Valley of Fear
VOF_T01225,he,"That will do, Ay,",high,Project Gutenberg #3289 - The Valley of Fear
VOF_T01230,the secretary,"Maybe he won’t come. Maybe he’ll get a sniff of danger, He’ll come, never fear,",high,Project Gutenberg #3289 - The Valley of Fear
VOF_T01237,Boss McGinty at last,Well! Is he here? Is Birdy Edwards here?,high,Project Gutenberg #3289 - The Valley of Fear
VOF_T01248,he,"I’ve had bad news—terrible news, Mr. Holmes, I feared as much,",high,Project Gutenberg #3289 - The Valley of Fear
VOF_T01254,Holmes,"Ha! It came like that, did it? Well, I’ve no doubt it was well stage-managed.",high,Project Gutenberg #3289 - The Valley of Fear
VOF_T01260,Holmes,"No, no, my good sir, There is a master hand here. It is no case of sawed-off shotguns and clumsy six-shooters. You can tell an old master by the sweep of his brush. I can tell a Moriarty when I see one. This crime is from London, not from America.",high,Project Gutenberg #3289 - The Valley of Fear
VOF_T01266,Holmes,"No, I don’t say that, I don’t say that he can’t be beat. But you must give me time—you must give me time!",high,Project Gutenberg #3289 - The Valley of Fear
