candidate_id,turn_id,decision,reason,speaker
OWT_C00033,OWT_T00001,START_NEW_TURN,FIRST_NAMED_SPEAKER,Sophia
OWT_C00035,OWT_T00002,START_NEW_TURN,NEW_EXPLICIT_SPEAKER,Constance
OWT_C00037,OWT_T00003,START_NEW_TURN,NEW_EXPLICIT_SPEAKER,Sophia
OWT_C00044,OWT_T00004,START_NEW_TURN,NEW_EXPLICIT_SPEAKER,Constance
OWT_C00046,OWT_T00005,START_NEW_TURN,NEW_EXPLICIT_SPEAKER,Sophia
OWT_C00048,OWT_T00006,START_NEW_TURN,NEW_EXPLICIT_SPEAKER,Constance
OWT_C00064,OWT_T00007,START_NEW_TURN,NEW_EXPLICIT_SPEAKER,Sophia
OWT_C00067,OWT_T00008,SEPARATE_SAME_SPEAKER,CONSERVATIVE_NO_AUTOMATIC_MERGE,Sophia
OWT_C00071,OWT_T00009,START_NEW_TURN,NEW_EXPLICIT_SPEAKER,Constance
OWT_C00074,OWT_T00010,START_NEW_TURN,NEW_EXPLICIT_SPEAKER,Mr. Povey
OWT_C00075,OWT_T00011,START_NEW_TURN,NEW_EXPLICIT_SPEAKER,Constance
OWT_C00076,OWT_T00012,START_NEW_TURN,NEW_EXPLICIT_SPEAKER,Mr. Povey
OWT_C00077,OWT_T00013,START_NEW_TURN,NEW_EXPLICIT_SPEAKER,Constance
OWT_C00078,OWT_T00014,START_NEW_TURN,NEW_EXPLICIT_SPEAKER,Mr. Povey
OWT_C00082,OWT_T00015,SEPARATE_SAME_SPEAKER,CONSERVATIVE_NO_AUTOMATIC_MERGE,Mr. Povey
OWT_C00088,OWT_T00016,START_NEW_TURN,NEW_EXPLICIT_SPEAKER,Sophia
OWT_C00091,OWT_T00017,SEPARATE_SAME_SPEAKER,CONSERVATIVE_NO_AUTOMATIC_MERGE,Sophia
OWT_C00096,OWT_T00018,SEPARATE_SAME_SPEAKER,CONSERVATIVE_NO_AUTOMATIC_MERGE,Sophia
OWT_C00099,OWT_T00019,SEPARATE_SAME_SPEAKER,CONSERVATIVE_NO_AUTOMATIC_MERGE,Sophia
OWT_C00100,OWT_T00020,START_NEW_TURN,NEW_EXPLICIT_SPEAKER,Constance
OWT_C00116,OWT_T00021,START_NEW_TURN,NEW_EXPLICIT_SPEAKER,Sophia
OWT_C00122,OWT_T00022,START_NEW_TURN,NEW_EXPLICIT_SPEAKER,Mr. Povey
OWT_C00124,OWT_T00023,SEPARATE_SAME_SPEAKER,CONSERVATIVE_NO_AUTOMATIC_MERGE,Mr. Povey
OWT_C00135,OWT_T00024,START_NEW_TURN,NEW_EXPLICIT_SPEAKER,Constance
OWT_C00137,OWT_T00025,SEPARATE_SAME_SPEAKER,CONSERVATIVE_NO_AUTOMATIC_MERGE,Constance
OWT_C00138,OWT_T00026,START_NEW_TURN,NEW_EXPLICIT_SPEAKER,Sophia
OWT_C00141,OWT_T00027,START_NEW_TURN,NEW_EXPLICIT_SPEAKER,Constance
OWT_C00143,OWT_T00028,SEPARATE_SAME_SPEAKER,CONSERVATIVE_NO_AUTOMATIC_MERGE,Constance
OWT_C00146,OWT_T00029,SEPARATE_SAME_SPEAKER,CONSERVATIVE_NO_AUTOMATIC_MERGE,Constance
OWT_C00157,OWT_T00030,SEPARATE_SAME_SPEAKER,CONSERVATIVE_NO_AUTOMATIC_MERGE,Constance
OWT_C00161,OWT_T00031,START_NEW_TURN,NEW_EXPLICIT_SPEAKER,Mrs. Baines
OWT_C00168,OWT_T00032,SEPARATE_REVIEW_TURN,UNKNOWN_OR_PRONOUN_ATTRIBUTION,Unknown
OWT_C00169,OWT_T00033,START_NEW_TURN,NEW_EXPLICIT_SPEAKER,Mrs. Baines
OWT_C00171,OWT_T00034,START_NEW_TURN,NEW_EXPLICIT_SPEAKER,Sophia
OWT_C00173,OWT_T00035,SEPARATE_SAME_SPEAKER,CONSERVATIVE_NO_AUTOMATIC_MERGE,Sophia
OWT_C00176,OWT_T00036,START_NEW_TURN,NEW_EXPLICIT_SPEAKER,Mrs. Baines
OWT_C00180,OWT_T00037,START_NEW_TURN,NEW_EXPLICIT_SPEAKER,Sophia
OWT_C00182,OWT_T00038,SEPARATE_SAME_SPEAKER,CONSERVATIVE_NO_AUTOMATIC_MERGE,Sophia
OWT_C00187,OWT_T00039,START_NEW_TURN,NEW_EXPLICIT_SPEAKER,Mrs. Baines
OWT_C00189,OWT_T00040,SEPARATE_SAME_SPEAKER,CONSERVATIVE_NO_AUTOMATIC_MERGE,Mrs. Baines
OWT_C00194,OWT_T00041,SEPARATE_REVIEW_TURN,UNKNOWN_OR_PRONOUN_ATTRIBUTION,Unknown
OWT_C00195,OWT_T00042,START_NEW_TURN,NEW_EXPLICIT_SPEAKER,Mrs. Baines
OWT_C00196,OWT_T00043,START_NEW_TURN,NEW_EXPLICIT_SPEAKER,Mr. Povey
OWT_C00197,OWT_T00044,START_NEW_TURN,NEW_EXPLICIT_SPEAKER,Mrs. Baines
OWT_C00198,OWT_T00045,SEPARATE_REVIEW_TURN,UNKNOWN_OR_PRONOUN_ATTRIBUTION,Unknown
OWT_C00199,OWT_T00046,START_NEW_TURN,NEW_EXPLICIT_SPEAKER,Mrs. Baines
OWT_C00214,OWT_T00047,SEPARATE_REVIEW_TURN,UNKNOWN_OR_PRONOUN_ATTRIBUTION,Unknown
OWT_C00216,OWT_T00048,START_NEW_TURN,NEW_EXPLICIT_SPEAKER,Constance
OWT_C00217,OWT_T00049,START_NEW_TURN,NEW_EXPLICIT_SPEAKER,Mrs. Baines
OWT_C00220,OWT_T00050,START_NEW_TURN,NEW_EXPLICIT_SPEAKER,Mr. Povey
OWT_C00221,OWT_T00051,START_NEW_TURN,NEW_EXPLICIT_SPEAKER,Mrs. Baines
OWT_C00223,OWT_T00052,START_NEW_TURN,NEW_EXPLICIT_SPEAKER,Constance
OWT_C00224,OWT_T00053,START_NEW_TURN,NEW_EXPLICIT_SPEAKER,Mr. Povey
OWT_C00232,OWT_T00054,START_NEW_TURN,NEW_EXPLICIT_SPEAKER,Mrs. Baines
OWT_C00233,OWT_T00055,SEPARATE_REVIEW_TURN,UNKNOWN_OR_PRONOUN_ATTRIBUTION,Unknown
OWT_C00234,OWT_T00056,START_NEW_TURN,NEW_EXPLICIT_SPEAKER,Mrs. Baines
OWT_C00239,OWT_T00057,SEPARATE_SAME_SPEAKER,CONSERVATIVE_NO_AUTOMATIC_MERGE,Mrs. Baines
OWT_C00243,OWT_T00058,SEPARATE_SAME_SPEAKER,CONSERVATIVE_NO_AUTOMATIC_MERGE,Mrs. Baines
OWT_C00251,OWT_T00059,SEPARATE_SAME_SPEAKER,CONSERVATIVE_NO_AUTOMATIC_MERGE,Mrs. Baines
OWT_C00256,OWT_T00060,START_NEW_TURN,NEW_EXPLICIT_SPEAKER,Sophia
OWT_C00257,OWT_T00061,START_NEW_TURN,NEW_EXPLICIT_SPEAKER,Mrs. Baines
OWT_C00265,OWT_T00062,SEPARATE_REVIEW_TURN,UNKNOWN_OR_PRONOUN_ATTRIBUTION,Unknown
OWT_C00282,OWT_T00063,START_NEW_TURN,NEW_EXPLICIT_SPEAKER,Mrs. Baines
OWT_C00288,OWT_T00064,START_NEW_TURN,NEW_EXPLICIT_SPEAKER,Constance
OWT_C00292,OWT_T00065,START_NEW_TURN,NEW_EXPLICIT_SPEAKER,Sophia
OWT_C00297,OWT_T00066,START_NEW_TURN,NEW_EXPLICIT_SPEAKER,Mrs. Baines
OWT_C00299,OWT_T00067,START_NEW_TURN,NEW_EXPLICIT_SPEAKER,Sophia
OWT_C00300,OWT_T00068,START_NEW_TURN,NEW_EXPLICIT_SPEAKER,Mrs. Baines
OWT_C00301,OWT_T00069,START_NEW_TURN,NEW_EXPLICIT_SPEAKER,Sophia
OWT_C00303,OWT_T00070,START_NEW_TURN,NEW_EXPLICIT_SPEAKER,Mrs. Baines
OWT_C00305,OWT_T00071,START_NEW_TURN,NEW_EXPLICIT_SPEAKER,Sophia
OWT_C00310,OWT_T00072,SEPARATE_SAME_SPEAKER,CONSERVATIVE_NO_AUTOMATIC_MERGE,Sophia
OWT_C00314,OWT_T00073,START_NEW_TURN,NEW_EXPLICIT_SPEAKER,Mrs. Baines
OWT_C00317,OWT_T00074,START_NEW_TURN,NEW_EXPLICIT_SPEAKER,Sophia
OWT_C00322,OWT_T00075,SEPARATE_SAME_SPEAKER,CONSERVATIVE_NO_AUTOMATIC_MERGE,Sophia
OWT_C00324,OWT_T00076,START_NEW_TURN,NEW_EXPLICIT_SPEAKER,Mrs. Baines
OWT_C00326,OWT_T00077,SEPARATE_SAME_SPEAKER,CONSERVATIVE_NO_AUTOMATIC_MERGE,Mrs. Baines
OWT_C00327,OWT_T00078,SEPARATE_SAME_SPEAKER,CONSERVATIVE_NO_AUTOMATIC_MERGE,Mrs. Baines
OWT_C00331,OWT_T00079,START_NEW_TURN,NEW_EXPLICIT_SPEAKER,Sophia
OWT_C00332,OWT_T00080,START_NEW_TURN,NEW_EXPLICIT_SPEAKER,Mrs. Baines
OWT_C00336,OWT_T00081,SEPARATE_SAME_SPEAKER,CONSERVATIVE_NO_AUTOMATIC_MERGE,Mrs. Baines
OWT_C00351,OWT_T00082,SEPARATE_SAME_SPEAKER,CONSERVATIVE_NO_AUTOMATIC_MERGE,Mrs. Baines
OWT_C00352,OWT_T00083,SEPARATE_SAME_SPEAKER,CONSERVATIVE_NO_AUTOMATIC_MERGE,Mrs. Baines
OWT_C00353,OWT_T00084,START_NEW_TURN,NEW_EXPLICIT_SPEAKER,Maggie
OWT_C00354,OWT_T00085,START_NEW_TURN,NEW_EXPLICIT_SPEAKER,Mrs. Baines
OWT_C00357,OWT_T00086,START_NEW_TURN,NEW_EXPLICIT_SPEAKER,Miss Chetwynd
OWT_C00359,OWT_T00087,START_NEW_TURN,NEW_EXPLICIT_SPEAKER,Mrs. Baines
OWT_C00360,OWT_T00088,START_NEW_TURN,NEW_EXPLICIT_SPEAKER,Miss Chetwynd
OWT_C00362,OWT_T00089,START_NEW_TURN,NEW_EXPLICIT_SPEAKER,Mrs. Baines
OWT_C00366,OWT_T00090,SEPARATE_SAME_SPEAKER,CONSERVATIVE_NO_AUTOMATIC_MERGE,Mrs. Baines
OWT_C00367,OWT_T00091,START_NEW_TURN,NEW_EXPLICIT_SPEAKER,Miss Chetwynd
OWT_C00371,OWT_T00092,SEPARATE_SAME_SPEAKER,CONSERVATIVE_NO_AUTOMATIC_MERGE,Miss Chetwynd
OWT_C00373,OWT_T00093,START_NEW_TURN,NEW_EXPLICIT_SPEAKER,Mrs. Baines
OWT_C00374,OWT_T00094,START_NEW_TURN,NEW_EXPLICIT_SPEAKER,Miss Chetwynd
OWT_C00376,OWT_T00095,SEPARATE_SAME_SPEAKER,CONSERVATIVE_NO_AUTOMATIC_MERGE,Miss Chetwynd
OWT_C00377,OWT_T00096,START_NEW_TURN,NEW_EXPLICIT_SPEAKER,Mrs. Baines
OWT_C00379,OWT_T00097,SEPARATE_SAME_SPEAKER,CONSERVATIVE_NO_AUTOMATIC_MERGE,Mrs. Baines
OWT_C00381,OWT_T00098,SEPARATE_SAME_SPEAKER,CONSERVATIVE_NO_AUTOMATIC_MERGE,Mrs. Baines
OWT_C00385,OWT_T00099,START_NEW_TURN,NEW_EXPLICIT_SPEAKER,Sophia
OWT_C00387,OWT_T00100,SEPARATE_SAME_SPEAKER,CONSERVATIVE_NO_AUTOMATIC_MERGE,Sophia
OWT_C00388,OWT_T00101,START_NEW_TURN,NEW_EXPLICIT_SPEAKER,Constance
OWT_C00392,OWT_T00102,START_NEW_TURN,NEW_EXPLICIT_SPEAKER,Mrs. Baines
OWT_C00393,OWT_T00103,START_NEW_TURN,NEW_EXPLICIT_SPEAKER,Sophia
OWT_C00397,OWT_T00104,START_NEW_TURN,NEW_EXPLICIT_SPEAKER,Mr. Povey
OWT_C00401,OWT_T00105,SEPARATE_REVIEW_TURN,UNKNOWN_OR_PRONOUN_ATTRIBUTION,Unknown
OWT_C00411,OWT_T00106,SEPARATE_REVIEW_TURN,UNKNOWN_OR_PRONOUN_ATTRIBUTION,Unknown
OWT_C00414,OWT_T00107,SEPARATE_REVIEW_TURN,UNKNOWN_OR_PRONOUN_ATTRIBUTION,Unknown
OWT_C00419,OWT_T00108,SEPARATE_REVIEW_TURN,UNKNOWN_OR_PRONOUN_ATTRIBUTION,Unknown
OWT_C00431,OWT_T00109,START_NEW_TURN,NEW_EXPLICIT_SPEAKER,Maggie
OWT_C00439,OWT_T00110,START_NEW_TURN,NEW_EXPLICIT_SPEAKER,Sophia
OWT_C00442,OWT_T00111,START_NEW_TURN,NEW_EXPLICIT_SPEAKER,Mr. Critchlow
OWT_C00448,OWT_T00112,SEPARATE_SAME_SPEAKER,CONSERVATIVE_NO_AUTOMATIC_MERGE,Mr. Critchlow
OWT_C00451,OWT_T00113,START_NEW_TURN,NEW_EXPLICIT_SPEAKER,Sophia
OWT_C00453,OWT_T00114,START_NEW_TURN,NEW_EXPLICIT_SPEAKER,Mrs. Baines
OWT_C00470,OWT_T00115,START_NEW_TURN,NEW_EXPLICIT_SPEAKER,Mrs. Maddack
OWT_C00472,OWT_T00116,SEPARATE_SAME_SPEAKER,CONSERVATIVE_NO_AUTOMATIC_MERGE,Mrs. Maddack
OWT_C00475,OWT_T00117,START_NEW_TURN,NEW_EXPLICIT_SPEAKER,Mrs. Baines
OWT_C00476,OWT_T00118,START_NEW_TURN,NEW_EXPLICIT_SPEAKER,Mr. Povey
OWT_C00480,OWT_T00119,START_NEW_TURN,NEW_EXPLICIT_SPEAKER,Mrs. Baines
OWT_C00482,OWT_T00120,SEPARATE_SAME_SPEAKER,CONSERVATIVE_NO_AUTOMATIC_MERGE,Mrs. Baines
OWT_C00485,OWT_T00121,SEPARATE_SAME_SPEAKER,CONSERVATIVE_NO_AUTOMATIC_MERGE,Mrs. Baines
OWT_C00499,OWT_T00122,SEPARATE_SAME_SPEAKER,CONSERVATIVE_NO_AUTOMATIC_MERGE,Mrs. Baines
OWT_C00500,OWT_T00123,SEPARATE_SAME_SPEAKER,CONSERVATIVE_NO_AUTOMATIC_MERGE,Mrs. Baines
OWT_C00502,OWT_T00124,START_NEW_TURN,NEW_EXPLICIT_SPEAKER,Mr. Povey
OWT_C00503,OWT_T00125,START_NEW_TURN,NEW_EXPLICIT_SPEAKER,Mrs. Baines
OWT_C00504,OWT_T00126,START_NEW_TURN,NEW_EXPLICIT_SPEAKER,Sophia
OWT_C00505,OWT_T00127,START_NEW_TURN,NEW_EXPLICIT_SPEAKER,Gerald Scales
OWT_C00510,OWT_T00128,START_NEW_TURN,NEW_EXPLICIT_SPEAKER,Mr. Povey
OWT_C00512,OWT_T00129,START_NEW_TURN,NEW_EXPLICIT_SPEAKER,Mrs. Baines
OWT_C00514,OWT_T00130,SEPARATE_SAME_SPEAKER,CONSERVATIVE_NO_AUTOMATIC_MERGE,Mrs. Baines
OWT_C00515,OWT_T00131,START_NEW_TURN,NEW_EXPLICIT_SPEAKER,Mr. Scales
OWT_C00516,OWT_T00132,START_NEW_TURN,NEW_EXPLICIT_SPEAKER,Mrs. Baines
OWT_C00517,OWT_T00133,START_NEW_TURN,NEW_EXPLICIT_SPEAKER,Mr. Scales
OWT_C00519,OWT_T00134,START_NEW_TURN,NEW_EXPLICIT_SPEAKER,Mrs. Baines
OWT_C00524,OWT_T00135,SEPARATE_SAME_SPEAKER,CONSERVATIVE_NO_AUTOMATIC_MERGE,Mrs. Baines
OWT_C00525,OWT_T00136,START_NEW_TURN,NEW_EXPLICIT_SPEAKER,Mr. Scales
OWT_C00526,OWT_T00137,START_NEW_TURN,NEW_EXPLICIT_SPEAKER,Mr. Povey
OWT_C00527,OWT_T00138,START_NEW_TURN,NEW_EXPLICIT_SPEAKER,Mr. Scales
OWT_C00528,OWT_T00139,START_NEW_TURN,NEW_EXPLICIT_SPEAKER,Mr. Povey
OWT_C00529,OWT_T00140,START_NEW_TURN,NEW_EXPLICIT_SPEAKER,Mr. Scales
OWT_C00535,OWT_T00141,START_NEW_TURN,NEW_EXPLICIT_SPEAKER,Mr. Povey
OWT_C00538,OWT_T00142,START_NEW_TURN,NEW_EXPLICIT_SPEAKER,Mrs. Baines
OWT_C00543,OWT_T00143,SEPARATE_SAME_SPEAKER,CONSERVATIVE_NO_AUTOMATIC_MERGE,Mrs. Baines
OWT_C00547,OWT_T00144,START_NEW_TURN,NEW_EXPLICIT_SPEAKER,Mr. Scales
OWT_C00557,OWT_T00145,SEPARATE_REVIEW_TURN,UNKNOWN_OR_PRONOUN_ATTRIBUTION,Unknown
OWT_C00576,OWT_T00146,START_NEW_TURN,NEW_EXPLICIT_SPEAKER,Sophia
OWT_C00577,OWT_T00147,START_NEW_TURN,NEW_EXPLICIT_SPEAKER,Mrs. Baines
OWT_C00578,OWT_T00148,SEPARATE_REVIEW_TURN,UNKNOWN_OR_PRONOUN_ATTRIBUTION,Unknown
OWT_C00580,OWT_T00149,START_NEW_TURN,NEW_EXPLICIT_SPEAKER,Mrs. Baines
OWT_C00582,OWT_T00150,SEPARATE_SAME_SPEAKER,CONSERVATIVE_NO_AUTOMATIC_MERGE,Mrs. Baines
OWT_C00583,OWT_T00151,SEPARATE_SAME_SPEAKER,CONSERVATIVE_NO_AUTOMATIC_MERGE,Mrs. Baines
OWT_C00626,OWT_T00152,START_NEW_TURN,NEW_EXPLICIT_SPEAKER,Gerald
OWT_C00630,OWT_T00153,START_NEW_TURN,NEW_EXPLICIT_SPEAKER,Mr. Scales
OWT_C00635,OWT_T00154,SEPARATE_SAME_SPEAKER,CONSERVATIVE_NO_AUTOMATIC_MERGE,Mr. Scales
OWT_C00649,OWT_T00155,START_NEW_TURN,NEW_EXPLICIT_SPEAKER,Mrs. Baines
OWT_C00655,OWT_T00156,SEPARATE_SAME_SPEAKER,CONSERVATIVE_NO_AUTOMATIC_MERGE,Mrs. Baines
OWT_C00664,OWT_T00157,SEPARATE_SAME_SPEAKER,CONSERVATIVE_NO_AUTOMATIC_MERGE,Mrs. Baines
OWT_C00666,OWT_T00158,SEPARATE_SAME_SPEAKER,CONSERVATIVE_NO_AUTOMATIC_MERGE,Mrs. Baines
OWT_C00667,OWT_T00159,START_NEW_TURN,NEW_EXPLICIT_SPEAKER,Sophia
OWT_C00672,OWT_T00160,START_NEW_TURN,NEW_EXPLICIT_SPEAKER,Mrs. Baines
OWT_C00675,OWT_T00161,START_NEW_TURN,NEW_EXPLICIT_SPEAKER,Sophia
OWT_C00681,OWT_T00162,START_NEW_TURN,NEW_EXPLICIT_SPEAKER,Mrs. Baines
OWT_C00688,OWT_T00163,SEPARATE_REVIEW_TURN,UNKNOWN_OR_PRONOUN_ATTRIBUTION,Unknown
OWT_C00690,OWT_T00164,START_NEW_TURN,NEW_EXPLICIT_SPEAKER,Sophia
OWT_C00692,OWT_T00165,START_NEW_TURN,NEW_EXPLICIT_SPEAKER,Mrs. Baines
OWT_C00693,OWT_T00166,SEPARATE_REVIEW_TURN,UNKNOWN_OR_PRONOUN_ATTRIBUTION,Unknown
OWT_C00695,OWT_T00167,START_NEW_TURN,NEW_EXPLICIT_SPEAKER,Mrs. Baines
OWT_C00697,OWT_T00168,START_NEW_TURN,NEW_EXPLICIT_SPEAKER,Mr. Povey
OWT_C00699,OWT_T00169,SEPARATE_SAME_SPEAKER,CONSERVATIVE_NO_AUTOMATIC_MERGE,Mr. Povey
OWT_C00700,OWT_T00170,START_NEW_TURN,NEW_EXPLICIT_SPEAKER,Mrs. Baines
OWT_C00733,OWT_T00171,SEPARATE_SAME_SPEAKER,CONSERVATIVE_NO_AUTOMATIC_MERGE,Mrs. Baines
OWT_C00743,OWT_T00172,SEPARATE_SAME_SPEAKER,CONSERVATIVE_NO_AUTOMATIC_MERGE,Mrs. Baines
OWT_C00747,OWT_T00173,START_NEW_TURN,NEW_EXPLICIT_SPEAKER,Mrs. Maddack
OWT_C00748,OWT_T00174,START_NEW_TURN,NEW_EXPLICIT_SPEAKER,Mrs. Baines
OWT_C00752,OWT_T00175,SEPARATE_SAME_SPEAKER,CONSERVATIVE_NO_AUTOMATIC_MERGE,Mrs. Baines
OWT_C00754,OWT_T00176,SEPARATE_SAME_SPEAKER,CONSERVATIVE_NO_AUTOMATIC_MERGE,Mrs. Baines
OWT_C00761,OWT_T00177,START_NEW_TURN,NEW_EXPLICIT_SPEAKER,Mrs. Maddack
OWT_C00765,OWT_T00178,START_NEW_TURN,NEW_EXPLICIT_SPEAKER,Mr. Critchlow
OWT_C00768,OWT_T00179,START_NEW_TURN,NEW_EXPLICIT_SPEAKER,Mr. Povey
OWT_C00769,OWT_T00180,START_NEW_TURN,NEW_EXPLICIT_SPEAKER,Maggie
OWT_C00771,OWT_T00181,SEPARATE_SAME_SPEAKER,CONSERVATIVE_NO_AUTOMATIC_MERGE,Maggie
OWT_C00772,OWT_T00182,START_NEW_TURN,NEW_EXPLICIT_SPEAKER,Mrs. Povey
OWT_C00774,OWT_T00183,START_NEW_TURN,NEW_EXPLICIT_SPEAKER,Maggie
OWT_C00775,OWT_T00184,START_NEW_TURN,NEW_EXPLICIT_SPEAKER,Mrs. Povey
OWT_C00780,OWT_T00185,START_NEW_TURN,NEW_EXPLICIT_SPEAKER,Constance
OWT_C00792,OWT_T00186,SEPARATE_SAME_SPEAKER,CONSERVATIVE_NO_AUTOMATIC_MERGE,Constance
OWT_C00800,OWT_T00187,START_NEW_TURN,NEW_EXPLICIT_SPEAKER,Mr. Povey
OWT_C00808,OWT_T00188,START_NEW_TURN,NEW_EXPLICIT_SPEAKER,Constance
OWT_C00815,OWT_T00189,START_NEW_TURN,NEW_EXPLICIT_SPEAKER,Boon
OWT_C00817,OWT_T00190,START_NEW_TURN,NEW_EXPLICIT_SPEAKER,James Boon
OWT_C00818,OWT_T00191,START_NEW_TURN,NEW_EXPLICIT_SPEAKER,Constance
OWT_C00825,OWT_T00192,START_NEW_TURN,NEW_EXPLICIT_SPEAKER,Boon
OWT_C00827,OWT_T00193,SEPARATE_SAME_SPEAKER,CONSERVATIVE_NO_AUTOMATIC_MERGE,Boon
OWT_C00830,OWT_T00194,START_NEW_TURN,NEW_EXPLICIT_SPEAKER,Mr. Povey
OWT_C00834,OWT_T00195,SEPARATE_SAME_SPEAKER,CONSERVATIVE_NO_AUTOMATIC_MERGE,Mr. Povey
OWT_C00839,OWT_T00196,SEPARATE_SAME_SPEAKER,CONSERVATIVE_NO_AUTOMATIC_MERGE,Mr. Povey
OWT_C00840,OWT_T00197,START_NEW_TURN,NEW_EXPLICIT_SPEAKER,Boon
OWT_C00841,OWT_T00198,START_NEW_TURN,NEW_EXPLICIT_SPEAKER,Mr. Povey
OWT_C00843,OWT_T00199,SEPARATE_SAME_SPEAKER,CONSERVATIVE_NO_AUTOMATIC_MERGE,Mr. Povey
OWT_C00844,OWT_T00200,START_NEW_TURN,NEW_EXPLICIT_SPEAKER,Constance
OWT_C00852,OWT_T00201,SEPARATE_REVIEW_TURN,UNKNOWN_OR_PRONOUN_ATTRIBUTION,Unknown
OWT_C00855,OWT_T00202,START_NEW_TURN,NEW_EXPLICIT_SPEAKER,Constance
OWT_C00856,OWT_T00203,START_NEW_TURN,NEW_EXPLICIT_SPEAKER,Mrs. Baines
OWT_C00857,OWT_T00204,SEPARATE_SAME_SPEAKER,CONSERVATIVE_NO_AUTOMATIC_MERGE,Mrs. Baines
OWT_C00860,OWT_T00205,SEPARATE_REVIEW_TURN,UNKNOWN_OR_PRONOUN_ATTRIBUTION,Unknown
OWT_C00867,OWT_T00206,START_NEW_TURN,NEW_EXPLICIT_SPEAKER,Mrs. Baines
OWT_C00868,OWT_T00207,START_NEW_TURN,NEW_EXPLICIT_SPEAKER,Constance
OWT_C00869,OWT_T00208,START_NEW_TURN,NEW_EXPLICIT_SPEAKER,Mrs. Baines
OWT_C00875,OWT_T00209,START_NEW_TURN,NEW_EXPLICIT_SPEAKER,Constance
OWT_C00878,OWT_T00210,START_NEW_TURN,NEW_EXPLICIT_SPEAKER,Mrs. Baines
OWT_C00880,OWT_T00211,START_NEW_TURN,NEW_EXPLICIT_SPEAKER,Mr. Povey
OWT_C00884,OWT_T00212,SEPARATE_SAME_SPEAKER,CONSERVATIVE_NO_AUTOMATIC_MERGE,Mr. Povey
OWT_C00885,OWT_T00213,START_NEW_TURN,NEW_EXPLICIT_SPEAKER,the postman
OWT_C00898,OWT_T00214,START_NEW_TURN,NEW_EXPLICIT_SPEAKER,Mrs. Baines
OWT_C00899,OWT_T00215,START_NEW_TURN,NEW_EXPLICIT_SPEAKER,Mr. Povey
OWT_C00912,OWT_T00216,START_NEW_TURN,NEW_EXPLICIT_SPEAKER,Constance
OWT_C00914,OWT_T00217,START_NEW_TURN,NEW_EXPLICIT_SPEAKER,Samuel
OWT_C00923,OWT_T00218,START_NEW_TURN,NEW_EXPLICIT_SPEAKER,Constance
OWT_C00925,OWT_T00219,START_NEW_TURN,NEW_EXPLICIT_SPEAKER,Amy
OWT_C00929,OWT_T00220,START_NEW_TURN,NEW_EXPLICIT_SPEAKER,Constance
OWT_C00934,OWT_T00221,START_NEW_TURN,NEW_EXPLICIT_SPEAKER,Samuel
OWT_C00936,OWT_T00222,START_NEW_TURN,NEW_EXPLICIT_SPEAKER,Constance
OWT_C00940,OWT_T00223,START_NEW_TURN,NEW_EXPLICIT_SPEAKER,Miss Insull
OWT_C00942,OWT_T00224,START_NEW_TURN,NEW_EXPLICIT_SPEAKER,Mr. Povey
OWT_C00943,OWT_T00225,START_NEW_TURN,NEW_EXPLICIT_SPEAKER,Constance
OWT_C00944,OWT_T00226,START_NEW_TURN,NEW_EXPLICIT_SPEAKER,Miss Insull
OWT_C00947,OWT_T00227,START_NEW_TURN,NEW_EXPLICIT_SPEAKER,Constance
OWT_C00951,OWT_T00228,START_NEW_TURN,NEW_EXPLICIT_SPEAKER,Miss Insull
OWT_C00952,OWT_T00229,START_NEW_TURN,NEW_EXPLICIT_SPEAKER,Samuel
OWT_C00953,OWT_T00230,SEPARATE_SAME_SPEAKER,CONSERVATIVE_NO_AUTOMATIC_MERGE,Samuel
OWT_C00956,OWT_T00231,START_NEW_TURN,NEW_EXPLICIT_SPEAKER,Constance
OWT_C00958,OWT_T00232,START_NEW_TURN,NEW_EXPLICIT_SPEAKER,Samuel
OWT_C00961,OWT_T00233,SEPARATE_SAME_SPEAKER,CONSERVATIVE_NO_AUTOMATIC_MERGE,Samuel
OWT_C00970,OWT_T00234,START_NEW_TURN,NEW_EXPLICIT_SPEAKER,Constance
OWT_C00971,OWT_T00235,START_NEW_TURN,NEW_EXPLICIT_SPEAKER,Mr. Povey
OWT_C00974,OWT_T00236,SEPARATE_SAME_SPEAKER,CONSERVATIVE_NO_AUTOMATIC_MERGE,Mr. Povey
OWT_C00977,OWT_T00237,SEPARATE_SAME_SPEAKER,CONSERVATIVE_NO_AUTOMATIC_MERGE,Mr. Povey
OWT_C00980,OWT_T00238,START_NEW_TURN,NEW_EXPLICIT_SPEAKER,Constance
OWT_C00981,OWT_T00239,START_NEW_TURN,NEW_EXPLICIT_SPEAKER,Samuel
OWT_C00982,OWT_T00240,START_NEW_TURN,NEW_EXPLICIT_SPEAKER,Constance
OWT_C00983,OWT_T00241,START_NEW_TURN,NEW_EXPLICIT_SPEAKER,Mr. Povey
OWT_C00987,OWT_T00242,SEPARATE_SAME_SPEAKER,CONSERVATIVE_NO_AUTOMATIC_MERGE,Mr. Povey
OWT_C00990,OWT_T00243,SEPARATE_SAME_SPEAKER,CONSERVATIVE_NO_AUTOMATIC_MERGE,Mr. Povey
OWT_C00995,OWT_T00244,SEPARATE_SAME_SPEAKER,CONSERVATIVE_NO_AUTOMATIC_MERGE,Mr. Povey
OWT_C00998,OWT_T00245,SEPARATE_SAME_SPEAKER,CONSERVATIVE_NO_AUTOMATIC_MERGE,Mr. Povey
OWT_C01001,OWT_T00246,START_NEW_TURN,NEW_EXPLICIT_SPEAKER,Amy
OWT_C01002,OWT_T00247,START_NEW_TURN,NEW_EXPLICIT_SPEAKER,Cyril
OWT_C01004,OWT_T00248,SEPARATE_SAME_SPEAKER,CONSERVATIVE_NO_AUTOMATIC_MERGE,Cyril
OWT_C01005,OWT_T00249,START_NEW_TURN,NEW_EXPLICIT_SPEAKER,Amy
OWT_C01006,OWT_T00250,START_NEW_TURN,NEW_EXPLICIT_SPEAKER,Cyril
OWT_C01018,OWT_T00251,SEPARATE_REVIEW_TURN,UNKNOWN_OR_PRONOUN_ATTRIBUTION,Unknown
OWT_C01027,OWT_T00252,START_NEW_TURN,NEW_EXPLICIT_SPEAKER,Samuel
OWT_C01030,OWT_T00253,START_NEW_TURN,NEW_EXPLICIT_SPEAKER,Mr. Povey
OWT_C01047,OWT_T00254,SEPARATE_SAME_SPEAKER,CONSERVATIVE_NO_AUTOMATIC_MERGE,Mr. Povey
OWT_C01062,OWT_T00255,SEPARATE_SAME_SPEAKER,CONSERVATIVE_NO_AUTOMATIC_MERGE,Mr. Povey
OWT_C01067,OWT_T00256,START_NEW_TURN,NEW_EXPLICIT_SPEAKER,Constance
OWT_C01069,OWT_T00257,START_NEW_TURN,NEW_EXPLICIT_SPEAKER,Mr. Povey
OWT_C01070,OWT_T00258,SEPARATE_SAME_SPEAKER,CONSERVATIVE_NO_AUTOMATIC_MERGE,Mr. Povey
OWT_C01073,OWT_T00259,SEPARATE_SAME_SPEAKER,CONSERVATIVE_NO_AUTOMATIC_MERGE,Mr. Povey
OWT_C01075,OWT_T00260,START_NEW_TURN,NEW_EXPLICIT_SPEAKER,Cyril
OWT_C01081,OWT_T00261,START_NEW_TURN,NEW_EXPLICIT_SPEAKER,Mr. Povey
OWT_C01086,OWT_T00262,SEPARATE_SAME_SPEAKER,CONSERVATIVE_NO_AUTOMATIC_MERGE,Mr. Povey
OWT_C01091,OWT_T00263,SEPARATE_REVIEW_TURN,UNKNOWN_OR_PRONOUN_ATTRIBUTION,Unknown
OWT_C01092,OWT_T00264,START_NEW_TURN,NEW_EXPLICIT_SPEAKER,Constance
OWT_C01093,OWT_T00265,START_NEW_TURN,NEW_EXPLICIT_SPEAKER,Mr. Povey
OWT_C01108,OWT_T00266,START_NEW_TURN,NEW_EXPLICIT_SPEAKER,Cyril
OWT_C01112,OWT_T00267,START_NEW_TURN,NEW_EXPLICIT_SPEAKER,Samuel
OWT_C01114,OWT_T00268,START_NEW_TURN,NEW_EXPLICIT_SPEAKER,Daniel Povey
OWT_C01120,OWT_T00269,START_NEW_TURN,NEW_EXPLICIT_SPEAKER,Mr. Povey
OWT_C01121,OWT_T00270,SEPARATE_SAME_SPEAKER,CONSERVATIVE_NO_AUTOMATIC_MERGE,Mr. Povey
OWT_C01122,OWT_T00271,START_NEW_TURN,NEW_EXPLICIT_SPEAKER,the policeman
OWT_C01123,OWT_T00272,START_NEW_TURN,NEW_EXPLICIT_SPEAKER,Samuel
OWT_C01128,OWT_T00273,SEPARATE_SAME_SPEAKER,CONSERVATIVE_NO_AUTOMATIC_MERGE,Samuel
OWT_C01132,OWT_T00274,SEPARATE_SAME_SPEAKER,CONSERVATIVE_NO_AUTOMATIC_MERGE,Samuel
OWT_C01151,OWT_T00275,START_NEW_TURN,NEW_EXPLICIT_SPEAKER,Daniel
OWT_C01152,OWT_T00276,START_NEW_TURN,NEW_EXPLICIT_SPEAKER,Samuel
OWT_C01155,OWT_T00277,SEPARATE_SAME_SPEAKER,CONSERVATIVE_NO_AUTOMATIC_MERGE,Samuel
OWT_C01156,OWT_T00278,START_NEW_TURN,NEW_EXPLICIT_SPEAKER,Dick
OWT_C01171,OWT_T00279,START_NEW_TURN,NEW_EXPLICIT_SPEAKER,Daniel
OWT_C01175,OWT_T00280,START_NEW_TURN,NEW_EXPLICIT_SPEAKER,Constance
OWT_C01176,OWT_T00281,START_NEW_TURN,NEW_EXPLICIT_SPEAKER,Samuel
OWT_C01178,OWT_T00282,SEPARATE_SAME_SPEAKER,CONSERVATIVE_NO_AUTOMATIC_MERGE,Samuel
OWT_C01185,OWT_T00283,START_NEW_TURN,NEW_EXPLICIT_SPEAKER,Constance
OWT_C01191,OWT_T00284,SEPARATE_SAME_SPEAKER,CONSERVATIVE_NO_AUTOMATIC_MERGE,Constance
OWT_C01193,OWT_T00285,SEPARATE_SAME_SPEAKER,CONSERVATIVE_NO_AUTOMATIC_MERGE,Constance
OWT_C01197,OWT_T00286,START_NEW_TURN,NEW_EXPLICIT_SPEAKER,Mr. Critchlow
OWT_C01201,OWT_T00287,SEPARATE_SAME_SPEAKER,CONSERVATIVE_NO_AUTOMATIC_MERGE,Mr. Critchlow
OWT_C01205,OWT_T00288,SEPARATE_SAME_SPEAKER,CONSERVATIVE_NO_AUTOMATIC_MERGE,Mr. Critchlow
OWT_C01213,OWT_T00289,START_NEW_TURN,NEW_EXPLICIT_SPEAKER,Cyril
OWT_C01222,OWT_T00290,START_NEW_TURN,NEW_EXPLICIT_SPEAKER,Constance
OWT_C01224,OWT_T00291,SEPARATE_SAME_SPEAKER,CONSERVATIVE_NO_AUTOMATIC_MERGE,Constance
OWT_C01236,OWT_T00292,SEPARATE_SAME_SPEAKER,CONSERVATIVE_NO_AUTOMATIC_MERGE,Constance
OWT_C01240,OWT_T00293,START_NEW_TURN,NEW_EXPLICIT_SPEAKER,the girl
OWT_C01242,OWT_T00294,START_NEW_TURN,NEW_EXPLICIT_SPEAKER,Constance
OWT_C01282,OWT_T00295,SEPARATE_SAME_SPEAKER,CONSERVATIVE_NO_AUTOMATIC_MERGE,Constance
OWT_C01297,OWT_T00296,START_NEW_TURN,NEW_EXPLICIT_SPEAKER,the waiter
OWT_C01298,OWT_T00297,START_NEW_TURN,NEW_EXPLICIT_SPEAKER,the auctioneer
OWT_C01304,OWT_T00298,SEPARATE_SAME_SPEAKER,CONSERVATIVE_NO_AUTOMATIC_MERGE,the auctioneer
OWT_C01310,OWT_T00299,START_NEW_TURN,NEW_EXPLICIT_SPEAKER,Miss Insull
OWT_C01314,OWT_T00300,START_NEW_TURN,NEW_EXPLICIT_SPEAKER,Mr. Critchlow
OWT_C01321,OWT_T00301,SEPARATE_SAME_SPEAKER,CONSERVATIVE_NO_AUTOMATIC_MERGE,Mr. Critchlow
OWT_C01324,OWT_T00302,SEPARATE_SAME_SPEAKER,CONSERVATIVE_NO_AUTOMATIC_MERGE,Mr. Critchlow
OWT_C01325,OWT_T00303,SEPARATE_SAME_SPEAKER,CONSERVATIVE_NO_AUTOMATIC_MERGE,Mr. Critchlow
OWT_C01329,OWT_T00304,START_NEW_TURN,NEW_EXPLICIT_SPEAKER,Constance
OWT_C01332,OWT_T00305,START_NEW_TURN,NEW_EXPLICIT_SPEAKER,Mr. Critchlow
OWT_C01334,OWT_T00306,SEPARATE_SAME_SPEAKER,CONSERVATIVE_NO_AUTOMATIC_MERGE,Mr. Critchlow
OWT_C01337,OWT_T00307,START_NEW_TURN,NEW_EXPLICIT_SPEAKER,Constance
OWT_C01363,OWT_T00308,SEPARATE_REVIEW_TURN,UNKNOWN_OR_PRONOUN_ATTRIBUTION,Unknown
OWT_C01371,OWT_T00309,START_NEW_TURN,NEW_EXPLICIT_SPEAKER,Cyril
OWT_C01373,OWT_T00310,SEPARATE_REVIEW_TURN,UNKNOWN_OR_PRONOUN_ATTRIBUTION,Unknown
OWT_C01384,OWT_T00311,START_NEW_TURN,NEW_EXPLICIT_SPEAKER,Cyril
OWT_C01447,OWT_T00312,START_NEW_TURN,NEW_EXPLICIT_SPEAKER,Gerald
OWT_C01469,OWT_T00313,START_NEW_TURN,NEW_EXPLICIT_SPEAKER,Sophia
OWT_C01477,OWT_T00314,START_NEW_TURN,NEW_EXPLICIT_SPEAKER,Gerald
OWT_C01482,OWT_T00315,START_NEW_TURN,NEW_EXPLICIT_SPEAKER,Sophia
OWT_C01483,OWT_T00316,START_NEW_TURN,NEW_EXPLICIT_SPEAKER,Gerald
OWT_C01496,OWT_T00317,SEPARATE_SAME_SPEAKER,CONSERVATIVE_NO_AUTOMATIC_MERGE,Gerald
OWT_C01498,OWT_T00318,SEPARATE_SAME_SPEAKER,CONSERVATIVE_NO_AUTOMATIC_MERGE,Gerald
OWT_C01506,OWT_T00319,START_NEW_TURN,NEW_EXPLICIT_SPEAKER,Chirac
OWT_C01508,OWT_T00320,SEPARATE_SAME_SPEAKER,CONSERVATIVE_NO_AUTOMATIC_MERGE,Chirac
OWT_C01509,OWT_T00321,SEPARATE_SAME_SPEAKER,CONSERVATIVE_NO_AUTOMATIC_MERGE,Chirac
OWT_C01516,OWT_T00322,START_NEW_TURN,NEW_EXPLICIT_SPEAKER,Sophia
OWT_C01519,OWT_T00323,START_NEW_TURN,NEW_EXPLICIT_SPEAKER,Gerald
OWT_C01521,OWT_T00324,START_NEW_TURN,NEW_EXPLICIT_SPEAKER,the Englishman
OWT_C01530,OWT_T00325,START_NEW_TURN,NEW_EXPLICIT_SPEAKER,Gerald
OWT_C01531,OWT_T00326,SEPARATE_SAME_SPEAKER,CONSERVATIVE_NO_AUTOMATIC_MERGE,Gerald
OWT_C01537,OWT_T00327,START_NEW_TURN,NEW_EXPLICIT_SPEAKER,Sophia
OWT_C01539,OWT_T00328,SEPARATE_SAME_SPEAKER,CONSERVATIVE_NO_AUTOMATIC_MERGE,Sophia
OWT_C01541,OWT_T00329,START_NEW_TURN,NEW_EXPLICIT_SPEAKER,Chirac
OWT_C01543,OWT_T00330,START_NEW_TURN,NEW_EXPLICIT_SPEAKER,Gerald
OWT_C01546,OWT_T00331,SEPARATE_SAME_SPEAKER,CONSERVATIVE_NO_AUTOMATIC_MERGE,Gerald
OWT_C01557,OWT_T00332,SEPARATE_SAME_SPEAKER,CONSERVATIVE_NO_AUTOMATIC_MERGE,Gerald
OWT_C01559,OWT_T00333,SEPARATE_SAME_SPEAKER,CONSERVATIVE_NO_AUTOMATIC_MERGE,Gerald
OWT_C01569,OWT_T00334,SEPARATE_REVIEW_TURN,UNKNOWN_OR_PRONOUN_ATTRIBUTION,Unknown
OWT_C01576,OWT_T00335,START_NEW_TURN,NEW_EXPLICIT_SPEAKER,Chirac
OWT_C01578,OWT_T00336,START_NEW_TURN,NEW_EXPLICIT_SPEAKER,Gerald
OWT_C01579,OWT_T00337,START_NEW_TURN,NEW_EXPLICIT_SPEAKER,Chirac
OWT_C01582,OWT_T00338,START_NEW_TURN,NEW_EXPLICIT_SPEAKER,Gerald
OWT_C01585,OWT_T00339,SEPARATE_SAME_SPEAKER,CONSERVATIVE_NO_AUTOMATIC_MERGE,Gerald
OWT_C01587,OWT_T00340,START_NEW_TURN,NEW_EXPLICIT_SPEAKER,Sophia
OWT_C01588,OWT_T00341,START_NEW_TURN,NEW_EXPLICIT_SPEAKER,Gerald
OWT_C01598,OWT_T00342,START_NEW_TURN,NEW_EXPLICIT_SPEAKER,Chirac
OWT_C01602,OWT_T00343,SEPARATE_SAME_SPEAKER,CONSERVATIVE_NO_AUTOMATIC_MERGE,Chirac
OWT_C01622,OWT_T00344,SEPARATE_REVIEW_TURN,UNKNOWN_OR_PRONOUN_ATTRIBUTION,Unknown
OWT_C01649,OWT_T00345,START_NEW_TURN,NEW_EXPLICIT_SPEAKER,the waiter
OWT_C01665,OWT_T00346,START_NEW_TURN,NEW_EXPLICIT_SPEAKER,Chirac
OWT_C01671,OWT_T00347,SEPARATE_REVIEW_TURN,UNKNOWN_OR_PRONOUN_ATTRIBUTION,Unknown
OWT_C01672,OWT_T00348,START_NEW_TURN,NEW_EXPLICIT_SPEAKER,Chirac
OWT_C01678,OWT_T00349,START_NEW_TURN,NEW_EXPLICIT_SPEAKER,Sophia
OWT_C01693,OWT_T00350,SEPARATE_REVIEW_TURN,UNKNOWN_OR_PRONOUN_ATTRIBUTION,Unknown
OWT_C01694,OWT_T00351,START_NEW_TURN,NEW_EXPLICIT_SPEAKER,Sophia
OWT_C01696,OWT_T00352,SEPARATE_SAME_SPEAKER,CONSERVATIVE_NO_AUTOMATIC_MERGE,Sophia
OWT_C01698,OWT_T00353,SEPARATE_SAME_SPEAKER,CONSERVATIVE_NO_AUTOMATIC_MERGE,Sophia
OWT_C01699,OWT_T00354,START_NEW_TURN,NEW_EXPLICIT_SPEAKER,Madame Foucault
OWT_C01702,OWT_T00355,START_NEW_TURN,NEW_EXPLICIT_SPEAKER,the man
OWT_C01711,OWT_T00356,START_NEW_TURN,NEW_EXPLICIT_SPEAKER,Sophia
OWT_C01713,OWT_T00357,SEPARATE_SAME_SPEAKER,CONSERVATIVE_NO_AUTOMATIC_MERGE,Sophia
OWT_C01714,OWT_T00358,START_NEW_TURN,NEW_EXPLICIT_SPEAKER,Madame Foucault
OWT_C01718,OWT_T00359,SEPARATE_SAME_SPEAKER,CONSERVATIVE_NO_AUTOMATIC_MERGE,Madame Foucault
OWT_C01722,OWT_T00360,START_NEW_TURN,NEW_EXPLICIT_SPEAKER,Sophia
OWT_C01723,OWT_T00361,START_NEW_TURN,NEW_EXPLICIT_SPEAKER,Madame Foucault
OWT_C01724,OWT_T00362,START_NEW_TURN,NEW_EXPLICIT_SPEAKER,Sophia
OWT_C01725,OWT_T00363,START_NEW_TURN,NEW_EXPLICIT_SPEAKER,Madame Foucault
OWT_C01728,OWT_T00364,START_NEW_TURN,NEW_EXPLICIT_SPEAKER,Sophia
OWT_C01729,OWT_T00365,SEPARATE_SAME_SPEAKER,CONSERVATIVE_NO_AUTOMATIC_MERGE,Sophia
OWT_C01730,OWT_T00366,START_NEW_TURN,NEW_EXPLICIT_SPEAKER,Madame Foucault
OWT_C01732,OWT_T00367,START_NEW_TURN,NEW_EXPLICIT_SPEAKER,Sophia
OWT_C01737,OWT_T00368,SEPARATE_SAME_SPEAKER,CONSERVATIVE_NO_AUTOMATIC_MERGE,Sophia
OWT_C01743,OWT_T00369,START_NEW_TURN,NEW_EXPLICIT_SPEAKER,Madame Foucault
OWT_C01749,OWT_T00370,SEPARATE_SAME_SPEAKER,CONSERVATIVE_NO_AUTOMATIC_MERGE,Madame Foucault
OWT_C01751,OWT_T00371,SEPARATE_SAME_SPEAKER,CONSERVATIVE_NO_AUTOMATIC_MERGE,Madame Foucault
OWT_C01756,OWT_T00372,START_NEW_TURN,NEW_EXPLICIT_SPEAKER,Laurence
OWT_C01760,OWT_T00373,SEPARATE_SAME_SPEAKER,CONSERVATIVE_NO_AUTOMATIC_MERGE,Laurence
OWT_C01761,OWT_T00374,START_NEW_TURN,NEW_EXPLICIT_SPEAKER,Sophia
OWT_C01772,OWT_T00375,SEPARATE_SAME_SPEAKER,CONSERVATIVE_NO_AUTOMATIC_MERGE,Sophia
OWT_C01774,OWT_T00376,SEPARATE_SAME_SPEAKER,CONSERVATIVE_NO_AUTOMATIC_MERGE,Sophia
OWT_C01776,OWT_T00377,SEPARATE_SAME_SPEAKER,CONSERVATIVE_NO_AUTOMATIC_MERGE,Sophia
OWT_C01778,OWT_T00378,START_NEW_TURN,NEW_EXPLICIT_SPEAKER,Laurence
OWT_C01784,OWT_T00379,START_NEW_TURN,NEW_EXPLICIT_SPEAKER,Sophia
OWT_C01790,OWT_T00380,SEPARATE_SAME_SPEAKER,CONSERVATIVE_NO_AUTOMATIC_MERGE,Sophia
OWT_C01793,OWT_T00381,START_NEW_TURN,NEW_EXPLICIT_SPEAKER,Laurence
OWT_C01794,OWT_T00382,SEPARATE_SAME_SPEAKER,CONSERVATIVE_NO_AUTOMATIC_MERGE,Laurence
OWT_C01795,OWT_T00383,START_NEW_TURN,NEW_EXPLICIT_SPEAKER,Sophia
OWT_C01797,OWT_T00384,SEPARATE_SAME_SPEAKER,CONSERVATIVE_NO_AUTOMATIC_MERGE,Sophia
OWT_C01828,OWT_T00385,SEPARATE_REVIEW_TURN,UNKNOWN_OR_PRONOUN_ATTRIBUTION,Unknown
OWT_C01843,OWT_T00386,START_NEW_TURN,NEW_EXPLICIT_SPEAKER,Sophia
OWT_C01851,OWT_T00387,START_NEW_TURN,NEW_EXPLICIT_SPEAKER,Chirac
OWT_C01853,OWT_T00388,SEPARATE_SAME_SPEAKER,CONSERVATIVE_NO_AUTOMATIC_MERGE,Chirac
OWT_C01857,OWT_T00389,SEPARATE_SAME_SPEAKER,CONSERVATIVE_NO_AUTOMATIC_MERGE,Chirac
OWT_C01867,OWT_T00390,START_NEW_TURN,NEW_EXPLICIT_SPEAKER,Sophia
OWT_C01871,OWT_T00391,START_NEW_TURN,NEW_EXPLICIT_SPEAKER,Madame Foucault
OWT_C01879,OWT_T00392,SEPARATE_SAME_SPEAKER,CONSERVATIVE_NO_AUTOMATIC_MERGE,Madame Foucault
OWT_C01880,OWT_T00393,START_NEW_TURN,NEW_EXPLICIT_SPEAKER,Sophia
OWT_C01885,OWT_T00394,SEPARATE_SAME_SPEAKER,CONSERVATIVE_NO_AUTOMATIC_MERGE,Sophia
OWT_C01886,OWT_T00395,START_NEW_TURN,NEW_EXPLICIT_SPEAKER,Madame Foucault
OWT_C01887,OWT_T00396,SEPARATE_SAME_SPEAKER,CONSERVATIVE_NO_AUTOMATIC_MERGE,Madame Foucault
OWT_C01889,OWT_T00397,START_NEW_TURN,NEW_EXPLICIT_SPEAKER,Sophia
OWT_C01894,OWT_T00398,START_NEW_TURN,NEW_EXPLICIT_SPEAKER,Madame Foucault
OWT_C01901,OWT_T00399,SEPARATE_SAME_SPEAKER,CONSERVATIVE_NO_AUTOMATIC_MERGE,Madame Foucault
OWT_C01904,OWT_T00400,START_NEW_TURN,NEW_EXPLICIT_SPEAKER,Sophia
OWT_C01906,OWT_T00401,SEPARATE_SAME_SPEAKER,CONSERVATIVE_NO_AUTOMATIC_MERGE,Sophia
OWT_C01909,OWT_T00402,SEPARATE_SAME_SPEAKER,CONSERVATIVE_NO_AUTOMATIC_MERGE,Sophia
OWT_C01913,OWT_T00403,START_NEW_TURN,NEW_EXPLICIT_SPEAKER,Madame Foucault
OWT_C01914,OWT_T00404,SEPARATE_SAME_SPEAKER,CONSERVATIVE_NO_AUTOMATIC_MERGE,Madame Foucault
OWT_C01917,OWT_T00405,SEPARATE_SAME_SPEAKER,CONSERVATIVE_NO_AUTOMATIC_MERGE,Madame Foucault
OWT_C01922,OWT_T00406,SEPARATE_REVIEW_TURN,UNKNOWN_OR_PRONOUN_ATTRIBUTION,Unknown
OWT_C01964,OWT_T00407,START_NEW_TURN,NEW_EXPLICIT_SPEAKER,Chirac
OWT_C01967,OWT_T00408,START_NEW_TURN,NEW_EXPLICIT_SPEAKER,Sophia
OWT_C01983,OWT_T00409,START_NEW_TURN,NEW_EXPLICIT_SPEAKER,Chirac
OWT_C01988,OWT_T00410,START_NEW_TURN,NEW_EXPLICIT_SPEAKER,Sophia
OWT_C02004,OWT_T00411,START_NEW_TURN,NEW_EXPLICIT_SPEAKER,Chirac
OWT_C02008,OWT_T00412,SEPARATE_REVIEW_TURN,UNKNOWN_OR_PRONOUN_ATTRIBUTION,Unknown
OWT_C02010,OWT_T00413,START_NEW_TURN,NEW_EXPLICIT_SPEAKER,Chirac
OWT_C02016,OWT_T00414,START_NEW_TURN,NEW_EXPLICIT_SPEAKER,the landlord
OWT_C02019,OWT_T00415,START_NEW_TURN,NEW_EXPLICIT_SPEAKER,the landlady
OWT_C02023,OWT_T00416,START_NEW_TURN,NEW_EXPLICIT_SPEAKER,Sophia
OWT_C02024,OWT_T00417,START_NEW_TURN,NEW_EXPLICIT_SPEAKER,the landlady
OWT_C02025,OWT_T00418,START_NEW_TURN,NEW_EXPLICIT_SPEAKER,the landlord
OWT_C02051,OWT_T00419,SEPARATE_REVIEW_TURN,UNKNOWN_OR_PRONOUN_ATTRIBUTION,Unknown
OWT_C02078,OWT_T00420,START_NEW_TURN,NEW_EXPLICIT_SPEAKER,Carlier
OWT_C02079,OWT_T00421,START_NEW_TURN,NEW_EXPLICIT_SPEAKER,the sailor
OWT_C02081,OWT_T00422,START_NEW_TURN,NEW_EXPLICIT_SPEAKER,Chirac
OWT_C02089,OWT_T00423,START_NEW_TURN,NEW_EXPLICIT_SPEAKER,Peel-Swynnerton
OWT_C02094,OWT_T00424,START_NEW_TURN,NEW_EXPLICIT_SPEAKER,Lewis Mardon
OWT_C02095,OWT_T00425,START_NEW_TURN,NEW_EXPLICIT_SPEAKER,Peel-Swynnerton
OWT_C02101,OWT_T00426,SEPARATE_SAME_SPEAKER,CONSERVATIVE_NO_AUTOMATIC_MERGE,Peel-Swynnerton
OWT_C02103,OWT_T00427,SEPARATE_SAME_SPEAKER,CONSERVATIVE_NO_AUTOMATIC_MERGE,Peel-Swynnerton
OWT_C02104,OWT_T00428,START_NEW_TURN,NEW_EXPLICIT_SPEAKER,Mr. Mardon
OWT_C02106,OWT_T00429,SEPARATE_SAME_SPEAKER,CONSERVATIVE_NO_AUTOMATIC_MERGE,Mr. Mardon
OWT_C02110,OWT_T00430,SEPARATE_SAME_SPEAKER,CONSERVATIVE_NO_AUTOMATIC_MERGE,Mr. Mardon
OWT_C02111,OWT_T00431,SEPARATE_SAME_SPEAKER,CONSERVATIVE_NO_AUTOMATIC_MERGE,Mr. Mardon
OWT_C02115,OWT_T00432,START_NEW_TURN,NEW_EXPLICIT_SPEAKER,Matthew
OWT_C02116,OWT_T00433,START_NEW_TURN,NEW_EXPLICIT_SPEAKER,Mr. Mardon
OWT_C02117,OWT_T00434,START_NEW_TURN,NEW_EXPLICIT_SPEAKER,Peel-Swynnerton
OWT_C02120,OWT_T00435,SEPARATE_REVIEW_TURN,UNKNOWN_OR_PRONOUN_ATTRIBUTION,Unknown
OWT_C02127,OWT_T00436,START_NEW_TURN,NEW_EXPLICIT_SPEAKER,Mr. Mardon
OWT_C02129,OWT_T00437,START_NEW_TURN,NEW_EXPLICIT_SPEAKER,Peel-Swynnerton
OWT_C02145,OWT_T00438,START_NEW_TURN,NEW_EXPLICIT_SPEAKER,Matthew
OWT_C02146,OWT_T00439,START_NEW_TURN,NEW_EXPLICIT_SPEAKER,Cyril Povey
OWT_C02148,OWT_T00440,SEPARATE_REVIEW_TURN,UNKNOWN_OR_PRONOUN_ATTRIBUTION,Unknown
OWT_C02149,OWT_T00441,START_NEW_TURN,NEW_EXPLICIT_SPEAKER,Cyril
OWT_C02150,OWT_T00442,START_NEW_TURN,NEW_EXPLICIT_SPEAKER,Matthew
OWT_C02153,OWT_T00443,SEPARATE_SAME_SPEAKER,CONSERVATIVE_NO_AUTOMATIC_MERGE,Matthew
OWT_C02157,OWT_T00444,SEPARATE_SAME_SPEAKER,CONSERVATIVE_NO_AUTOMATIC_MERGE,Matthew
OWT_C02159,OWT_T00445,SEPARATE_SAME_SPEAKER,CONSERVATIVE_NO_AUTOMATIC_MERGE,Matthew
OWT_C02166,OWT_T00446,SEPARATE_SAME_SPEAKER,CONSERVATIVE_NO_AUTOMATIC_MERGE,Matthew
OWT_C02170,OWT_T00447,START_NEW_TURN,NEW_EXPLICIT_SPEAKER,Cyril
OWT_C02171,OWT_T00448,START_NEW_TURN,NEW_EXPLICIT_SPEAKER,Matthew
OWT_C02176,OWT_T00449,START_NEW_TURN,NEW_EXPLICIT_SPEAKER,the driver
OWT_C02180,OWT_T00450,START_NEW_TURN,NEW_EXPLICIT_SPEAKER,Matthew
OWT_C02184,OWT_T00451,START_NEW_TURN,NEW_EXPLICIT_SPEAKER,Constance
OWT_C02196,OWT_T00452,SEPARATE_REVIEW_TURN,UNKNOWN_OR_PRONOUN_ATTRIBUTION,Unknown
OWT_C02202,OWT_T00453,SEPARATE_REVIEW_TURN,UNKNOWN_OR_PRONOUN_ATTRIBUTION,Unknown
OWT_C02205,OWT_T00454,START_NEW_TURN,NEW_EXPLICIT_SPEAKER,Constance
OWT_C02207,OWT_T00455,START_NEW_TURN,NEW_EXPLICIT_SPEAKER,Mr. Shawcross
OWT_C02208,OWT_T00456,START_NEW_TURN,NEW_EXPLICIT_SPEAKER,Matthew
OWT_C02214,OWT_T00457,SEPARATE_SAME_SPEAKER,CONSERVATIVE_NO_AUTOMATIC_MERGE,Matthew
OWT_C02218,OWT_T00458,START_NEW_TURN,NEW_EXPLICIT_SPEAKER,the portress
OWT_C02219,OWT_T00459,START_NEW_TURN,NEW_EXPLICIT_SPEAKER,the mistress
OWT_C02221,OWT_T00460,SEPARATE_SAME_SPEAKER,CONSERVATIVE_NO_AUTOMATIC_MERGE,the mistress
OWT_C02230,OWT_T00461,START_NEW_TURN,NEW_EXPLICIT_SPEAKER,Jacqueline
OWT_C02236,OWT_T00462,START_NEW_TURN,NEW_EXPLICIT_SPEAKER,Sophia
OWT_C02249,OWT_T00463,SEPARATE_SAME_SPEAKER,CONSERVATIVE_NO_AUTOMATIC_MERGE,Sophia
OWT_C02256,OWT_T00464,START_NEW_TURN,NEW_EXPLICIT_SPEAKER,Constance
OWT_C02257,OWT_T00465,START_NEW_TURN,NEW_EXPLICIT_SPEAKER,Mr. Critchlow
OWT_C02260,OWT_T00466,START_NEW_TURN,NEW_EXPLICIT_SPEAKER,Constance
OWT_C02263,OWT_T00467,START_NEW_TURN,NEW_EXPLICIT_SPEAKER,Mr. Critchlow
OWT_C02264,OWT_T00468,START_NEW_TURN,NEW_EXPLICIT_SPEAKER,Constance
OWT_C02267,OWT_T00469,START_NEW_TURN,NEW_EXPLICIT_SPEAKER,Mr. Critchlow
OWT_C02269,OWT_T00470,START_NEW_TURN,NEW_EXPLICIT_SPEAKER,Constance
OWT_C02271,OWT_T00471,SEPARATE_SAME_SPEAKER,CONSERVATIVE_NO_AUTOMATIC_MERGE,Constance
OWT_C02272,OWT_T00472,START_NEW_TURN,NEW_EXPLICIT_SPEAKER,Amy
OWT_C02276,OWT_T00473,SEPARATE_SAME_SPEAKER,CONSERVATIVE_NO_AUTOMATIC_MERGE,Amy
OWT_C02278,OWT_T00474,START_NEW_TURN,NEW_EXPLICIT_SPEAKER,Constance
OWT_C02283,OWT_T00475,SEPARATE_SAME_SPEAKER,CONSERVATIVE_NO_AUTOMATIC_MERGE,Constance
OWT_C02284,OWT_T00476,START_NEW_TURN,NEW_EXPLICIT_SPEAKER,Amy
OWT_C02287,OWT_T00477,START_NEW_TURN,NEW_EXPLICIT_SPEAKER,Constance
OWT_C02288,OWT_T00478,START_NEW_TURN,NEW_EXPLICIT_SPEAKER,Amy
OWT_C02290,OWT_T00479,START_NEW_TURN,NEW_EXPLICIT_SPEAKER,Sophia
OWT_C02292,OWT_T00480,SEPARATE_SAME_SPEAKER,CONSERVATIVE_NO_AUTOMATIC_MERGE,Sophia
OWT_C02295,OWT_T00481,SEPARATE_SAME_SPEAKER,CONSERVATIVE_NO_AUTOMATIC_MERGE,Sophia
OWT_C02298,OWT_T00482,SEPARATE_SAME_SPEAKER,CONSERVATIVE_NO_AUTOMATIC_MERGE,Sophia
OWT_C02301,OWT_T00483,SEPARATE_SAME_SPEAKER,CONSERVATIVE_NO_AUTOMATIC_MERGE,Sophia
OWT_C02303,OWT_T00484,START_NEW_TURN,NEW_EXPLICIT_SPEAKER,Constance
OWT_C02304,OWT_T00485,START_NEW_TURN,NEW_EXPLICIT_SPEAKER,Sophia
OWT_C02305,OWT_T00486,START_NEW_TURN,NEW_EXPLICIT_SPEAKER,Constance
OWT_C02306,OWT_T00487,START_NEW_TURN,NEW_EXPLICIT_SPEAKER,Sophia
OWT_C02308,OWT_T00488,SEPARATE_SAME_SPEAKER,CONSERVATIVE_NO_AUTOMATIC_MERGE,Sophia
OWT_C02310,OWT_T00489,SEPARATE_SAME_SPEAKER,CONSERVATIVE_NO_AUTOMATIC_MERGE,Sophia
OWT_C02312,OWT_T00490,SEPARATE_REVIEW_TURN,UNKNOWN_OR_PRONOUN_ATTRIBUTION,Unknown
OWT_C02314,OWT_T00491,START_NEW_TURN,NEW_EXPLICIT_SPEAKER,Constance
OWT_C02315,OWT_T00492,START_NEW_TURN,NEW_EXPLICIT_SPEAKER,Amy
OWT_C02323,OWT_T00493,START_NEW_TURN,NEW_EXPLICIT_SPEAKER,Sophia
OWT_C02325,OWT_T00494,SEPARATE_SAME_SPEAKER,CONSERVATIVE_NO_AUTOMATIC_MERGE,Sophia
OWT_C02327,OWT_T00495,SEPARATE_SAME_SPEAKER,CONSERVATIVE_NO_AUTOMATIC_MERGE,Sophia
OWT_C02333,OWT_T00496,SEPARATE_SAME_SPEAKER,CONSERVATIVE_NO_AUTOMATIC_MERGE,Sophia
OWT_C02334,OWT_T00497,START_NEW_TURN,NEW_EXPLICIT_SPEAKER,Constance
OWT_C02339,OWT_T00498,SEPARATE_REVIEW_TURN,UNKNOWN_OR_PRONOUN_ATTRIBUTION,Unknown
OWT_C02340,OWT_T00499,START_NEW_TURN,NEW_EXPLICIT_SPEAKER,Constance
OWT_C02341,OWT_T00500,START_NEW_TURN,NEW_EXPLICIT_SPEAKER,Sophia
OWT_C02342,OWT_T00501,START_NEW_TURN,NEW_EXPLICIT_SPEAKER,Constance
OWT_C02349,OWT_T00502,SEPARATE_SAME_SPEAKER,CONSERVATIVE_NO_AUTOMATIC_MERGE,Constance
OWT_C02351,OWT_T00503,START_NEW_TURN,NEW_EXPLICIT_SPEAKER,Sophia
OWT_C02355,OWT_T00504,SEPARATE_SAME_SPEAKER,CONSERVATIVE_NO_AUTOMATIC_MERGE,Sophia
OWT_C02361,OWT_T00505,SEPARATE_SAME_SPEAKER,CONSERVATIVE_NO_AUTOMATIC_MERGE,Sophia
OWT_C02364,OWT_T00506,START_NEW_TURN,NEW_EXPLICIT_SPEAKER,Amy
OWT_C02372,OWT_T00507,START_NEW_TURN,NEW_EXPLICIT_SPEAKER,Constance
OWT_C02379,OWT_T00508,START_NEW_TURN,NEW_EXPLICIT_SPEAKER,Amy
OWT_C02380,OWT_T00509,START_NEW_TURN,NEW_EXPLICIT_SPEAKER,Maria
OWT_C02381,OWT_T00510,START_NEW_TURN,NEW_EXPLICIT_SPEAKER,Amy
OWT_C02382,OWT_T00511,START_NEW_TURN,NEW_EXPLICIT_SPEAKER,Maria
OWT_C02384,OWT_T00512,START_NEW_TURN,NEW_EXPLICIT_SPEAKER,Constance
OWT_C02388,OWT_T00513,START_NEW_TURN,NEW_EXPLICIT_SPEAKER,Maria
OWT_C02389,OWT_T00514,START_NEW_TURN,NEW_EXPLICIT_SPEAKER,Sophia
OWT_C02393,OWT_T00515,SEPARATE_SAME_SPEAKER,CONSERVATIVE_NO_AUTOMATIC_MERGE,Sophia
OWT_C02394,OWT_T00516,START_NEW_TURN,NEW_EXPLICIT_SPEAKER,Constance
OWT_C02395,OWT_T00517,SEPARATE_SAME_SPEAKER,CONSERVATIVE_NO_AUTOMATIC_MERGE,Constance
OWT_C02409,OWT_T00518,START_NEW_TURN,NEW_EXPLICIT_SPEAKER,Sophia
OWT_C02410,OWT_T00519,START_NEW_TURN,NEW_EXPLICIT_SPEAKER,Amy
OWT_C02411,OWT_T00520,SEPARATE_SAME_SPEAKER,CONSERVATIVE_NO_AUTOMATIC_MERGE,Amy
OWT_C02415,OWT_T00521,START_NEW_TURN,NEW_EXPLICIT_SPEAKER,Constance
OWT_C02420,OWT_T00522,START_NEW_TURN,NEW_EXPLICIT_SPEAKER,Amy
OWT_C02426,OWT_T00523,START_NEW_TURN,NEW_EXPLICIT_SPEAKER,Sophia
OWT_C02431,OWT_T00524,START_NEW_TURN,NEW_EXPLICIT_SPEAKER,Constance
OWT_C02432,OWT_T00525,START_NEW_TURN,NEW_EXPLICIT_SPEAKER,Sophia
OWT_C02433,OWT_T00526,START_NEW_TURN,NEW_EXPLICIT_SPEAKER,Constance
OWT_C02434,OWT_T00527,START_NEW_TURN,NEW_EXPLICIT_SPEAKER,Sophia
OWT_C02437,OWT_T00528,SEPARATE_SAME_SPEAKER,CONSERVATIVE_NO_AUTOMATIC_MERGE,Sophia
OWT_C02440,OWT_T00529,START_NEW_TURN,NEW_EXPLICIT_SPEAKER,Constance
OWT_C02444,OWT_T00530,SEPARATE_SAME_SPEAKER,CONSERVATIVE_NO_AUTOMATIC_MERGE,Constance
OWT_C02445,OWT_T00531,START_NEW_TURN,NEW_EXPLICIT_SPEAKER,Sophia
OWT_C02446,OWT_T00532,START_NEW_TURN,NEW_EXPLICIT_SPEAKER,Amy
OWT_C02447,OWT_T00533,START_NEW_TURN,NEW_EXPLICIT_SPEAKER,Sophia
OWT_C02449,OWT_T00534,START_NEW_TURN,NEW_EXPLICIT_SPEAKER,Amy
OWT_C02461,OWT_T00535,SEPARATE_SAME_SPEAKER,CONSERVATIVE_NO_AUTOMATIC_MERGE,Amy
OWT_C02462,OWT_T00536,START_NEW_TURN,NEW_EXPLICIT_SPEAKER,Sophia
OWT_C02463,OWT_T00537,START_NEW_TURN,NEW_EXPLICIT_SPEAKER,Constance
OWT_C02490,OWT_T00538,START_NEW_TURN,NEW_EXPLICIT_SPEAKER,Sophia
OWT_C02492,OWT_T00539,SEPARATE_SAME_SPEAKER,CONSERVATIVE_NO_AUTOMATIC_MERGE,Sophia
OWT_C02493,OWT_T00540,START_NEW_TURN,NEW_EXPLICIT_SPEAKER,the doctor
OWT_C02495,OWT_T00541,START_NEW_TURN,NEW_EXPLICIT_SPEAKER,Sophia
OWT_C02497,OWT_T00542,SEPARATE_SAME_SPEAKER,CONSERVATIVE_NO_AUTOMATIC_MERGE,Sophia
OWT_C02500,OWT_T00543,SEPARATE_SAME_SPEAKER,CONSERVATIVE_NO_AUTOMATIC_MERGE,Sophia
OWT_C02502,OWT_T00544,SEPARATE_SAME_SPEAKER,CONSERVATIVE_NO_AUTOMATIC_MERGE,Sophia
OWT_C02503,OWT_T00545,START_NEW_TURN,NEW_EXPLICIT_SPEAKER,the doctor
OWT_C02511,OWT_T00546,START_NEW_TURN,NEW_EXPLICIT_SPEAKER,Sophia
OWT_C02513,OWT_T00547,SEPARATE_SAME_SPEAKER,CONSERVATIVE_NO_AUTOMATIC_MERGE,Sophia
OWT_C02516,OWT_T00548,SEPARATE_SAME_SPEAKER,CONSERVATIVE_NO_AUTOMATIC_MERGE,Sophia
OWT_C02520,OWT_T00549,SEPARATE_SAME_SPEAKER,CONSERVATIVE_NO_AUTOMATIC_MERGE,Sophia
OWT_C02524,OWT_T00550,START_NEW_TURN,NEW_EXPLICIT_SPEAKER,Constance
OWT_C02530,OWT_T00551,SEPARATE_SAME_SPEAKER,CONSERVATIVE_NO_AUTOMATIC_MERGE,Constance
OWT_C02537,OWT_T00552,SEPARATE_SAME_SPEAKER,CONSERVATIVE_NO_AUTOMATIC_MERGE,Constance
OWT_C02539,OWT_T00553,START_NEW_TURN,NEW_EXPLICIT_SPEAKER,Amy
OWT_C02543,OWT_T00554,START_NEW_TURN,NEW_EXPLICIT_SPEAKER,Constance
OWT_C02544,OWT_T00555,START_NEW_TURN,NEW_EXPLICIT_SPEAKER,Sophia
OWT_C02549,OWT_T00556,START_NEW_TURN,NEW_EXPLICIT_SPEAKER,Constance
OWT_C02559,OWT_T00557,SEPARATE_REVIEW_TURN,UNKNOWN_OR_PRONOUN_ATTRIBUTION,Unknown
OWT_C02563,OWT_T00558,START_NEW_TURN,NEW_EXPLICIT_SPEAKER,Cyril
OWT_C02564,OWT_T00559,START_NEW_TURN,NEW_EXPLICIT_SPEAKER,Sophia
OWT_C02566,OWT_T00560,START_NEW_TURN,NEW_EXPLICIT_SPEAKER,Cyril
OWT_C02573,OWT_T00561,START_NEW_TURN,NEW_EXPLICIT_SPEAKER,Sophia
OWT_C02582,OWT_T00562,SEPARATE_REVIEW_TURN,UNKNOWN_OR_PRONOUN_ATTRIBUTION,Unknown
OWT_C02588,OWT_T00563,START_NEW_TURN,NEW_EXPLICIT_SPEAKER,Constance
OWT_C02590,OWT_T00564,START_NEW_TURN,NEW_EXPLICIT_SPEAKER,Cyril
OWT_C02593,OWT_T00565,START_NEW_TURN,NEW_EXPLICIT_SPEAKER,Sophia
OWT_C02595,OWT_T00566,SEPARATE_SAME_SPEAKER,CONSERVATIVE_NO_AUTOMATIC_MERGE,Sophia
OWT_C02614,OWT_T00567,SEPARATE_SAME_SPEAKER,CONSERVATIVE_NO_AUTOMATIC_MERGE,Sophia
OWT_C02617,OWT_T00568,SEPARATE_SAME_SPEAKER,CONSERVATIVE_NO_AUTOMATIC_MERGE,Sophia
OWT_C02621,OWT_T00569,SEPARATE_SAME_SPEAKER,CONSERVATIVE_NO_AUTOMATIC_MERGE,Sophia
OWT_C02623,OWT_T00570,SEPARATE_SAME_SPEAKER,CONSERVATIVE_NO_AUTOMATIC_MERGE,Sophia
OWT_C02630,OWT_T00571,SEPARATE_SAME_SPEAKER,CONSERVATIVE_NO_AUTOMATIC_MERGE,Sophia
OWT_C02632,OWT_T00572,SEPARATE_SAME_SPEAKER,CONSERVATIVE_NO_AUTOMATIC_MERGE,Sophia
OWT_C02633,OWT_T00573,START_NEW_TURN,NEW_EXPLICIT_SPEAKER,Constance
OWT_C02634,OWT_T00574,SEPARATE_SAME_SPEAKER,CONSERVATIVE_NO_AUTOMATIC_MERGE,Constance
OWT_C02636,OWT_T00575,SEPARATE_SAME_SPEAKER,CONSERVATIVE_NO_AUTOMATIC_MERGE,Constance
OWT_C02638,OWT_T00576,SEPARATE_SAME_SPEAKER,CONSERVATIVE_NO_AUTOMATIC_MERGE,Constance
OWT_C02639,OWT_T00577,START_NEW_TURN,NEW_EXPLICIT_SPEAKER,Sophia
OWT_C02640,OWT_T00578,START_NEW_TURN,NEW_EXPLICIT_SPEAKER,Constance
OWT_C02641,OWT_T00579,START_NEW_TURN,NEW_EXPLICIT_SPEAKER,Sophia
OWT_C02642,OWT_T00580,START_NEW_TURN,NEW_EXPLICIT_SPEAKER,Constance
OWT_C02644,OWT_T00581,SEPARATE_REVIEW_TURN,UNKNOWN_OR_PRONOUN_ATTRIBUTION,Unknown
OWT_C02646,OWT_T00582,START_NEW_TURN,NEW_EXPLICIT_SPEAKER,Constance
OWT_C02648,OWT_T00583,SEPARATE_SAME_SPEAKER,CONSERVATIVE_NO_AUTOMATIC_MERGE,Constance
OWT_C02651,OWT_T00584,START_NEW_TURN,NEW_EXPLICIT_SPEAKER,Sophia
OWT_C02655,OWT_T00585,SEPARATE_SAME_SPEAKER,CONSERVATIVE_NO_AUTOMATIC_MERGE,Sophia
OWT_C02659,OWT_T00586,SEPARATE_SAME_SPEAKER,CONSERVATIVE_NO_AUTOMATIC_MERGE,Sophia
OWT_C02664,OWT_T00587,START_NEW_TURN,NEW_EXPLICIT_SPEAKER,Constance
OWT_C02665,OWT_T00588,START_NEW_TURN,NEW_EXPLICIT_SPEAKER,Sophia
OWT_C02671,OWT_T00589,START_NEW_TURN,NEW_EXPLICIT_SPEAKER,Constance
OWT_C02672,OWT_T00590,START_NEW_TURN,NEW_EXPLICIT_SPEAKER,Sophia
OWT_C02674,OWT_T00591,START_NEW_TURN,NEW_EXPLICIT_SPEAKER,Constance
OWT_C02675,OWT_T00592,START_NEW_TURN,NEW_EXPLICIT_SPEAKER,Sophia
OWT_C02677,OWT_T00593,SEPARATE_SAME_SPEAKER,CONSERVATIVE_NO_AUTOMATIC_MERGE,Sophia
OWT_C02680,OWT_T00594,SEPARATE_SAME_SPEAKER,CONSERVATIVE_NO_AUTOMATIC_MERGE,Sophia
OWT_C02682,OWT_T00595,START_NEW_TURN,NEW_EXPLICIT_SPEAKER,Constance
OWT_C02684,OWT_T00596,START_NEW_TURN,NEW_EXPLICIT_SPEAKER,Sophia
OWT_C02686,OWT_T00597,SEPARATE_SAME_SPEAKER,CONSERVATIVE_NO_AUTOMATIC_MERGE,Sophia
OWT_C02688,OWT_T00598,SEPARATE_SAME_SPEAKER,CONSERVATIVE_NO_AUTOMATIC_MERGE,Sophia
OWT_C02689,OWT_T00599,SEPARATE_SAME_SPEAKER,CONSERVATIVE_NO_AUTOMATIC_MERGE,Sophia
OWT_C02692,OWT_T00600,SEPARATE_SAME_SPEAKER,CONSERVATIVE_NO_AUTOMATIC_MERGE,Sophia
OWT_C02693,OWT_T00601,START_NEW_TURN,NEW_EXPLICIT_SPEAKER,Maud
OWT_C02697,OWT_T00602,SEPARATE_REVIEW_TURN,UNKNOWN_OR_PRONOUN_ATTRIBUTION,Unknown
OWT_C02700,OWT_T00603,START_NEW_TURN,NEW_EXPLICIT_SPEAKER,Sophia
OWT_C02701,OWT_T00604,SEPARATE_SAME_SPEAKER,CONSERVATIVE_NO_AUTOMATIC_MERGE,Sophia
OWT_C02704,OWT_T00605,START_NEW_TURN,NEW_EXPLICIT_SPEAKER,Mrs. Povey
OWT_C02706,OWT_T00606,START_NEW_TURN,NEW_EXPLICIT_SPEAKER,Constance
OWT_C02708,OWT_T00607,START_NEW_TURN,NEW_EXPLICIT_SPEAKER,Sophia
OWT_C02711,OWT_T00608,SEPARATE_SAME_SPEAKER,CONSERVATIVE_NO_AUTOMATIC_MERGE,Sophia
OWT_C02715,OWT_T00609,SEPARATE_REVIEW_TURN,UNKNOWN_OR_PRONOUN_ATTRIBUTION,Unknown
OWT_C02718,OWT_T00610,START_NEW_TURN,NEW_EXPLICIT_SPEAKER,Dr. Stirling
OWT_C02719,OWT_T00611,START_NEW_TURN,NEW_EXPLICIT_SPEAKER,Constance
OWT_C02722,OWT_T00612,SEPARATE_SAME_SPEAKER,CONSERVATIVE_NO_AUTOMATIC_MERGE,Constance
OWT_C02724,OWT_T00613,SEPARATE_SAME_SPEAKER,CONSERVATIVE_NO_AUTOMATIC_MERGE,Constance
OWT_C02726,OWT_T00614,START_NEW_TURN,NEW_EXPLICIT_SPEAKER,the doctor
OWT_C02737,OWT_T00615,START_NEW_TURN,NEW_EXPLICIT_SPEAKER,Sophia
OWT_C02745,OWT_T00616,SEPARATE_REVIEW_TURN,UNKNOWN_OR_PRONOUN_ATTRIBUTION,Unknown
OWT_C02747,OWT_T00617,START_NEW_TURN,NEW_EXPLICIT_SPEAKER,Sophia
OWT_C02749,OWT_T00618,START_NEW_TURN,NEW_EXPLICIT_SPEAKER,Dick
OWT_C02750,OWT_T00619,START_NEW_TURN,NEW_EXPLICIT_SPEAKER,Sophia
OWT_C02751,OWT_T00620,START_NEW_TURN,NEW_EXPLICIT_SPEAKER,Dick
OWT_C02753,OWT_T00621,SEPARATE_SAME_SPEAKER,CONSERVATIVE_NO_AUTOMATIC_MERGE,Dick
OWT_C02764,OWT_T00622,SEPARATE_REVIEW_TURN,UNKNOWN_OR_PRONOUN_ATTRIBUTION,Unknown
OWT_C02771,OWT_T00623,START_NEW_TURN,NEW_EXPLICIT_SPEAKER,Sophia
OWT_C02772,OWT_T00624,START_NEW_TURN,NEW_EXPLICIT_SPEAKER,Mr. Till Boldero
OWT_C02775,OWT_T00625,START_NEW_TURN,NEW_EXPLICIT_SPEAKER,Sophia
OWT_C02776,OWT_T00626,START_NEW_TURN,NEW_EXPLICIT_SPEAKER,Mr. Boldero
OWT_C02778,OWT_T00627,START_NEW_TURN,NEW_EXPLICIT_SPEAKER,Sophia
OWT_C02780,OWT_T00628,SEPARATE_SAME_SPEAKER,CONSERVATIVE_NO_AUTOMATIC_MERGE,Sophia
OWT_C02785,OWT_T00629,SEPARATE_SAME_SPEAKER,CONSERVATIVE_NO_AUTOMATIC_MERGE,Sophia
OWT_C02787,OWT_T00630,START_NEW_TURN,NEW_EXPLICIT_SPEAKER,Mr. Boldero
OWT_C02789,OWT_T00631,START_NEW_TURN,NEW_EXPLICIT_SPEAKER,Sophia
OWT_C02800,OWT_T00632,START_NEW_TURN,NEW_EXPLICIT_SPEAKER,Mr. Boldero
OWT_C02801,OWT_T00633,START_NEW_TURN,NEW_EXPLICIT_SPEAKER,Sophia
OWT_C02804,OWT_T00634,START_NEW_TURN,NEW_EXPLICIT_SPEAKER,Mr. Boldero
OWT_C02805,OWT_T00635,SEPARATE_SAME_SPEAKER,CONSERVATIVE_NO_AUTOMATIC_MERGE,Mr. Boldero
OWT_C02812,OWT_T00636,START_NEW_TURN,NEW_EXPLICIT_SPEAKER,Dick
OWT_C02814,OWT_T00637,START_NEW_TURN,NEW_EXPLICIT_SPEAKER,Lily
OWT_C02823,OWT_T00638,START_NEW_TURN,NEW_EXPLICIT_SPEAKER,Constance
OWT_C02824,OWT_T00639,START_NEW_TURN,NEW_EXPLICIT_SPEAKER,Lily
OWT_C02825,OWT_T00640,START_NEW_TURN,NEW_EXPLICIT_SPEAKER,Constance
OWT_C02827,OWT_T00641,START_NEW_TURN,NEW_EXPLICIT_SPEAKER,Lily
OWT_C02829,OWT_T00642,START_NEW_TURN,NEW_EXPLICIT_SPEAKER,Constance
OWT_C02831,OWT_T00643,START_NEW_TURN,NEW_EXPLICIT_SPEAKER,Lily
OWT_C02832,OWT_T00644,START_NEW_TURN,NEW_EXPLICIT_SPEAKER,Constance
OWT_C02834,OWT_T00645,SEPARATE_SAME_SPEAKER,CONSERVATIVE_NO_AUTOMATIC_MERGE,Constance
OWT_C02836,OWT_T00646,SEPARATE_SAME_SPEAKER,CONSERVATIVE_NO_AUTOMATIC_MERGE,Constance
OWT_C02837,OWT_T00647,START_NEW_TURN,NEW_EXPLICIT_SPEAKER,Lily
OWT_C02838,OWT_T00648,START_NEW_TURN,NEW_EXPLICIT_SPEAKER,Constance
OWT_C02840,OWT_T00649,SEPARATE_SAME_SPEAKER,CONSERVATIVE_NO_AUTOMATIC_MERGE,Constance
OWT_C02841,OWT_T00650,SEPARATE_SAME_SPEAKER,CONSERVATIVE_NO_AUTOMATIC_MERGE,Constance
OWT_C02842,OWT_T00651,START_NEW_TURN,NEW_EXPLICIT_SPEAKER,Lily
OWT_C02843,OWT_T00652,SEPARATE_SAME_SPEAKER,CONSERVATIVE_NO_AUTOMATIC_MERGE,Lily
OWT_C02845,OWT_T00653,START_NEW_TURN,NEW_EXPLICIT_SPEAKER,Constance
OWT_C02846,OWT_T00654,START_NEW_TURN,NEW_EXPLICIT_SPEAKER,Lily
OWT_C02849,OWT_T00655,START_NEW_TURN,NEW_EXPLICIT_SPEAKER,Constance
OWT_C02851,OWT_T00656,START_NEW_TURN,NEW_EXPLICIT_SPEAKER,Lily
OWT_C02859,OWT_T00657,START_NEW_TURN,NEW_EXPLICIT_SPEAKER,Constance
OWT_C02860,OWT_T00658,START_NEW_TURN,NEW_EXPLICIT_SPEAKER,Dick
OWT_C02861,OWT_T00659,START_NEW_TURN,NEW_EXPLICIT_SPEAKER,Constance
OWT_C02870,OWT_T00660,START_NEW_TURN,NEW_EXPLICIT_SPEAKER,Dick
OWT_C02874,OWT_T00661,START_NEW_TURN,NEW_EXPLICIT_SPEAKER,Lily
OWT_C02875,OWT_T00662,START_NEW_TURN,NEW_EXPLICIT_SPEAKER,Dick
OWT_C02880,OWT_T00663,SEPARATE_SAME_SPEAKER,CONSERVATIVE_NO_AUTOMATIC_MERGE,Dick
OWT_C02881,OWT_T00664,START_NEW_TURN,NEW_EXPLICIT_SPEAKER,Lily
OWT_C02882,OWT_T00665,START_NEW_TURN,NEW_EXPLICIT_SPEAKER,Dick
OWT_C02883,OWT_T00666,START_NEW_TURN,NEW_EXPLICIT_SPEAKER,Lily
OWT_C02885,OWT_T00667,SEPARATE_SAME_SPEAKER,CONSERVATIVE_NO_AUTOMATIC_MERGE,Lily
OWT_C02886,OWT_T00668,START_NEW_TURN,NEW_EXPLICIT_SPEAKER,Dick
OWT_C02888,OWT_T00669,SEPARATE_SAME_SPEAKER,CONSERVATIVE_NO_AUTOMATIC_MERGE,Dick
OWT_C02890,OWT_T00670,START_NEW_TURN,NEW_EXPLICIT_SPEAKER,Constance
OWT_C02895,OWT_T00671,START_NEW_TURN,NEW_EXPLICIT_SPEAKER,Dick Povey
OWT_C02904,OWT_T00672,START_NEW_TURN,NEW_EXPLICIT_SPEAKER,Constance
OWT_C02906,OWT_T00673,START_NEW_TURN,NEW_EXPLICIT_SPEAKER,Lily
OWT_C02907,OWT_T00674,START_NEW_TURN,NEW_EXPLICIT_SPEAKER,Constance
OWT_C02909,OWT_T00675,START_NEW_TURN,NEW_EXPLICIT_SPEAKER,Lily
OWT_C02910,OWT_T00676,START_NEW_TURN,NEW_EXPLICIT_SPEAKER,Constance
OWT_C02911,OWT_T00677,SEPARATE_REVIEW_TURN,UNKNOWN_OR_PRONOUN_ATTRIBUTION,Unknown
OWT_C02912,OWT_T00678,START_NEW_TURN,NEW_EXPLICIT_SPEAKER,Constance
OWT_C02914,OWT_T00679,SEPARATE_SAME_SPEAKER,CONSERVATIVE_NO_AUTOMATIC_MERGE,Constance
